env_reset_duration_sec,env_step_duration_sec,episode_duration,episode_length,episode_return,evaluator_episodes,evaluator_steps,select_action_duration_sec,steps_per_second
0.011604070663452148,0.007634502410888672,10.20591950416565,1000,13.1444,1,1000,0.002535865306854248,97.98821689486446
0.0011992454528808594,0.0019766385555267333,3.0667312145233154,1000,18.30064,4,4000,0.0010607635974884033,326.1447500294123
0.0016715526580810547,0.0022147886753082274,3.2655951976776123,1000,6.3151765,8,8000,0.0010207362174987794,306.28062721200337
0.002388477325439453,0.0016119606494903564,2.5230979919433594,1000,6.5929136,12,12000,0.0008828155994415283,396.4363016327001
0.0010480880737304688,0.001645263671875,2.591801166534424,1000,20.90711,17,17000,0.0009179799556732177,385.9152433661479
0.0015916824340820312,0.0015676698684692382,2.476888418197632,1000,25.194786,21,21000,0.0008824381828308105,403.83148026245794
0.0010790824890136719,0.0016580009460449218,2.6202352046966553,1000,938.61365,25,25000,0.0009336001873016357,381.7234172891065
0.0016808509826660156,0.0014925377368927002,2.3713207244873047,1000,20.764336,30,30000,0.0008514752388000488,421.81245932027343
0.0014028549194335938,0.001431356430053711,2.3763175010681152,1000,978.0504,34,34000,0.000918053150177002,420.92518953306984
0.0015015602111816406,0.001965853214263916,3.0159852504730225,1000,7.194683,38,38000,0.0010211939811706544,331.6406180814376
0.0016093254089355469,0.0021938016414642333,3.370047092437744,1000,110.74022,41,41000,0.0011429631710052491,296.79825726807593
0.001768350601196289,0.0023178138732910156,3.5360071659088135,1000,82.07499,45,45000,0.0011835944652557372,282.8644961458628
0.0012161731719970703,0.0022328522205352784,3.3985328674316406,1000,12.996807,48,48000,0.0011339714527130126,294.2974287959196
0.0011310577392578125,0.0015552659034729003,2.5544583797454834,1000,962.2958,52,52000,0.0009688847064971924,391.5559252382166
0.0025796890258789062,0.0019173128604888915,2.980862855911255,1000,5.395488,56,56000,0.001032482862472534,335.5422262165084
0.0014657974243164062,0.0016551756858825685,2.6134908199310303,1000,9.174268,60,60000,0.0009316060543060302,382.7194874959988
0.0018277168273925781,0.001850106954574585,2.8314967155456543,1000,6.849551,64,64000,0.000950883150100708,353.2553268920425
0.0013608932495117188,0.0020896925926208497,3.145005702972412,1000,32.58633,68,68000,0.001026313066482544,318.0203312024331
0.001934051513671875,0.001442129135131836,2.4264535903930664,1000,1000.0,72,72000,0.0009553060531616211,412.2431063382354
0.0018188953399658203,0.0017062270641326905,2.714731454849243,1000,14.370785,76,76000,0.0009799537658691407,368.4389309299106
0.0010714530944824219,0.0019385874271392821,3.137502670288086,1000,42.79078,80,80000,0.001168799638748169,318.7924403479891
0.0015392303466796875,0.0020476224422454835,3.198638916015625,1000,28.529202,84,84000,0.0011187744140625,312.69327110338355
0.0015573501586914062,0.0020189199447631836,3.1768412590026855,1000,61.31026,88,88000,0.0011275124549865723,314.8413596798069
0.0012760162353515625,0.00214313006401062,3.3029754161834717,1000,60.08149,92,92000,0.001129192590713501,302.83263002411945
0.0012845993041992188,0.0019427328109741212,3.0123372077941895,1000,4.3045444,96,96000,0.001040956974029541,332.0383930158245
0.002312898635864258,0.002009721517562866,3.0973875522613525,1000,866.8542,100,100000,0.0010564842224121095,322.91675087377143
0.0012249946594238281,0.0018612334728240966,2.905832529067993,1000,9.072855,104,104000,0.001015864372253418,344.2626476163304
0.0017366409301757812,0.0017952251434326172,2.7921273708343506,1000,14.821074,108,108000,0.0009644136428833008,358.2359601155291
0.0016374588012695312,0.0017335169315338135,2.726534128189087,1000,34.68382,112,112000,0.0009642529487609863,366.8630679197652
0.001978635787963867,0.0019125704765319824,2.938403844833374,1000,630.9344,116,116000,0.00099513840675354,340.4118831333998
0.002144336700439453,0.0017198119163513183,2.7054524421691895,1000,20.064274,120,120000,0.0009572031497955322,369.7211672328438
0.005573749542236328,0.001936028003692627,3.0347506999969482,1000,23.090595,124,124000,0.0010627312660217284,329.59088037684734
0.0016176700592041016,0.00209176230430603,3.2811686992645264,1000,708.56775,128,128000,0.0011571664810180664,304.82629176767756
0.0013196468353271484,0.002178877353668213,3.3433611392974854,1000,10.637828,131,131000,0.00113232421875,299.16877195412593
0.0017485618591308594,0.0022950305938720704,3.504220485687256,1000,9.792422,134,134000,0.0011744921207427978,285.42287567270944
0.002439260482788086,0.002201242446899414,3.3636324405670166,1000,39.76787,138,138000,0.0011277701854705811,297.3639961406454
0.002389192581176758,0.0022201032638549806,3.462263822555542,1000,14.951361,141,141000,0.0012087597846984863,288.88136012071806
0.0013561248779296875,0.0019634835720062256,3.1086487770080566,1000,130.54869,145,145000,0.0011142618656158447,321.75335350244643
0.0014390945434570312,0.001704493761062622,2.6839427947998047,1000,13.835211,149,149000,0.0009508304595947266,372.66516959834155
0.0015704631805419922,0.0019292516708374024,3.00343918800354,1000,16.230005,153,153000,0.0010415079593658447,333.02280453319645
0.0029556751251220703,0.002169795751571655,3.3524301052093506,1000,36.407734,157,157000,0.001149005889892578,298.3489425242617
0.0017361640930175781,0.002097695827484131,3.2681446075439453,1000,612.0554,161,161000,0.0011377358436584473,306.0588547777914
0.0012674331665039062,0.0016373517513275147,2.607532024383545,1000,13.646284,165,165000,0.0009435966014862061,383.60769416994236
0.0012142658233642578,0.0015314362049102784,2.432891607284546,1000,11.821831,169,169000,0.0008744022846221924,411.1756782019848
0.001661062240600586,0.0018807790279388428,2.975423574447632,1000,5.1881695,173,173000,0.0010639772415161133,336.1541843674468
0.0012030601501464844,0.002303177356719971,3.4985179901123047,1000,997.68036,177,177000,0.0011640322208404542,285.9027703838195
0.0014352798461914062,0.002228636026382446,3.4420077800750732,1000,18.949898,180,180000,0.001179344415664673,290.58726242021555
0.0011017322540283203,0.0022661798000335695,3.5102832317352295,1000,15.482636,184,184000,0.0012093698978424073,284.98970061807165
0.0027141571044921875,0.0022730822563171386,3.5061724185943604,1000,13.560293,188,188000,0.0011981434822082519,285.2784994431895
0.001989126205444336,0.0020364115238189697,3.201045513153076,1000,756.55,191,191000,0.0011300301551818847,312.46251410691326
0.0012598037719726562,0.002073641061782837,3.237410306930542,1000,146.6845,194,194000,0.0011323506832122802,308.9570347342274
0.0012617111206054688,0.00241774582862854,3.6601762771606445,1000,5.399081,198,198000,0.0012098915576934815,273.262522598391
0.0017919540405273438,0.0022274332046508787,3.3330931663513184,1000,11.711063,202,202000,0.0010740666389465333,300.0866782690818
0.0026879310607910156,0.0022167699337005617,3.4284348487854004,1000,23.813568,205,205000,0.0011767001152038574,291.73395513465323
0.0023741722106933594,0.002128150224685669,3.299894094467163,1000,35.055527,208,208000,0.0011390166282653808,303.1120573341803
0.0017099380493164062,0.002150280475616455,3.2414026260375977,1000,6.2156277,212,212000,0.0010602056980133056,308.5776455010301
0.000993967056274414,0.00178344464302063,2.8831450939178467,1000,48.302425,216,216000,0.0010703170299530029,346.91984962271687
0.002117156982421875,0.0018439984321594238,2.9029924869537354,1000,16.698133,220,220000,0.0010297849178314208,344.5489270428221
0.0013718605041503906,0.0016960899829864503,2.6900792121887207,1000,5.3240137,224,224000,0.000964163064956665,372.20502626721566
0.0012729167938232422,0.0020570669174194336,3.123504161834717,1000,10.180397,228,228000,0.0010335311889648438,320.2197308547445
0.001840353012084961,0.0020071492195129392,3.1331958770751953,1000,128.59251,232,232000,0.0010963189601898194,319.2309299411962
0.0015668869018554688,0.001538468599319458,2.526498794555664,1000,995.3166,236,236000,0.0009612197875976563,395.8966782674046
0.0013780593872070312,0.0016231818199157716,2.7084217071533203,1000,588.66095,240,240000,0.0010570509433746338,369.31228540892516
0.0011477470397949219,0.0015869503021240234,2.595869779586792,1000,999.2449,244,244000,0.000979673147201538,385.30777466071214
0.0026731491088867188,0.0018377068042755127,2.884819984436035,1000,921.2945,248,248000,0.0010167629718780518,346.730999315599
0.002064943313598633,0.0018721818923950195,2.835242509841919,1000,308.45993,252,252000,0.0009333271980285644,352.7813286056996
0.0013232231140136719,0.0015652563571929932,2.4494338035583496,1000,11.0730715,256,256000,0.0008564538955688477,408.36823538220216
0.0014407634735107422,0.0018846769332885743,2.8756494522094727,1000,40.79387,261,261000,0.000962620735168457,347.8166550307734
0.0025522708892822266,0.0016076793670654296,2.623833656311035,1000,633.38293,265,265000,0.0009862492084503174,381.1996229723654
0.0026464462280273438,0.0017261860370635987,2.6547863483428955,1000,11.133756,269,269000,0.0008998756408691406,376.75471524563903
0.001936197280883789,0.0015574610233306885,2.4605627059936523,1000,5.6455154,273,273000,0.0008745396137237549,406.50870770808314
0.0013303756713867188,0.0017578964233398438,2.858062744140625,1000,760.6448,277,277000,0.0010684256553649902,349.98054135745895
0.002695322036743164,0.0021088125705718995,3.2254419326782227,1000,8.771194,281,281000,0.0010840673446655274,310.0872254875295
0.0014011859893798828,0.002229602575302124,3.4288721084594727,1000,8.973348,285,285000,0.0011668298244476318,291.6971104328057
0.0014035701751708984,0.0020733642578125,3.206381320953369,1000,7.661624,289,289000,0.001101505994796753,311.9397168500686
0.0014185905456542969,0.0021013081073760985,3.2091493606567383,1000,5.3691072,293,293000,0.0010763487815856933,311.67861471943826
0.0012819766998291016,0.001608964443206787,2.501725673675537,1000,12.981512,297,297000,0.0008654570579528808,399.8213231353557
0.00150299072265625,0.001595728874206543,2.5670394897460938,1000,594.7187,302,302000,0.0009444677829742432,389.63045013454
0.0013575553894042969,0.0015438215732574462,2.4587955474853516,1000,6.0271587,307,307000,0.0008872811794281006,406.81620912212924
0.0017306804656982422,0.0017876565456390382,2.8380815982818604,1000,987.3058,311,311000,0.0010210487842559814,352.4245539262073
0.0017011165618896484,0.0017913792133331299,2.7856192588806152,1000,12.023601,315,315000,0.0009658186435699463,359.08283159696464
0.0018444061279296875,0.0014372367858886718,2.354351043701172,1000,999.96985,320,320000,0.0008893303871154785,424.85425941742665
0.0010209083557128906,0.002184614896774292,3.308664321899414,1000,5.8048215,324,324000,0.0010945289134979249,302.28954399749017
0.0012011528015136719,0.0014533262252807617,2.3428971767425537,1000,27.9865,328,328000,0.000862358570098877,426.92693818568387
0.002030611038208008,0.0016167473793029785,2.668163537979126,1000,363.5276,332,332000,0.0010217132568359375,374.92765019729654
0.0008718967437744141,0.0014291782379150391,2.3748857975006104,1000,367.80325,337,337000,0.000920377492904663,421.1625996561257
0.001983642578125,0.0011146137714385987,1.9964990615844727,1000,976.40405,342,342000,0.0008573472499847412,501.02317667479707
0.0011303424835205078,0.0016072626113891601,2.5327348709106445,1000,9.046027,347,347000,0.0008983354568481445,394.9177375546609
0.001611948013305664,0.0014459197521209718,2.4313061237335205,1000,1000.0,351,351000,0.0009587864875793457,411.40205348702216
0.0008358955383300781,0.0015918049812316895,2.6168410778045654,1000,420.32263,356,356000,0.0009979548454284667,382.2285187239669
0.0007653236389160156,0.0016272137165069581,2.5974209308624268,1000,5.7530265,360,360000,0.0009445886611938476,385.08200899451117
0.0016047954559326172,0.001484687566757202,2.472019910812378,1000,579.0431,365,365000,0.00095951247215271,404.62239379214935
0.0019330978393554688,0.001655397653579712,2.6388022899627686,1000,8.769684,369,369000,0.0009550890922546387,379.0493960275719
0.0013294219970703125,0.0013159089088439942,2.156097650527954,1000,4.878409,374,374000,0.0008145031929016113,463.9231337074682
0.0009219646453857422,0.0016036207675933839,2.5716235637664795,1000,998.7009,379,379000,0.0009414889812469483,388.9462694002334
0.0012688636779785156,0.0015173122882843019,2.4429681301116943,1000,5.2621446,384,384000,0.0008987462520599365,409.4980653741564
0.0018236637115478516,0.001291006565093994,2.2121846675872803,1000,546.5718,389,389000,0.0008944280147552491,452.14030986075215
0.000934600830078125,0.0015930736064910889,2.6145570278167725,1000,868.3989,394,394000,0.0009932980537414552,382.5600992650526
0.001298666000366211,0.001903085708618164,3.0339322090148926,1000,575.27484,398,398000,0.0011014375686645508,329.6794543783902
0.0015270709991455078,0.001955630302429199,3.027946710586548,1000,16.624252,402,402000,0.0010420958995819092,330.3239334082454
0.0014846324920654297,0.002240976572036743,3.4615325927734375,1000,4.4231334,405,405000,0.0011879947185516357,288.9448044511084
0.0011780261993408203,0.002286858320236206,3.4938130378723145,1000,16.198235,408,408000,0.0011730027198791505,286.29250434202714
0.0029125213623046875,0.0019967565536499025,3.0468382835388184,1000,460.6381,412,412000,0.0010186703205108643,328.2763858653839
0.0017604827880859375,0.0022874755859375,3.4461963176727295,1000,12.602972,415,415000,0.0011258461475372314,290.22977072471986
0.0011277198791503906,0.002079143762588501,3.2047743797302246,1000,632.7484,419,419000,0.0010969884395599365,312.0961144692124
0.002092123031616211,0.0013448166847229003,2.262915849685669,1000,339.64368,423,423000,0.0008916454315185547,442.01618964555695
0.0026311874389648438,0.0021302926540374754,3.2289814949035645,1000,8.3757515,427,427000,0.0010666558742523193,309.7448305569708
0.001909494400024414,0.0016655426025390626,2.5736467838287354,1000,777.5735,431,431000,0.000880251169204712,388.64537253184295
0.0012998580932617188,0.0019609529972076417,3.0064330101013184,1000,10.165829,435,435000,0.0010161728858947754,332.6830857744585
0.0009424686431884766,0.0013507139682769776,2.294442892074585,1000,703.42737,440,440000,0.000919034719467163,435.9494397665792
0.001481771469116211,0.001922788143157959,2.9641380310058594,1000,15.669047,445,445000,0.001012105941772461,337.4358232559778
0.0016329288482666016,0.0014659547805786132,2.482776165008545,1000,1000.0,449,449000,0.0009889428615570068,402.87521013980887
0.0009548664093017578,0.0016123521327972411,2.6112868785858154,1000,542.4475,453,453000,0.0009690442085266113,383.0499617480096
0.001500844955444336,0.0014871931076049804,2.5028417110443115,1000,999.3444,457,457000,0.0009880497455596923,399.63637060051923
0.0010552406311035156,0.0015210397243499757,2.4724481105804443,1000,265.79022,462,462000,0.000924504280090332,404.59296450904213
0.001401662826538086,0.0016661388874053954,2.6585023403167725,1000,935.9915,466,466000,0.0009654819965362549,376.23126301834907
0.0020842552185058594,0.0015709035396575927,2.5055251121520996,1000,7.9456167,470,470000,0.0009065384864807128,399.2141552564004
0.0018939971923828125,0.0015988833904266358,2.4664292335510254,1000,4.9651766,474,474000,0.0008403122425079346,405.5478482769237
0.0010654926300048828,0.0019137375354766845,3.096477508544922,1000,775.16705,478,478000,0.0011521408557891846,323.01684802766067
0.0014035701751708984,0.0016536064147949219,2.7135415077209473,1000,345.4329,482,482000,0.0010324411392211915,368.60678579284655
0.0010614395141601562,0.0020128962993621827,3.1955270767211914,1000,820.3275,486,486000,0.001151918649673462,312.9992354685861
0.0016028881072998047,0.0018168585300445557,2.886583089828491,1000,967.13257,490,490000,0.0010391390323638916,346.503877274149
0.002264261245727539,0.0020857014656066896,3.299638271331787,1000,403.10956,494,494000,0.0011809544563293457,303.1197243356999
0.001598358154296875,0.002102154731750488,3.1926255226135254,1000,997.6115,498,498000,0.0010602586269378661,313.27722636650003
0.0011439323425292969,0.0016667838096618651,2.619481325149536,1000,7.3706517,502,502000,0.0009255867004394531,381.86347340018403
0.0025489330291748047,0.0020085980892181397,3.135727643966675,1000,9.134644,506,506000,0.0010935015678405762,318.9745369690854
0.002921581268310547,0.0023650381565093995,3.5557007789611816,1000,9.24836,510,510000,0.0011562445163726806,281.28398643738075
0.0016083717346191406,0.0021270387172698975,3.278646469116211,1000,998.36334,513,513000,0.0011204793453216553,305.0887944803443
0.0019423961639404297,0.0019058499336242676,3.0639469623565674,1000,974.8081,516,516000,0.0011250193119049072,326.45152211583786
0.001817464828491211,0.002122697591781616,3.3253073692321777,1000,219.66064,520,520000,0.001170511245727539,300.7783168463449
0.00176239013671875,0.00221978759765625,3.4134387969970703,1000,7.2260003,523,523000,0.0011604330539703369,293.00689207886666
0.0023462772369384766,0.002081822156906128,3.3177998065948486,1000,950.0659,527,527000,0.0012009923458099366,301.46153686372344
0.0015401840209960938,0.0021406707763671875,3.347135305404663,1000,9.400652,531,531000,0.0011746854782104493,298.8164974362705
0.001615762710571289,0.002242750883102417,3.448336362838745,1000,5.820444,535,535000,0.0011721067428588866,290.0593880176673
0.001756429672241211,0.002040693998336792,3.2171990871429443,1000,655.13654,538,538000,0.0011442010402679444,310.8866096966614
0.0013120174407958984,0.0013680124282836913,2.3166918754577637,1000,319.06915,542,542000,0.0009203305244445801,431.73990924854905
0.0022928714752197266,0.001398082971572876,2.338961601257324,1000,248.15407,547,547000,0.0009099192619323731,427.64555667279575
0.002048492431640625,0.0017797279357910157,2.8198328018188477,1000,264.75262,551,551000,0.0010113203525543213,354.7073415630635
0.0013427734375,0.0015727980136871337,2.5167083740234375,1000,964.9153,556,556000,0.0009167723655700684,397.43755688943224
0.0012204647064208984,0.0016640608310699463,2.5903849601745605,1000,9.705262,560,560000,0.0008990311622619629,386.1285145827058
0.0011565685272216797,0.0015687592029571533,2.486590623855591,1000,982.625,565,565000,0.0008911981582641602,402.24785974862004
0.002164125442504883,0.0018358538150787353,2.9095635414123535,1000,510.6917,570,570000,0.00104352068901062,343.76720401875224
0.0018396377563476562,0.001765320062637329,2.7433531284332275,1000,26.262976,574,574000,0.0009499521255493164,364.59162656145213
0.0016925334930419922,0.002135117292404175,3.209204912185669,1000,974.907,579,579000,0.001043649435043335,311.67495535137726
0.0013811588287353516,0.0014589004516601563,2.4151175022125244,1000,975.50745,583,583000,0.0009286329746246338,414.16033399797595
0.0019481182098388672,0.001804358720779419,2.9349842071533203,1000,16.128727,587,587000,0.0011001300811767578,340.79285716142886
0.002368927001953125,0.0014477920532226561,2.42510986328125,1000,646.81366,592,592000,0.0009483973979949952,412.4544344144186
0.0009489059448242188,0.0012093803882598877,2.086618661880493,1000,408.60925,597,597000,0.000851696491241455,479.3715453377296
0.001753091812133789,0.0013694143295288085,2.326392650604248,1000,278.50134,602,602000,0.000929858922958374,429.95977081955425
0.0007889270782470703,0.001431004285812378,2.419934034347534,1000,989.35925,607,607000,0.000962031364440918,413.332464813362
0.0012447834014892578,0.0016773521900177002,2.688877582550049,1000,681.0283,612,612000,0.0009831838607788086,371.9741928572119
0.0015590190887451172,0.0014515318870544434,2.491093397140503,1000,458.50595,617,617000,0.0010122451782226562,401.5279549080602
0.0011670589447021484,0.0013328537940979004,2.249342679977417,1000,959.05286,622,622000,0.0008906478881835938,444.68716341429257
0.0012755393981933594,0.0016950092315673828,2.725165605545044,1000,361.10965,626,626000,0.0010020844936370849,367.0371016636584
0.001996755599975586,0.002030343770980835,3.2262957096099854,1000,810.0777,630,630000,0.0011647353172302246,310.05206264667544
0.0020678043365478516,0.0016904516220092774,2.741164445877075,1000,343.36224,634,634000,0.0010212674140930177,364.889904583073
0.0015482902526855469,0.0017567331790924073,2.8090133666992188,1000,262.18994,638,638000,0.00102126145362854,356.0883986080788
0.0015113353729248047,0.0020143203735351564,3.181957483291626,1000,601.6615,642,642000,0.0011355597972869873,314.33309743822105
0.0014405250549316406,0.0021130733489990233,3.270094871520996,1000,9.074808,645,645000,0.001124678611755371,305.84973613804095
0.0013549327850341797,0.0020414495468139646,3.251326322555542,1000,673.9088,649,649000,0.001177811861038208,307.6365193971524
0.0025479793548583984,0.001726757764816284,2.853191614151001,1000,634.3647,653,653000,0.0010962109565734862,350.5637030216836
0.002196073532104492,0.0017668983936309814,2.901097059249878,1000,975.22754,657,657000,0.0011017205715179443,344.78230679800765
0.0019295215606689453,0.0020638792514801026,3.087925910949707,1000,9.280263,661,661000,0.00099421763420105,323.91169234913326
0.0010509490966796875,0.0017382404804229736,2.8078010082244873,1000,588.1738,665,665000,0.0010414652824401855,356.24173692036135
0.0009665489196777344,0.0013831589221954346,2.3145389556884766,1000,983.5534,669,669000,0.000905522346496582,432.1501341896855
0.0014655590057373047,0.002096672296524048,3.2297582626342773,1000,960.2122,673,673000,0.0011024858951568604,309.6968476637488
0.0011320114135742188,0.001665930986404419,2.710124969482422,1000,978.42926,677,677000,0.0010169916152954102,369.0807054298273
0.0025670528411865234,0.0018514580726623536,2.9930968284606934,1000,609.20996,681,681000,0.0011085371971130372,334.18131472252014
0.0016884803771972656,0.0016149983406066894,2.620901584625244,1000,997.5364,685,685000,0.000978618860244751,381.6239460495276
0.0023012161254882812,0.0016248276233673095,2.672476053237915,1000,711.39136,690,690000,0.0010176987648010253,374.2795596064371
0.0016300678253173828,0.0017302169799804687,2.7682533264160156,1000,714.1835,694,694000,0.0010097215175628661,361.3161948288666
0.001336812973022461,0.001829843521118164,2.9438271522521973,1000,660.1532,698,698000,0.0010846247673034668,339.7665857707092
0.0017523765563964844,0.0017836771011352538,2.8551454544067383,1000,981.06805,702,702000,0.0010430009365081786,350.31576246537605
0.0020151138305664062,0.0014522459506988526,2.4471170902252197,1000,148.16379,706,706000,0.0009685218334197998,408.7610419123173
0.0015223026275634766,0.0016220755577087402,2.6395912170410156,1000,772.85034,710,710000,0.0009889051914215088,378.94001517999203
0.0013020038604736328,0.001712627649307251,2.765033483505249,1000,982.41504,715,715000,0.0010243034362792968,361.7512909850505
0.0017218589782714844,0.001943115472793579,3.0650441646575928,1000,779.34973,719,719000,0.0010918145179748535,326.3306482640102
0.0020782947540283203,0.0018517582416534425,2.8157036304473877,1000,989.28125,723,723000,0.0009346630573272705,355.2299112734891
0.0011315345764160156,0.0016149172782897949,2.6805663108825684,1000,340.4798,727,727000,0.0010365126132965087,373.15307508694264
0.0023293495178222656,0.0018169474601745605,2.902482271194458,1000,743.52075,731,731000,0.0010545241832733154,344.62425942787974
0.002402067184448242,0.0019604928493499756,3.0866622924804688,1000,466.59503,735,735000,0.0010938153266906738,324.0437231084063
0.0009713172912597656,0.0018949081897735595,2.978909492492676,1000,560.6643,739,739000,0.0010544204711914063,335.7731830015338
0.0012760162353515625,0.0016075620651245118,2.63442325592041,1000,435.8954,743,743000,0.000998060941696167,379.70271269505656
0.0013115406036376953,0.0018386311531066895,2.94789457321167,1000,329.0485,747,747000,0.0010777873992919922,339.29793230938685
0.0016884803771972656,0.0015771214962005614,2.565429210662842,1000,322.25336,751,751000,0.0009591495990753174,389.8962648060834
0.0022580623626708984,0.0016741631031036376,2.747875690460205,1000,407.00684,755,755000,0.001039797067642212,364.0121050854724
0.001749277114868164,0.0017349038124084473,2.915370464324951,1000,560.88556,759,759000,0.0011497783660888673,343.1011362499506
0.0016019344329833984,0.0021537706851959227,3.2054336071014404,1000,11.106599,763,763000,0.0010204472541809082,312.0347947887568
0.0015914440155029297,0.0018577888011932374,3.001742362976074,1000,479.63586,767,767000,0.0011121256351470947,333.21369016550636
0.0017139911651611328,0.0021001985073089598,3.3364505767822266,1000,128.18538,771,771000,0.0012027134895324708,299.7738636720995
0.0017170906066894531,0.0022760393619537353,3.4215567111968994,1000,968.2024,774,774000,0.0011133081912994384,292.3153264160306
0.0021359920501708984,0.0019309051036834717,3.107546091079712,1000,440.17697,778,778000,0.0011424570083618164,321.86453646770144
0.0013086795806884766,0.002453256368637085,3.5547890663146973,1000,980.94836,781,781000,0.0010703394412994384,281.35942429742886
0.0010561943054199219,0.0018533039093017577,2.937592029571533,1000,428.4147,785,785000,0.0010548982620239259,340.4927142356959
0.0008289813995361328,0.0015447793006896973,2.5671439170837402,1000,584.4197,789,789000,0.000993703603744507,389.6379425969465
0.0014216899871826172,0.0019253108501434326,2.9608330726623535,1000,998.04565,793,793000,0.0010044867992401122,337.82131675202464
0.0011496543884277344,0.0015416836738586426,2.527348756790161,1000,589.8755,797,797000,0.0009591171741485596,395.7672393018017
0.0018680095672607422,0.0015458455085754395,2.5480387210845947,1000,386.6865,801,801000,0.0009733150005340576,392.5497326989975
0.0015423297882080078,0.0020332846641540527,3.23276948928833,1000,629.6061,805,805000,0.0011670782566070557,309.3894743799234
0.0011739730834960938,0.0018602848052978516,2.971132755279541,1000,760.99445,809,809000,0.0010810861587524415,336.6523641251871
0.0019116401672363281,0.0015728478431701661,2.6140525341033936,1000,614.3251,813,813000,0.0010118377208709717,382.6540196241486
0.0015676021575927734,0.0014724609851837157,2.4217255115509033,1000,994.75653,817,817000,0.0009228782653808593,413.0352512936451
0.0010595321655273438,0.001537240505218506,2.533705711364746,1000,675.40216,822,822000,0.0009693436622619629,394.7793137455789
0.0016751289367675781,0.001605332374572754,2.6397974491119385,1000,493.46442,826,826000,0.0010049455165863036,378.9073912301131
0.0026290416717529297,0.0016717376708984375,2.7476274967193604,1000,489.91336,830,830000,0.001046555757522583,364.02938651607553
0.002274751663208008,0.0016408193111419678,2.7039003372192383,1000,25.23771,834,834000,0.0010338535308837891,369.92859061160357
0.0012557506561279297,0.0012492949962615966,2.173356294631958,1000,546.8115,838,838000,0.0008979930877685547,460.2555758599072
0.0014607906341552734,0.0015352652072906493,2.525031328201294,1000,487.31528,842,842000,0.0009607796669006348,396.1397590088346
0.0021758079528808594,0.0016693356037139893,2.6906425952911377,1000,761.50104,846,846000,0.0009912934303283692,371.7453588819873
0.001645803451538086,0.0018048598766326905,2.891969919204712,1000,575.63806,850,850000,0.0010577969551086425,345.86321829033585
0.0016446113586425781,0.0015495913028717042,2.55633544921875,1000,333.77094,854,854000,0.0009772768020629883,391.28225862274525
0.0024771690368652344,0.00163908052444458,2.6631107330322266,1000,886.8108,858,858000,0.0009946484565734864,375.58138587366534
0.0012345314025878906,0.0013674728870391845,2.369164228439331,1000,989.09644,862,862000,0.0009755580425262451,422.2050046289199
0.0015299320220947266,0.0017665283679962158,2.82677960395813,1000,465.4442,866,866000,0.0010287961959838867,353.83970080525177
0.0011162757873535156,0.0016704883575439453,2.7057459354400635,1000,881.3031,870,870000,0.0010085701942443848,369.6931090902568
0.002112150192260742,0.0015967943668365478,2.567183256149292,1000,964.3145,874,874000,0.000941662073135376,389.62093114139606
0.0018925666809082031,0.001592505931854248,2.6037981510162354,1000,675.07983,878,878000,0.00098116135597229,384.1482994381071
0.0011188983917236328,0.0017347977161407471,2.8124747276306152,1000,855.92957,882,882000,0.0010487828254699706,355.6526958029749
0.0020895004272460938,0.0016485974788665772,2.657233476638794,1000,573.9623,886,886000,0.0009799048900604249,376.41484119298883
0.0013594627380371094,0.0015324935913085937,2.5337555408477783,1000,549.3142,890,890000,0.0009741001129150391,394.76133023608384
0.002638101577758789,0.0016665091514587401,2.723853826522827,1000,611.923,894,894000,0.0010235655307769776,367.2164767213535
0.0012862682342529297,0.0017239830493927001,2.7871205806732178,1000,564.9498,898,898000,0.0010340418815612794,358.8759048467667
0.002059459686279297,0.0013512346744537353,2.2973275184631348,1000,493.2077,902,902000,0.0009184982776641845,435.4051086528988
0.0025300979614257812,0.00164068865776062,2.7387638092041016,1000,282.8871,906,906000,0.0010657703876495361,365.21255153442587
0.0010733604431152344,0.0015442359447479248,2.5275115966796875,1000,236.12418,910,910000,0.0009563705921173096,395.7382998884484
0.0012357234954833984,0.0015058724880218507,2.478076457977295,1000,992.60077,914,914000,0.0009453794956207275,403.6812989087632
0.0015306472778320312,0.0017945351600646973,2.9031765460968018,1000,252.9191,918,918000,0.0010787649154663085,344.5271912382423
0.0011065006256103516,0.001730591058731079,2.8348934650421143,1000,44.356422,922,922000,0.0010742993354797364,352.8506864147778
0.0008642673492431641,0.001626528024673462,2.6353907585144043,1000,492.40173,926,926000,0.0009815273284912108,379.5350083000299
0.0008897781372070312,0.001695570945739746,2.7768826484680176,1000,401.95868,930,930000,0.0010507075786590576,360.2113945826381
0.0021810531616210938,0.002186960220336914,3.430431842803955,1000,935.766,933,933000,0.0012087175846099854,291.57242286282093
0.0008215904235839844,0.0013171706199645995,2.224414825439453,1000,679.2573,937,937000,0.0008822233676910401,449.6872948530833
0.001561880111694336,0.0015405349731445312,2.5681233406066895,1000,800.91327,941,941000,0.0009993181228637696,389.4803720391562
0.0015523433685302734,0.0014363129138946532,2.3897364139556885,1000,719.9275,945,945000,0.0009261059761047363,418.5613410875
0.001321554183959961,0.0015826592445373536,2.567876100540161,1000,525.527,949,949000,0.0009561944007873536,389.5160358648245
0.0012145042419433594,0.0017894737720489501,2.760115146636963,1000,739.0041,954,954000,0.0009422335624694825,362.37412321365053
0.002389192581176758,0.0015261282920837403,2.53169584274292,1000,72.81777,958,958000,0.0009757754802703858,395.08383289824513
0.0023272037506103516,0.0015248384475708009,2.537095785140991,1000,687.8981,962,962000,0.0009832959175109864,394.2409649086116
0.0014438629150390625,0.0015335266590118409,2.5252394676208496,1000,243.38255,967,967000,0.0009639036655426026,396.0892188154995
0.0025911331176757812,0.0015735166072845458,2.6011526584625244,1000,719.3847,972,972000,0.000997596263885498,384.5470595009062
0.0016512870788574219,0.0019365689754486084,3.096290349960327,1000,749.1498,976,976000,0.0011283302307128907,323.039512170213
0.0011827945709228516,0.0019491841793060302,3.1002731323242188,1000,494.89764,980,980000,0.0011185712814331054,322.63477352318944
0.0014128684997558594,0.0021150238513946533,3.326164484024048,1000,923.9351,984,984000,0.0011794261932373048,300.7095916539277
0.0012538433074951172,0.0019316792488098145,3.1025197505950928,1000,359.44684,988,988000,0.0011407086849212647,322.4146414527071
0.0028917789459228516,0.0022209086418151854,3.355954885482788,1000,4.010311,992,992000,0.0011005191802978516,298.04458833176767
0.002737283706665039,0.0020132317543029785,3.231884717941284,1000,999.8324,996,996000,0.0011829452514648437,309.4849448774509
0.002107858657836914,0.0018576672077178955,3.0333104133605957,1000,910.57263,1000,1000000,0.0011444132328033447,329.73585151295646
0.0016298294067382812,0.001908261775970459,3.050403118133545,1000,357.7026,1004,1004000,0.001110313653945923,327.9136897404541
0.0013203620910644531,0.001750697135925293,2.847569227218628,1000,617.7654,1008,1008000,0.0010672357082366943,351.26353164773116
0.0017561912536621094,0.0018085274696350098,2.92423415184021,1000,970.63324,1012,1012000,0.0010849177837371827,342.04358594881757
0.0015532970428466797,0.0021364176273345947,3.3769164085388184,1000,832.14404,1016,1016000,0.0012080903053283691,296.1887284559326
0.0018963813781738281,0.0018179080486297608,2.935398817062378,1000,889.946,1020,1020000,0.0010877020359039307,340.7615981551786
0.001859426498413086,0.001742497205734253,2.8371691703796387,1000,267.36496,1024,1024000,0.0010641064643859863,352.5476064475393
0.0019028186798095703,0.001487419366836548,2.484562397003174,1000,766.91724,1028,1028000,0.0009682071208953857,402.6163752005137
0.0017664432525634766,0.0020433669090270997,3.2773797512054443,1000,463.78635,1032,1032000,0.0011991631984710693,305.19601856481825
0.002332925796508789,0.002065612554550171,3.290842294692993,1000,959.56824,1036,1036000,0.001191732883453369,303.9404244581988
0.0014715194702148438,0.0017590396404266358,2.8870162963867188,1000,388.4968,1040,1040000,0.00109698224067688,346.46077231528056
0.0021674633026123047,0.0019894895553588866,3.0720605850219727,1000,693.98035,1044,1044000,0.0010515010356903075,325.5911041357242
0.003084421157836914,0.002113173007965088,3.2368273735046387,1000,987.044,1048,1048000,0.0010908589363098145,309.0008047878245
0.0018506050109863281,0.0021757431030273435,3.397132396697998,1000,8.765758,1052,1052000,0.0011869041919708252,294.4334076968328
0.0013730525970458984,0.002007915019989014,3.2162749767303467,1000,627.46924,1056,1056000,0.0011738231182098389,311.01316875497787
0.0013661384582519531,0.0017603425979614258,2.840179681777954,1000,565.90674,1060,1060000,0.001050612449645996,352.17879511690876
0.0012373924255371094,0.0018166370391845704,2.8314030170440674,1000,370.98376,1064,1064000,0.0009857759475708008,353.25303599567775
0.0010342597961425781,0.0016483216285705566,2.6916301250457764,1000,828.1802,1068,1068000,0.0010157885551452636,371.6159176883444
0.0026972293853759766,0.002050431251525879,3.3179433345794678,1000,670.6771,1072,1072000,0.001234384536743164,301.44992366193856
0.0014731884002685547,0.002193713665008545,3.3645920753479004,1000,990.4807,1076,1076000,0.0011389026641845704,297.262098413413
0.001758575439453125,0.002115933656692505,3.325984001159668,1000,706.8423,1080,1080000,0.0011776642799377441,300.7235842907478
0.0018663406372070312,0.002176037073135376,3.4239134788513184,1000,456.25806,1084,1084000,0.001214655637741089,292.1268602323041
0.002267599105834961,0.001679056167602539,2.772160053253174,1000,533.9474,1088,1088000,0.0010646955966949463,360.7919023314035
0.0012214183807373047,0.0016755783557891846,2.6913819313049316,1000,5.6489897,1092,1092000,0.0009888820648193358,371.63636537624393
0.001168966293334961,0.0017199409008026123,2.785637378692627,1000,982.7379,1096,1096000,0.001035515546798706,359.0753000124648
0.002053499221801758,0.002070045471191406,3.2892417907714844,1000,695.11646,1100,1100000,0.0011862621307373047,304.0843823024987
0.002055644989013672,0.001984091520309448,3.1374692916870117,1000,461.209,1104,1104000,0.0011219253540039062,318.78342698659543
0.0011751651763916016,0.0015635528564453124,2.6013593673706055,1000,996.29,1109,1109000,0.0010110256671905518,384.504685868506
0.0021772384643554688,0.0018000340461730958,2.804954767227173,1000,6.544926,1113,1113000,0.000976114273071289,356.5917031018764
0.0017590522766113281,0.001382413625717163,2.3186566829681396,1000,344.51776,1117,1117000,0.0009097652435302734,431.383297831299
0.0013158321380615234,0.0015946180820465088,2.5796942710876465,1000,984.0585,1121,1121000,0.0009581034183502198,387.72808457443085
0.0013620853424072266,0.0016389992237091065,2.6396853923797607,1000,311.79825,1125,1125000,0.0009724681377410889,378.9213917964677
0.0012018680572509766,0.0016955373287200928,2.7054970264434814,1000,879.42145,1129,1129000,0.0009830074310302735,369.70464467515376
0.0016677379608154297,0.0020329763889312745,3.2079484462738037,1000,423.37326,1133,1133000,0.0011434426307678222,311.78822713813497
0.001833200454711914,0.0018291287422180175,2.96028208732605,1000,681.0001,1137,1137000,0.0010982160568237306,337.8665443325062
0.0010297298431396484,0.0015640716552734375,2.5338354110717773,1000,1000.0,1142,1142000,0.0009398055076599121,394.7519675698152
0.0024704933166503906,0.001428739309310913,2.380547046661377,1000,456.66486,1147,1147000,0.0009242959022521972,420.1720035863299
0.0009052753448486328,0.0014139072895050049,2.2953033447265625,1000,962.25,1152,1152000,0.0008562657833099365,435.78683069516467
0.0014319419860839844,0.0014734787940979004,2.4554247856140137,1000,296.6989,1157,1157000,0.0009554600715637207,407.3368143830557
0.0016245841979980469,0.0013025672435760499,2.209197998046875,1000,969.30286,1161,1161000,0.0008782029151916503,452.77310986055187
0.001032114028930664,0.0015098204612731933,2.525357484817505,1000,589.20557,1165,1165000,0.000989246129989624,396.0842066495584
0.001392364501953125,0.0016557881832122803,2.60841703414917,1000,7.882651,1169,1169000,0.0009243874549865722,383.45720583997553
0.0017704963684082031,0.0015752458572387696,2.601414442062378,1000,407.35757,1173,1173000,0.0009971821308135986,384.49146805234903
0.0009038448333740234,0.001590911865234375,2.592047929763794,1000,11.973922,1178,1178000,0.0009730806350708008,385.885738626902
0.0014526844024658203,0.001494210958480835,2.4914753437042236,1000,515.80994,1182,1182000,0.0009701952934265136,401.4681527888145
0.0011725425720214844,0.0015851871967315673,2.5316710472106934,1000,10.1752405,1187,1187000,0.0009201054573059083,395.08997347700983
0.0017833709716796875,0.0016924335956573487,2.6161949634552,1000,6.563613,1192,1192000,0.0008955187797546387,382.32610983212413
0.0017132759094238281,0.0013810501098632812,2.3145365715026855,1000,970.1083,1197,1197000,0.0009061813354492188,432.16438283898026
0.001726388931274414,0.0014598054885864259,2.444483757019043,1000,947.2444,1202,1202000,0.0009570934772491455,409.18222654506553
0.0015845298767089844,0.001471407413482666,2.4747297763824463,1000,596.0171,1206,1206000,0.0009748072624206543,404.1928937747435
0.0012502670288085938,0.0013914508819580077,2.372659921646118,1000,500.95245,1211,1211000,0.000954265832901001,421.58160445304253
0.0016150474548339844,0.001612687587738037,2.674039125442505,1000,751.303,1215,1215000,0.0010339641571044922,374.0537856422272
0.0012745857238769531,0.0014246656894683837,2.409658670425415,1000,990.7688,1219,1219000,0.0009594035148620606,415.085697999044
0.001936197280883789,0.0015280554294586181,2.5377819538116455,1000,548.471,1223,1223000,0.0009816665649414063,394.13697494263624
0.002765178680419922,0.0017882797718048096,2.9072628021240234,1000,397.3239,1227,1227000,0.0010873854160308837,344.0352757422511
0.0013971328735351562,0.0013985118865966796,2.377582311630249,1000,651.472,1232,1232000,0.0009487788677215576,420.6910427787909
0.002129793167114258,0.0014160106182098389,2.4011383056640625,1000,503.8844,1236,1236000,0.0009567074775695801,416.58562011734267
0.0010957717895507812,0.0013880131244659423,2.3681609630584717,1000,601.087,1241,1241000,0.0009535198211669922,422.37817729937234
0.0012352466583251953,0.0016135833263397218,2.7091517448425293,1000,917.4115,1246,1246000,0.001065789222717285,369.20611122984786
0.0014066696166992188,0.0016035332679748535,2.521364688873291,1000,982.6817,1250,1250000,0.0008910417556762696,396.70859769986225
0.0010018348693847656,0.0013536369800567626,2.309375286102295,1000,1000.0,1254,1254000,0.0009285018444061279,433.1251234017664
0.001308441162109375,0.001420020341873169,2.382488250732422,1000,118.18999,1259,1259000,0.0009347987174987793,419.83554129735194
0.0014851093292236328,0.001888254404067993,2.9954311847686768,1000,467.2211,1264,1264000,0.0010763936042785644,333.9217275415302
0.0013937950134277344,0.0019700510501861573,3.1200170516967773,1000,509.73587,1268,1268000,0.0011189250946044922,320.5822587013737
0.002083301544189453,0.0017812340259552003,2.8289196491241455,1000,751.89575,1272,1272000,0.001017965316772461,353.59858274066585
0.0011947154998779297,0.001488093614578247,2.4480624198913574,1000,855.18774,1276,1276000,0.0009326858520507812,408.5886632559682
0.0021500587463378906,0.002136604070663452,3.3527703285217285,1000,442.12698,1280,1280000,0.0011816680431365966,298.3243480958094
0.0016846656799316406,0.00141428804397583,2.3593764305114746,1000,590.96484,1285,1285000,0.0009181694984436035,423.94511875313776
0.0011904239654541016,0.0015801072120666503,2.530783176422119,1000,308.7035,1289,1289000,0.0009251396656036377,395.22928563008446
0.0027408599853515625,0.0014621381759643555,2.4291861057281494,1000,790.80884,1294,1294000,0.0009388449192047119,411.78705574352216
0.003166675567626953,0.0013641555309295654,2.3016695976257324,1000,990.5293,1299,1299000,0.0009091002941131592,434.56900230748323
0.001079559326171875,0.0016510298252105714,2.6825613975524902,1000,992.23627,1304,1304000,0.0010037643909454345,372.8555581009355
0.0012705326080322266,0.0015749058723449707,2.527806043624878,1000,962.9803,1309,1309000,0.0009255208969116211,395.7117166992487
0.0015294551849365234,0.0015908782482147218,2.6221377849578857,1000,374.64807,1313,1313000,0.0010025441646575929,381.4843778280687
0.0018138885498046875,0.0015107772350311278,2.491192102432251,1000,425.71347,1317,1317000,0.0009528906345367432,401.5136945590605
0.00152587890625,0.0016269865036010742,2.6325488090515137,1000,896.31305,1322,1322000,0.0009772655963897704,379.9439636860046
0.0014221668243408203,0.0013738763332366943,2.2484638690948486,1000,833.2139,1327,1327000,0.0008483130931854248,444.8605414495866
0.0012295246124267578,0.001525245189666748,2.5155441761016846,1000,979.35803,1331,1331000,0.0009630680084228516,397.6306570924953
0.0019350051879882812,0.0013894505500793458,2.3141937255859375,1000,680.81323,1336,1336000,0.0008973362445831299,432.2292260586684
0.0015277862548828125,0.0015151314735412597,2.521141290664673,1000,532.25934,1341,1341000,0.0009787647724151612,396.747173830584
0.0029120445251464844,0.001532045841217041,2.5589146614074707,1000,966.1723,1345,1345000,0.000996670961380005,390.87666423900833
0.0014529228210449219,0.0013749268054962158,2.362820625305176,1000,967.63257,1350,1350000,0.0009611711502075195,423.32212731302684
0.0012345314025878906,0.0015481522083282471,2.5516631603240967,1000,894.7961,1354,1354000,0.0009766430854797363,392.0046566104915
0.0015645027160644531,0.001378814935684204,2.354745864868164,1000,254.36432,1358,1358000,0.000947270154953003,424.78051053012695
0.0013506412506103516,0.0015950827598571777,2.5809710025787354,1000,1000.0,1363,1363000,0.0009586038589477539,387.5337739293308
0.0014891624450683594,0.001489917278289795,2.477583169937134,1000,546.7992,1368,1368000,0.0009609041213989258,403.7128106289089
0.0013942718505859375,0.001554574489593506,2.5485410690307617,1000,955.7502,1372,1372000,0.0009669523239135742,392.47516632900715
0.0015108585357666016,0.0015651240348815917,2.5704708099365234,1000,382.91553,1376,1376000,0.0009758257865905761,389.1239843407967
0.0016913414001464844,0.0018272316455841065,2.932756185531616,1000,579.01917,1380,1380000,0.0010745437145233154,341.0639350135708
0.002229452133178711,0.00174069881439209,2.8200669288635254,1000,677.9873,1384,1384000,0.0010492691993713378,354.6744077159516
0.002415895462036133,0.0021383492946624757,3.3464086055755615,1000,967.3513,1388,1388000,0.0011743240356445312,298.88318854036356
0.0016224384307861328,0.0016318798065185548,2.67199969291687,1000,387.29926,1392,1392000,0.001010295867919922,374.33771614673583
0.0013270378112792969,0.001457282304763794,2.441864013671875,1000,924.1003,1397,1397000,0.0009582068920135498,409.611680333072
0.0013077259063720703,0.0013825395107269288,2.330038070678711,1000,722.86584,1402,1402000,0.0009210987091064453,429.2880997047093
0.0012798309326171875,0.0015537607669830322,2.5627124309539795,1000,732.5653,1407,1407000,0.0009784841537475587,390.3042570602821
0.0017676353454589844,0.0014300212860107423,2.4031014442443848,1000,980.71423,1412,1412000,0.0009461193084716797,416.2376491124827
0.0011129379272460938,0.0013471083641052246,2.188782215118408,1000,9.40081,1416,1416000,0.0008139281272888184,456.98984714939195
0.001444101333618164,0.001870544672012329,2.9890754222869873,1000,701.08484,1420,1420000,0.0010886178016662597,334.6194585860249
0.0010297298431396484,0.001634091854095459,2.564875364303589,1000,7.3789496,1424,1424000,0.0009027595520019531,389.972791281309
0.0016415119171142578,0.0013485548496246337,2.26058030128479,1000,497.06952,1429,1429000,0.0008849422931671143,442.5294644810911
0.0027391910552978516,0.0015685560703277588,2.602330446243286,1000,961.5658,1434,1434000,0.0010053272247314453,384.35539502300423
0.001398324966430664,0.001339183807373047,2.280670642852783,1000,450.59412,1439,1439000,0.0009149484634399414,438.59058037619855
0.001954793930053711,0.0015590615272521972,2.5393075942993164,1000,556.9938,1444,1444000,0.0009477918148040772,393.9151008251895
0.001651763916015625,0.0013567404747009278,2.260624408721924,1000,30.10238,1449,1449000,0.0008780066967010498,442.47657096017525
0.0012030601501464844,0.0014599297046661377,2.434903860092163,1000,346.29117,1454,1454000,0.0009481151103973389,410.78135744094516
0.0015032291412353516,0.0015320255756378174,2.4925568103790283,1000,587.4166,1459,1459000,0.0009335324764251708,401.28816218750296
0.001322031021118164,0.001421048402786255,2.379927396774292,1000,559.6476,1463,1463000,0.0009310877323150634,420.2639094115359
0.0012192726135253906,0.0014881687164306641,2.4836575984954834,1000,316.4024,1468,1468000,0.0009682376384735108,402.72446300815676
0.001041412353515625,0.0015592553615570068,2.5442023277282715,1000,989.35114,1472,1472000,0.0009589376449584961,393.1314767325025
0.0012984275817871094,0.0014802272319793702,2.450101375579834,1000,506.62927,1477,1477000,0.0009435608386993409,408.2421165537285
0.0012667179107666016,0.0016013717651367188,2.638862371444702,1000,581.6385,1482,1482000,0.001006927728652954,379.03014535213407
0.002992868423461914,0.0016769678592681884,2.6583549976348877,1000,13.556008,1487,1487000,0.000951854944229126,376.3045782648269
0.0014753341674804688,0.0015761451721191407,2.6209876537323,1000,983.96594,1492,1492000,0.0010170905590057373,381.6555808942905
0.0016973018646240234,0.0015641021728515624,2.547415018081665,1000,795.35095,1496,1496000,0.0009555740356445312,392.6458659324827
0.0012829303741455078,0.001586874485015869,2.618533134460449,1000,995.0763,1500,1500000,0.001003599166870117,381.9792449307633
0.0014584064483642578,0.001558204412460327,2.5678625106811523,1000,906.2821,1504,1504000,0.0009816446304321289,389.50977794629927
0.0021092891693115234,0.0016524841785430908,2.6990671157836914,1000,667.46173,1509,1509000,0.0010180838108062745,370.57124798184066
0.0014681816101074219,0.0014391398429870605,2.408451795578003,1000,760.8889,1513,1513000,0.0009397165775299072,415.30167836453893
0.0027761459350585938,0.0015303950309753418,2.5524706840515137,1000,416.23663,1517,1517000,0.000991943120956421,391.87807925267145
0.0012977123260498047,0.0013919048309326172,2.34012770652771,1000,491.82935,1522,1522000,0.0009218811988830567,427.4344956215598
0.0012218952178955078,0.001962976932525635,3.1597275733947754,1000,625.0062,1526,1526000,0.0011629619598388671,316.56617764988914
0.0020318031311035156,0.001581209659576416,2.479979991912842,1000,7.1118245,1530,1530000,0.0008708131313323974,403.3238631856141
0.0011281967163085938,0.0017411673069000243,2.8358988761901855,1000,540.44855,1534,1534000,0.0010655801296234131,352.6959227219694
0.002804279327392578,0.002058997869491577,3.251147508621216,1000,426.10107,1538,1538000,0.0011569249629974365,307.6494716719676
0.001058816909790039,0.0015059242248535156,2.516190767288208,1000,475.99277,1542,1542000,0.0009839930534362793,397.5204633801102
0.0009884834289550781,0.0016900646686553956,2.6892545223236084,1000,8.971427,1547,1547000,0.0009701375961303711,371.97109194159185
0.0017478466033935547,0.0016496748924255372,2.6787893772125244,1000,711.33966,1552,1552000,0.001000009536743164,373.39102521702335
0.002101898193359375,0.0014635400772094727,2.442075729370117,1000,299.33514,1557,1557000,0.0009503605365753174,409.5887203106321
0.0012383460998535156,0.0016517417430877686,2.5828332901000977,1000,7.338721,1562,1562000,0.0009034383296966553,387.26666427835676
0.0013041496276855469,0.0016851949691772462,2.643779993057251,1000,4.312808,1567,1567000,0.0009305729866027833,378.3416971697961
0.0025238990783691406,0.0014305293560028076,2.404398202896118,1000,767.19836,1571,1571000,0.0009454021453857422,416.0079855048487
0.0035240650177001953,0.001836674690246582,2.9708333015441895,1000,993.7196,1575,1575000,0.0011011371612548828,336.67841450569415
0.0015223026275634766,0.002008960723876953,3.2033703327178955,1000,1000.0,1579,1579000,0.0011610891819000245,312.23009854187796
0.002299070358276367,0.0016952440738677978,2.6386401653289795,1000,11.593745,1583,1583000,0.0009141857624053955,379.06299599292396
0.0028188228607177734,0.0014737043380737304,2.4424054622650146,1000,788.4877,1587,1587000,0.000940805196762085,409.52197486592155
0.002559185028076172,0.0015838654041290283,2.574526309967041,1000,9.884714,1592,1592000,0.000962350606918335,388.510662381194
0.0013802051544189453,0.001530932903289795,2.5511937141418457,1000,502.01935,1596,1596000,0.0009920811653137207,392.0683790979697
0.0018873214721679688,0.0020564675331115724,3.3174562454223633,1000,713.99164,1599,1599000,0.0012245404720306397,301.49531990115923
0.001722097396850586,0.001518050193786621,2.5276472568511963,1000,501.13477,1603,1603000,0.000982060194015503,395.7184368311119
0.0019385814666748047,0.0016045415401458741,2.6714069843292236,1000,958.7458,1607,1607000,0.0010385072231292724,374.4285112090986
0.0014331340789794922,0.0015698564052581787,2.59743595123291,1000,493.27875,1611,1611000,0.0010002074241638184,385.0780139604074
0.0012624263763427734,0.0014182560443878173,2.38618540763855,1000,998.8043,1616,1616000,0.0009420783519744873,419.16393748494085
0.0015285015106201172,0.002013852119445801,3.2387309074401855,1000,698.386,1620,1620000,0.0011931173801422118,308.8243664055545
0.0012924671173095703,0.0018394548892974854,2.9977827072143555,1000,885.3108,1624,1624000,0.00112823224067688,333.6522448499052
0.0012400150299072266,0.0017290840148925781,2.803966522216797,1000,662.87665,1628,1628000,0.0010465061664581298,356.7076113624826
0.0018775463104248047,0.0012478282451629638,2.1658713817596436,1000,950.6771,1633,1633000,0.0008916232585906982,461.83858997266276
0.001386404037475586,0.0013864192962646485,2.3500163555145264,1000,613.11816,1638,1638000,0.0009344820976257324,425.65557014785537
0.001340627670288086,0.0014719119071960449,2.466564178466797,1000,383.1317,1643,1643000,0.000965242624282837,405.5154221497276
0.0015113353729248047,0.0012924938201904297,2.2083094120025635,1000,229.75327,1648,1648000,0.0008910064697265625,452.95128642772715
0.0020570755004882812,0.0014403891563415528,2.4134905338287354,1000,357.4063,1653,1653000,0.0009446566104888916,414.4398807321754
0.0017657279968261719,0.001626697301864624,2.5471792221069336,1000,997.31604,1658,1658000,0.0008937714099884033,392.7012300469756
0.0014498233795166016,0.0016788842678070069,2.7556605339050293,1000,721.92004,1662,1662000,0.0010474505424499512,362.9726220439433
0.00150299072265625,0.0015958683490753173,2.6054108142852783,1000,357.5136,1666,1666000,0.0009805173873901367,383.9135233851286
0.001764059066772461,0.0021226086616516113,3.350407123565674,1000,999.95215,1670,1670000,0.001193495512008667,298.5270175839171
0.0011365413665771484,0.0017931904792785644,2.9185874462127686,1000,958.17975,1674,1674000,0.0010955135822296143,342.7219597111081
0.0019714832305908203,0.0019800143241882322,3.1806344985961914,1000,412.69562,1678,1678000,0.0011673669815063477,314.47120221634395
0.0020368099212646484,0.001392798900604248,2.330376625061035,1000,56.40542,1682,1682000,0.0009100985527038574,429.2263321195316
0.0008909702301025391,0.0015132694244384766,2.5265681743621826,1000,788.0534,1687,1687000,0.0009857823848724366,395.8877848021634
0.0013113021850585938,0.0015445220470428466,2.540940523147583,1000,915.1035,1691,1691000,0.0009684052467346192,393.6522404922605
0.0012011528015136719,0.0014187047481536866,2.3591699600219727,1000,785.4779,1695,1695000,0.0009136199951171875,423.986302413959
0.002242565155029297,0.001608919620513916,2.661064863204956,1000,535.71643,1700,1700000,0.0010222699642181397,375.8751862212746
0.0009133815765380859,0.001401148796081543,2.352194309234619,1000,480.5056,1705,1705000,0.0009248285293579102,425.23132062976714
0.0020678043365478516,0.001454214096069336,2.4190659523010254,1000,322.38266,1710,1710000,0.0009377691745758057,413.49427617128504
0.002134561538696289,0.0014604058265686036,2.423462390899658,1000,829.5058,1714,1714000,0.0009360280036926269,412.7224224676336
0.0015399456024169922,0.0016326165199279784,2.6582465171813965,1000,546.86005,1719,1719000,0.000996818780899048,376.27287907911153
0.0009057521820068359,0.0015392704010009765,2.478424310684204,1000,974.36523,1724,1724000,0.0009137406349182129,403.58170604542556
0.0017108917236328125,0.0015262410640716553,2.514888048171997,1000,407.08917,1729,1729000,0.0009602787494659424,397.72080960757074
0.0027196407318115234,0.0014515888690948486,2.44230318069458,1000,998.28156,1734,1734000,0.0009628100395202637,409.5539251834169
0.001398324966430664,0.0015582480430603026,2.587070941925049,1000,705.5549,1738,1738000,0.0010005698204040528,386.6311281869522
0.0010709762573242188,0.0014416608810424805,2.3832855224609375,1000,858.932,1743,1743000,0.0009134149551391601,419.6853588555047
0.0010709762573242188,0.0016212005615234375,2.6274361610412598,1000,683.0542,1747,1747000,0.0009799396991729736,380.6753984526676
0.003100156784057617,0.0014566128253936767,2.439201593399048,1000,400.618,1751,1751000,0.0009518446922302246,410.070940846128
0.00116729736328125,0.001588529109954834,2.5914857387542725,1000,720.0619,1755,1755000,0.0009743618965148926,385.9706435110881
0.0017971992492675781,0.0013891558647155763,2.3156723976135254,1000,524.72327,1760,1760000,0.0009007372856140136,431.9592928986673
0.001280069351196289,0.0017519221305847168,2.7310805320739746,1000,5.0337796,1765,1765000,0.0009513616561889649,366.2369384741216
0.0012195110321044922,0.0012244830131530762,2.127931594848633,1000,565.04675,1770,1770000,0.0008777101039886474,470.0868140567065
0.0018055438995361328,0.0015115585327148437,2.5019168853759766,1000,464.844,1774,1774000,0.0009623763561248779,399.76355232700996
0.0013494491577148438,0.0015423214435577393,2.4613380432128906,1000,6.8492093,1779,1779000,0.0008923497200012207,406.3872390091071
0.0014655590057373047,0.0015579030513763429,2.551910161972046,1000,190.81836,1784,1784000,0.0009663672447204589,391.95058752816533
0.0016663074493408203,0.0014579696655273437,2.3604490756988525,1000,994.3453,1789,1789000,0.0008762209415435791,423.75319105256546
0.0010945796966552734,0.0015193910598754882,2.4653401374816895,1000,971.1573,1793,1793000,0.000917600154876709,405.72873766469445
0.002263784408569336,0.0016456830501556396,2.621997594833374,1000,9.969418,1797,1797000,0.0009474308490753174,381.4759466106991
0.0022630691528320312,0.0019323244094848634,2.994706392288208,1000,930.49347,1801,1801000,0.0010315415859222412,334.00123429754535
0.0012357234954833984,0.0015126280784606933,2.5270559787750244,1000,512.6969,1805,1805000,0.00098568058013916,395.80940506722
0.0016016960144042969,0.0017406365871429443,2.7742135524749756,1000,631.4148,1809,1809000,0.0010045804977416991,360.53709773027657
0.0009827613830566406,0.0015772197246551514,2.6338818073272705,1000,453.18985,1814,1814000,0.0010296854972839356,379.7519767355848
0.0010118484497070312,0.0014523680210113525,2.3924670219421387,1000,493.29443,1818,1818000,0.0009132931232452392,418.0745424513759
0.0011188983917236328,0.0016287403106689453,2.6652214527130127,1000,580.2521,1822,1822000,0.0010092594623565673,375.3000325970177
0.0012371540069580078,0.0014210102558135987,2.3627777099609375,1000,207.77094,1827,1827000,0.000916579246520996,423.3312706597484
0.0010917186737060547,0.001653615951538086,2.692077159881592,1000,548.79,1832,1832000,0.0010077104568481446,371.5503093060583
0.0016307830810546875,0.0016243557929992677,2.6605584621429443,1000,976.5336,1836,1836000,0.0010086607933044434,375.9414549027091
0.0010025501251220703,0.0013896870613098146,2.3754284381866455,1000,568.01074,1841,1841000,0.0009596107006072998,421.0826863529805
0.00128173828125,0.0015203900337219238,2.491312265396118,1000,580.71,1846,1846000,0.0009438877105712891,401.49374714504455
0.002051830291748047,0.0019688596725463865,3.1270415782928467,1000,673.5873,1850,1850000,0.0011253068447113037,319.85787565095586
0.0018374919891357422,0.0014119951725006105,2.330951452255249,1000,598.126,1854,1854000,0.0008928966522216797,429.1214645956969
0.002297639846801758,0.0015763535499572754,2.611795425415039,1000,405.84424,1859,1859000,0.0010049705505371094,382.9610218858139
0.0015799999237060547,0.0016708149909973144,2.6126532554626465,1000,9.984154,1864,1864000,0.0009136686325073243,382.8531813350238
0.0011930465698242188,0.0018117270469665528,2.7599732875823975,1000,18.448698,1869,1869000,0.0009213948249816895,362.400924789805
0.0016579627990722656,0.0016828863620758057,2.7379300594329834,1000,584.7904,1873,1873000,0.0010241472721099854,365.3503625016376
0.001438140869140625,0.0017952330112457275,2.7947628498077393,1000,13.654594,1877,1877000,0.0009714827537536621,357.88095902414966
0.001255035400390625,0.0014037683010101319,2.3810641765594482,1000,416.0713,1881,1881000,0.0009488837718963623,420.1033215003793
0.0009205341339111328,0.0011341960430145263,2.019080877304077,1000,554.9815,1886,1886000,0.0008616542816162109,495.46482903567846
0.0010523796081542969,0.001544773817062378,2.5149827003479004,1000,8.72241,1890,1890000,0.0009447696208953857,397.71002384190757
0.0023272037506103516,0.0014969651699066162,2.487563133239746,1000,955.64435,1895,1895000,0.0009610378742218018,402.11512179782477
0.00083160400390625,0.0017057132720947265,2.7481112480163574,1000,961.83496,1899,1899000,0.0010155718326568604,363.9699983416875
0.0009014606475830078,0.0014993748664855957,2.5102458000183105,1000,999.8704,1904,1904000,0.000984659194946289,398.4570550666878
0.0008373260498046875,0.0013867285251617431,2.347371816635132,1000,691.5322,1909,1909000,0.0009351744651794433,426.1284575471085
0.0010128021240234375,0.001522040605545044,2.548870801925659,1000,181.71721,1914,1914000,0.0009996719360351562,392.42049008775024
0.0018868446350097656,0.0015421884059906006,2.526573896408081,1000,790.87994,1919,1919000,0.0009565107822418213,395.90751538278056
0.0017399787902832031,0.001483231782913208,2.4374608993530273,1000,732.8086,1924,1924000,0.0009282381534576416,410.3883142716527
0.0013353824615478516,0.0014707825183868407,2.466374635696411,1000,997.27094,1929,1929000,0.0009670660495758056,405.5670240857829
0.0013782978057861328,0.00156744647026062,2.5806422233581543,1000,719.82764,1933,1933000,0.000985224485397339,387.59024866261484
0.0013852119445800781,0.0015961542129516602,2.6460814476013184,1000,431.3011,1938,1938000,0.0010206022262573243,378.0063135276527
0.0018262863159179688,0.0015119137763977052,2.47275710105896,1000,622.97174,1943,1943000,0.0009333310127258301,404.50758917545164
0.001178741455078125,0.0014594299793243407,2.445962429046631,1000,398.90527,1948,1948000,0.0009548912048339843,408.9666209334586
0.0014445781707763672,0.0013111674785614015,2.266392469406128,1000,624.27844,1953,1953000,0.0009296274185180664,441.34080857582785
0.0026712417602539062,0.0016453616619110107,2.609361171722412,1000,980.2107,1958,1958000,0.0009338638782501221,383.32844992077173
0.001417398452758789,0.001430396318435669,2.36348032951355,1000,719.30493,1962,1962000,0.0009070630073547363,423.20620342634953
0.0016105175018310547,0.0016785314083099365,2.711402416229248,1000,692.60925,1966,1966000,0.001004312038421631,368.89742844181245
0.0014123916625976562,0.0013669180870056153,2.2624213695526123,1000,881.2079,1971,1971000,0.0008694124221801758,442.12069737007846
0.0008544921875,0.0014688453674316405,2.3719098567962646,1000,993.2871,1976,1976000,0.0008788790702819824,421.70622196809524
0.0013489723205566406,0.0014472806453704834,2.4467883110046387,1000,468.5115,1981,1981000,0.000971837043762207,408.80634081490234
0.001173257827758789,0.001419837713241577,2.364741086959839,1000,996.27826,1986,1986000,0.000919421911239624,422.9842715511456
0.0008907318115234375,0.0016175351142883301,2.6080057621002197,1000,991.6727,1990,1990000,0.0009625284671783448,383.52684154978965
0.0014314651489257812,0.0014673047065734864,2.4643795490264893,1000,581.4271,1995,1995000,0.0009703173637390137,405.8834316437426
0.0011191368103027344,0.0018284730911254882,2.8839447498321533,1000,928.2604,2000,2000000,0.001029484748840332,346.82501159720607
0.001026153564453125,0.0022104434967041018,3.2776989936828613,1000,3.9319932,2004,2004000,0.0010380926132202148,305.1764328901344
0.0018486976623535156,0.0012957825660705566,2.2172164916992188,1000,260.16568,2009,2009000,0.0008947980403900146,451.1357708387785
0.0018422603607177734,0.001417933225631714,2.3654839992523193,1000,974.9073,2014,2014000,0.0009202537536621094,422.88793172982304
0.002309083938598633,0.0014961385726928711,2.4742348194122314,1000,471.816,2019,2019000,0.0009501779079437256,404.2682778137669
0.002109527587890625,0.0014656233787536622,2.4513823986053467,1000,434.93604,2024,2024000,0.0009577579498291016,408.04969011777035
0.001157522201538086,0.0013918163776397705,2.3537535667419434,1000,391.5826,2029,2029000,0.0009363234043121338,424.97104499330925
0.0018780231475830078,0.0017806963920593262,2.8881032466888428,1000,722.77026,2033,2033000,0.00107867169380188,346.324658559701
0.001665353775024414,0.0022751858234405517,3.3656725883483887,1000,5.841552,2037,2037000,0.0010590217113494874,297.1731557168705
0.0014045238494873047,0.001427903175354004,2.410400152206421,1000,557.4036,2041,2041000,0.0009543461799621583,415.0866428089967
0.002020120620727539,0.001443781852722168,2.4118120670318604,1000,527.31573,2046,2046000,0.0009402754306793213,414.72747339717074
0.0008914470672607422,0.0014603059291839599,2.4478607177734375,1000,590.9345,2051,2051000,0.0009618165493011474,408.6261210464708
0.0017085075378417969,0.001496436357498169,2.4978110790252686,1000,292.7949,2056,2056000,0.0009733560085296631,400.4437213514693
0.0012447834014892578,0.001346062421798706,2.313652515411377,1000,692.96576,2061,2061000,0.0009427225589752197,432.3271958109562
0.002267599105834961,0.0017659482955932617,2.8336164951324463,1000,688.8646,2065,2065000,0.0010375123023986816,352.97534375783437
0.0014433860778808594,0.0015470762252807618,2.5285489559173584,1000,768.60675,2069,2069000,0.0009541192054748535,395.5913903142969
0.0016405582427978516,0.001632211446762085,2.5538620948791504,1000,6.884356,2074,2074000,0.000894371747970581,391.6596912593197
0.002038717269897461,0.0014980099201202393,2.4501657485961914,1000,988.8069,2079,2079000,0.0009252750873565674,408.23873908729144
0.003757953643798828,0.0017232582569122314,2.707064628601074,1000,8.592408,2083,2083000,0.0009534845352172852,369.48754452975635
0.0011286735534667969,0.0017143025398254394,2.780998706817627,1000,405.31485,2088,2088000,0.001037853717803955,359.66655135990237
0.0011191368103027344,0.001573800802230835,2.5971384048461914,1000,964.7009,2093,2093000,0.0009961476325988769,385.1533679009598
0.0016224384307861328,0.0016386525630950927,2.6575493812561035,1000,503.16235,2097,2097000,0.0009912362098693848,376.3652570951913
0.0028600692749023438,0.0013583900928497315,2.313274383544922,1000,447.26477,2102,2102000,0.0009246327877044677,432.40679829478705
0.0020906925201416016,0.0015067808628082275,2.517360210418701,1000,986.6133,2107,2107000,0.000982783079147339,397.33563797825195
0.0014910697937011719,0.0016815800666809082,2.667999505996704,1000,896.9402,2112,2112000,0.0009588363170623779,374.8977239797917
0.0019838809967041016,0.0016080942153930665,2.6116507053375244,1000,762.28827,2117,2117000,0.0009740092754364014,382.9824923760597
0.0013701915740966797,0.0015542123317718506,2.550396203994751,1000,561.6819,2121,2121000,0.0009668810367584229,392.1771839174876
0.0015447139739990234,0.001558096170425415,2.589776039123535,1000,986.0195,2126,2126000,0.0010027799606323242,386.2245866711161
0.0030052661895751953,0.00169577693939209,2.744966506958008,1000,662.2247,2130,2130000,0.0010183062553405762,364.40283838289497
0.0021996498107910156,0.0018239202499389648,2.9082250595092773,1000,965.3807,2134,2134000,0.0010520954132080078,343.9318549326126
0.0014805793762207031,0.0021682446002960205,3.403839349746704,1000,468.91498,2138,2138000,0.0012032763957977295,293.864279714416
0.0015041828155517578,0.001975259780883789,3.1581056118011475,1000,978.0172,2142,2142000,0.0011528198719024658,316.7118241535595
0.0015115737915039062,0.0021061222553253175,3.3065121173858643,1000,983.63696,2146,2146000,0.0011670496463775635,302.4947371966338
0.001863718032836914,0.002063138723373413,3.2588162422180176,1000,661.2882,2150,2150000,0.0011650259494781494,306.9186778603128
0.0022056102752685547,0.002016615152359009,3.2090795040130615,1000,77.02965,2154,2154000,0.0011591944694519043,311.67245406062534
0.0025501251220703125,0.0018624987602233888,3.0223755836486816,1000,400.9378,2158,2158000,0.0011282145977020263,330.93594431337186
0.0016679763793945312,0.0017978615760803223,2.9374735355377197,1000,723.7388,2162,2162000,0.0011092650890350342,340.5316373911062
0.0015823841094970703,0.0019956555366516114,3.20525860786438,1000,800.14514,2166,2166000,0.0011766486167907714,312.05489923046173
0.0018990039825439453,0.001877730369567871,3.0720057487487793,1000,673.8342,2170,2170000,0.0011606299877166748,325.5934546951769
0.0012905597686767578,0.0015843169689178467,2.633901834487915,1000,806.38245,2174,2174000,0.0010219507217407227,379.7598505408334
0.0010013580322265625,0.001532435417175293,2.5446197986602783,1000,676.5392,2178,2178000,0.0009858942031860352,393.08022763262426
0.0010716915130615234,0.0017689588069915772,2.8895809650421143,1000,635.0109,2182,2182000,0.001088855504989624,346.1480818811133
0.0029230117797851562,0.0021649222373962404,3.378972053527832,1000,930.0685,2186,2186000,0.0011809866428375245,296.023417608729
0.0015485286712646484,0.0019875884056091307,3.0812878608703613,1000,5.4777884,2190,2190000,0.0010605442523956299,324.6045494124302
0.0010335445404052734,0.0017953143119812012,2.939788341522217,1000,528.9468,2194,2194000,0.001114677906036377,340.2405100544573
0.001707315444946289,0.0019721314907073973,3.1513776779174805,1000,281.4027,2198,2198000,0.00114648175239563,317.385958376721
0.001608133316040039,0.0016174559593200683,2.6665170192718506,1000,974.84485,2202,2202000,0.0010195443630218507,375.1095219846631
0.0012421607971191406,0.0022116637229919432,3.4348137378692627,1000,985.1792,2206,2206000,0.0011894679069519042,291.18537319567014
0.002506732940673828,0.002001372814178467,3.216113328933716,1000,988.5239,2210,2210000,0.0011829233169555664,311.0038058501107
0.0021157264709472656,0.002008174180984497,3.1859874725341797,1000,618.88043,2214,2214000,0.001144624710083008,313.9435002537414
0.0011491775512695312,0.002240103006362915,3.423671007156372,1000,974.4586,2218,2218000,0.0011515097618103028,292.14326018138456
0.0020837783813476562,0.0018544235229492187,2.9856812953948975,1000,492.93225,2222,2222000,0.0011001813411712646,335.0144076106178
0.0015177726745605469,0.0019525051116943359,3.1579415798187256,1000,993.84045,2226,2226000,0.0011736533641815185,316.73966354929024
0.0018770694732666016,0.0018455867767333985,3.0076327323913574,1000,70.315735,2230,2230000,0.0011302013397216798,332.5627222623029
0.0014050006866455078,0.001647453546524048,2.728266477584839,1000,448.22375,2234,2234000,0.0010504345893859862,366.624677751612
0.0017228126525878906,0.0018421940803527831,2.992086887359619,1000,978.51697,2238,2238000,0.0011192188262939453,334.28422891342626
0.0015873908996582031,0.001492812156677246,2.484755277633667,1000,397.0761,2242,2242000,0.0009630017280578613,402.5540462099318
0.0025038719177246094,0.0020962164402008056,3.276900291442871,1000,742.85706,2246,2246000,0.001147371768951416,305.22442448007723
0.0015652179718017578,0.0016290903091430663,2.6843528747558594,1000,472.8351,2250,2250000,0.0010241661071777343,372.64381396133155
0.0014636516571044922,0.0018631377220153808,3.0141382217407227,1000,504.37515,2254,2254000,0.0011207070350646973,331.8418673700297
0.0012521743774414062,0.001732377290725708,2.81408429145813,1000,130.72119,2258,2258000,0.0010523202419281006,355.4389187236888
0.0014600753784179688,0.0020164589881896972,3.2168779373168945,1000,320.39227,2262,2262000,0.0011676168441772461,310.92193904562924
0.0013871192932128906,0.001982422113418579,3.1876134872436523,1000,435.96182,2266,2266000,0.0011729733943939208,313.7818422656549
0.0010166168212890625,0.0015527992248535157,2.6174135208129883,1000,837.7843,2270,2270000,0.001035228729248047,382.1435111833108
0.0019366741180419922,0.001937387466430664,3.11749005317688,1000,884.89404,2274,2274000,0.0011477758884429932,320.83795514820775
0.0020253658294677734,0.002021071195602417,3.2106523513793945,1000,988.0949,2278,2278000,0.0011586170196533202,311.5235375219393
0.0012831687927246094,0.001997021198272705,3.2226264476776123,1000,229.21324,2282,2282000,0.0011920952796936036,310.3728577666658
0.0017676353454589844,0.0019451777935028077,3.1072773933410645,1000,589.63745,2286,2286000,0.0011312448978424072,321.88180227237916
0.0014188289642333984,0.001861928939819336,3.0219638347625732,1000,547.6492,2290,2290000,0.0011249220371246339,330.9862422605811
0.0025730133056640625,0.0018792495727539063,2.921419858932495,1000,986.5819,2294,2294000,0.0010123014450073241,342.3767912461073
0.0033524036407470703,0.0020244455337524413,3.222066640853882,1000,425.4402,2298,2298000,0.0011583826541900636,310.43570868023835
0.001383066177368164,0.0017550618648529053,2.847275733947754,1000,663.96765,2302,2302000,0.0010635864734649658,351.2857138669491
0.002031087875366211,0.002026760816574097,3.2099661827087402,1000,648.3286,2306,2306000,0.0011509912014007568,311.5937996882356
0.0018312931060791016,0.0017836341857910157,2.9173874855041504,1000,592.2196,2310,2310000,0.001102649450302124,342.8524531791824
0.0022013187408447266,0.0019195961952209472,3.072862148284912,1000,327.7042,2314,2314000,0.0011223869323730468,325.5087801453104
0.001691579818725586,0.0017621922492980957,2.8899569511413574,1000,920.98236,2318,2318000,0.0010985662937164306,346.1137763681169
0.0009999275207519531,0.001666447639465332,2.716503143310547,1000,991.422,2322,2322000,0.00102276611328125,368.21416607028607
0.0021185874938964844,0.0014563534259796143,2.4467222690582275,1000,305.13782,2327,2327000,0.0009627685546875,408.8653599845356
0.0016279220581054688,0.0014712972640991211,2.46209454536438,1000,405.44846,2332,2332000,0.0009598407745361328,406.2627734907279
0.0016944408416748047,0.001459480047225952,2.4507336616516113,1000,530.27856,2337,2337000,0.0009629580974578857,408.1454239159776
0.0010001659393310547,0.0012622766494750977,2.1487858295440674,1000,571.4533,2342,2342000,0.0008608622550964355,465.52702574763896
0.0020117759704589844,0.0014533686637878418,2.451016902923584,1000,856.001,2347,2347000,0.000970083475112915,408.099516912913
0.002282381057739258,0.0014805393218994141,2.4478466510772705,1000,592.1521,2352,2352000,0.0009400262832641601,408.6174426474309
0.0010411739349365234,0.0014244349002838135,2.376227378845215,1000,815.38477,2356,2356000,0.0009249913692474366,420.9539586625875
0.0010235309600830078,0.0015317811965942384,2.4602866172790527,1000,992.4986,2361,2361000,0.0009025561809539794,406.5887812507331
0.0018849372863769531,0.0019243106842041016,3.1060659885406494,1000,525.08655,2365,2365000,0.0011494529247283935,322.0493198832844
0.0019016265869140625,0.0019515128135681153,3.1009538173675537,1000,692.6959,2369,2369000,0.0011188867092132568,322.5530693614174
0.002509593963623047,0.0015476667881011963,2.523484706878662,1000,977.3192,2373,2373000,0.0009479014873504638,396.3835130396849
0.0015561580657958984,0.0015629990100860596,2.579514741897583,1000,613.1437,2378,2378000,0.0009883780479431152,387.78346867789105
0.001695394515991211,0.00179158353805542,2.8160340785980225,1000,965.3421,2382,2382000,0.00099465012550354,355.1842471537357
0.0010898113250732422,0.0014374227523803712,2.407984733581543,1000,488.30878,2387,2387000,0.0009452197551727295,415.40059879112727
0.0010230541229248047,0.0015566296577453613,2.557769298553467,1000,708.15967,2391,2391000,0.0009740993976593017,391.0426217684567
0.001504659652709961,0.0014946153163909912,2.4865949153900146,1000,466.68628,2395,2395000,0.0009635629653930664,402.25692552974374
0.0019943714141845703,0.0013552935123443603,2.2987749576568604,1000,526.92737,2399,2399000,0.0009168322086334228,435.13787652545284
0.0012996196746826172,0.0015044105052947998,2.5120482444763184,1000,580.9269,2404,2404000,0.0009816000461578369,398.18466017915114
0.0018749237060546875,0.0014778850078582763,2.4266538619995117,1000,999.8048,2408,2408000,0.0009195079803466797,412.186956181629
0.0017254352569580078,0.0015882949829101563,2.572559118270874,1000,989.93787,2413,2413000,0.0009572644233703613,388.8174419353807
0.0018050670623779297,0.001388077974319458,2.3552134037017822,1000,496.146,2418,2418000,0.0009394774436950684,424.68580186086785
0.0010352134704589844,0.0016096649169921875,2.647597074508667,1000,850.6166,2422,2422000,0.0010110726356506348,377.7846992253723
0.0009191036224365234,0.001487168788909912,2.4852445125579834,1000,939.18585,2427,2427000,0.0009730181694030762,402.4820421959456
0.0012922286987304688,0.001919968843460083,3.0278377532958984,1000,839.8027,2431,2431000,0.0010766918659210205,330.3375917331173
0.0013589859008789062,0.0017323393821716308,2.819931745529175,1000,488.0515,2435,2435000,0.00105899715423584,354.7110312547623
0.0020825862884521484,0.0016661589145660401,2.765193223953247,1000,871.2802,2439,2439000,0.0010699868202209474,361.7233687751696
0.0010633468627929688,0.0016771368980407714,2.704533576965332,1000,994.5097,2443,2443000,0.0010009560585021973,369.83500769860615
0.002068758010864258,0.002068974018096924,3.2983551025390625,1000,440.707,2447,2447000,0.0011972804069519043,303.2422518146765
0.0014748573303222656,0.0016119003295898438,2.6279871463775635,1000,6.5694103,2451,2451000,0.0009879934787750243,380.61829565055785
0.002025604248046875,0.0015283904075622558,2.5248939990997314,1000,973.4758,2456,2456000,0.0009679646492004395,396.15524911107656
0.0010364055633544922,0.001233506441116333,2.1154768466949463,1000,417.94067,2461,2461000,0.000857470989227295,472.8253358293335
0.0028183460235595703,0.0014065721035003663,2.366363048553467,1000,723.16113,2466,2466000,0.0009306063652038574,422.69184803021636
0.0011167526245117188,0.001675370454788208,2.7969326972961426,1000,897.7378,2470,2470000,0.0010868232250213622,357.98835708909814
0.0009829998016357422,0.0016891884803771973,2.6430752277374268,1000,982.3214,2475,2475000,0.0009254465103149414,378.46425572151094
0.002393960952758789,0.0017553400993347169,2.8075296878814697,1000,8.466877,2479,2479000,0.0010212290287017823,356.28640224554596
0.0017669200897216797,0.0015296590328216552,2.4917027950286865,1000,998.7532,2484,2484000,0.0009341630935668946,401.4349157406689
0.002165079116821289,0.0020937790870666504,3.3086354732513428,1000,301.99316,2488,2488000,0.0011803719997406006,302.29860742985164
0.0019352436065673828,0.0014300014972686767,2.386728525161743,1000,609.1147,2492,2492000,0.0009295756816864013,419.092904484019
0.002510547637939453,0.0021247289180755615,3.3571419715881348,1000,802.4822,2496,2496000,0.001197387456893921,297.94776886753885
0.002340078353881836,0.002030104160308838,3.2238717079162598,1000,733.4404,2500,2500000,0.00116017746925354,310.25402518763497
0.0016469955444335938,0.0017196662425994873,2.7795891761779785,1000,592.04724,2504,2504000,0.0010298516750335694,359.84922775295166
0.0022585391998291016,0.0018011393547058105,2.9176526069641113,1000,646.27515,2508,2508000,0.0010849730968475343,342.81067213075227
0.003423452377319336,0.0019044084548950195,2.9877781867980957,1000,560.329,2512,2512000,0.001049894094467163,334.76672385383233
0.0019779205322265625,0.0019968650341033937,3.176100254058838,1000,992.6362,2516,2516000,0.001146125555038452,314.91821016586516
0.00153350830078125,0.0014130301475524902,2.342857599258423,1000,463.8422,2520,2520000,0.0009034478664398193,426.94640724783153
0.0017371177673339844,0.001989338397979736,3.1896069049835205,1000,426.96365,2524,2524000,0.0011668226718902588,313.5858590654099
0.0018117427825927734,0.0020336084365844727,3.2521920204162598,1000,998.1532,2528,2528000,0.001186558961868286,307.54554574122454
0.002162933349609375,0.0015464296340942383,2.551872730255127,1000,430.5697,2532,2532000,0.0009769821166992188,391.9600741810577
0.0012428760528564453,0.00167960786819458,2.6962544918060303,1000,866.43933,2536,2536000,0.0009895048141479491,370.9707833478916
0.0012066364288330078,0.001328411102294922,2.2755520343780518,1000,497.08548,2540,2540000,0.0009199576377868652,439.5928076761553
0.0011539459228515625,0.001665647268295288,2.699632406234741,1000,349.86298,2544,2544000,0.0010070748329162598,370.51471399512144
0.0013232231140136719,0.0015667593479156494,2.5733389854431152,1000,663.5989,2548,2548000,0.000978729248046875,388.6904287517399
0.0009293556213378906,0.0014824116230010987,2.468465805053711,1000,432.2996,2552,2552000,0.0009598367214202881,405.2130934047992
0.002705097198486328,0.0015880932807922363,2.61326003074646,1000,987.1471,2556,2556000,0.0009964067935943604,382.7579406706138
0.0016665458679199219,0.0014533793926239014,2.4598617553710938,1000,989.2852,2560,2560000,0.0009780778884887695,406.6336393690558
0.0008256435394287109,0.0017310478687286377,2.7933297157287598,1000,554.2976,2564,2564000,0.001035290002822876,358.0771099107775
0.0009474754333496094,0.0015086324214935302,2.493234395980835,1000,668.1625,2568,2568000,0.0009587109088897705,401.185832375397
0.0009815692901611328,0.001610978364944458,2.704481840133667,1000,468.71866,2572,2572000,0.0010664243698120118,369.8455411579418
0.0018215179443359375,0.0015482892990112305,2.555466413497925,1000,918.5836,2577,2577000,0.0009793198108673095,391.4087069900398
0.001495361328125,0.0016185922622680665,2.6817641258239746,1000,963.2401,2582,2582000,0.0010339317321777343,372.97840172286817
0.0013916492462158203,0.0017942655086517333,2.892204999923706,1000,999.9999,2586,2586000,0.001069763422012329,345.83187769883295
0.004551887512207031,0.0014825503826141357,2.476616382598877,1000,358.74054,2590,2590000,0.0009639222621917725,403.88580470291606
0.0012836456298828125,0.0014572374820709228,2.472222089767456,1000,543.966,2594,2594000,0.000987548828125,404.6019021277778
0.0013117790222167969,0.0016427414417266846,2.690537452697754,1000,930.1987,2598,2598000,0.0010185554027557374,371.75916467498024
0.002185821533203125,0.0014736011028289794,2.485774278640747,1000,546.1272,2602,2602000,0.0009831695556640626,402.40002609558275
0.0026121139526367188,0.0015606868267059326,2.6165311336517334,1000,536.6283,2606,2606000,0.001024815559387207,382.2712631408754
0.0031130313873291016,0.0017048935890197753,2.813009738922119,1000,178.11801,2610,2610000,0.0010773749351501464,355.5760524932603
0.002225160598754883,0.0015846645832061767,2.600069046020508,1000,853.9127,2614,2614000,0.0009867920875549316,384.6862319642101
0.001791238784790039,0.0016370387077331544,2.6752631664276123,1000,341.0713,2618,2618000,0.0010082533359527589,373.88106772836204
0.0024902820587158203,0.0018848028182983398,3.077965259552002,1000,330.5769,2622,2622000,0.0011610524654388427,324.9596560914711
0.0025746822357177734,0.0020187323093414306,3.257089138031006,1000,633.1426,2626,2626000,0.0012049181461334228,307.08260238108676
0.0017139911651611328,0.0018907759189605712,3.0741496086120605,1000,370.0011,2630,2630000,0.001150991439819336,325.36144384850024
0.0019021034240722656,0.001969778299331665,3.202486515045166,1000,538.89197,2634,2634000,0.0011988463401794434,312.3274002378401
0.002554178237915039,0.002254494905471802,3.4527065753936768,1000,993.82776,2638,2638000,0.0011649763584136964,289.68516529919947
0.0015349388122558594,0.0019823596477508546,3.1974496841430664,1000,728.84424,2642,2642000,0.0011834733486175537,312.8137466381858
0.0018541812896728516,0.002044485330581665,3.263014078140259,1000,319.00443,2646,2646000,0.001185826539993286,306.52554651173415
0.002919912338256836,0.0020606207847595217,3.2501988410949707,1000,856.819,2649,2649000,0.0011554973125457763,307.7405519895995
0.0009558200836181641,0.0015457341670989991,2.5637121200561523,1000,511.53668,2653,2653000,0.0009913308620452881,390.147344827676
0.0010881423950195312,0.0015889534950256348,2.605436325073242,1000,698.437,2657,2657000,0.0009888720512390137,383.89971369783774
0.0014262199401855469,0.0016625869274139405,2.6649389266967773,1000,990.7721,2661,2661000,0.0009723184108734131,375.34268567489534
0.0009102821350097656,0.0014493343830108642,2.4545631408691406,1000,479.81372,2665,2665000,0.0009789326190948486,407.51585883523427
0.0012135505676269531,0.0017320702075958251,2.8157057762145996,1000,461.23206,2669,2669000,0.0010553441047668457,355.24730162053527
0.0012767314910888672,0.0015306522846221923,2.552391529083252,1000,706.3663,2673,2673000,0.0009945740699768067,391.8848528795796
0.0018489360809326172,0.001760075807571411,2.8151772022247314,1000,989.4915,2677,2677000,0.0010255725383758545,355.32410427371224
0.0014729499816894531,0.0018156423568725585,2.973944902420044,1000,429.7574,2681,2681000,0.001127267599105835,336.32580664431873
0.0015385150909423828,0.0017187128067016602,2.780900001525879,1000,559.6563,2685,2685000,0.0010319247245788575,359.68333010036275
0.0015010833740234375,0.0016368467807769775,2.617070436477661,1000,1000.0,2690,2690000,0.0009514975547790527,382.20943139578253
0.0016405582427978516,0.0017182590961456298,2.8092737197875977,1000,544.122,2694,2694000,0.0010601816177368164,356.08561735710913
0.0015158653259277344,0.0017411265373229981,2.7900264263153076,1000,695.5397,2698,2698000,0.0010207881927490235,358.47643004549775
0.0018382072448730469,0.0013062703609466554,2.2711923122406006,1000,398.4875,2702,2702000,0.0009383692741394043,440.4244190814488
0.0008792877197265625,0.001642439365386963,2.7244536876678467,1000,957.1787,2706,2706000,0.0010543198585510254,367.1300129002622
0.002395153045654297,0.0016465301513671874,2.7274022102355957,1000,325.03955,2710,2710000,0.0010485739707946776,366.7320656841746
0.002778768539428711,0.0015600602626800538,2.616126537322998,1000,500.2975,2714,2714000,0.001026115655899048,382.3748020688314
0.001401662826538086,0.0018211026191711425,2.9808759689331055,1000,446.87036,2718,2718000,0.0011299095153808594,335.54582324528815
0.002207040786743164,0.001651801824569702,2.682032823562622,1000,393.02478,2722,2722000,0.0010015594959259034,372.93280253981374
0.0013477802276611328,0.0017446665763854981,2.8457324504852295,1000,341.40695,2726,2726000,0.001070821762084961,351.4842723445335
0.0009398460388183594,0.0014667317867279052,2.416477680206299,1000,962.66003,2730,2730000,0.0009246664047241211,413.93426363431627
0.0008754730224609375,0.00166109037399292,2.7356441020965576,1000,599.9541,2734,2734000,0.0010461862087249756,365.62148401402374
0.001840353012084961,0.0014245798587799072,2.4188520908355713,1000,454.78946,2738,2738000,0.0009664106369018555,413.52391388086545
0.0013604164123535156,0.0016611690521240235,2.7305898666381836,1000,807.48865,2742,2742000,0.001038830280303955,366.3105688485136
0.0017580986022949219,0.0016922886371612549,2.7775070667266846,1000,378.551,2746,2746000,0.0010523242950439453,360.1208695782083
0.0013210773468017578,0.0015528662204742432,2.598546266555786,1000,346.74643,2750,2750000,0.0010169594287872314,384.9301499696272
0.0013909339904785156,0.001819092035293579,2.815868377685547,1000,983.94446,2754,2754000,0.0009681670665740966,355.20957455007084
0.0010607242584228516,0.001683530569076538,2.7098865509033203,1000,975.16174,2758,2758000,0.000999300479888916,369.11217882461693
0.0020017623901367188,0.0015171115398406982,2.5122568607330322,1000,436.50513,2762,2762000,0.0009656963348388672,398.14765594030456
0.0014557838439941406,0.001679798126220703,2.7222466468811035,1000,515.1366,2766,2766000,0.0010142397880554199,367.42338367328773
0.0014624595642089844,0.0016693270206451416,2.7378838062286377,1000,429.3302,2770,2770000,0.0010362632274627686,365.3270367618309
0.0019533634185791016,0.001635730266571045,2.716874361038208,1000,281.67416,2774,2774000,0.0010526399612426757,368.15159513773176
0.0011463165283203125,0.0015222597122192382,2.565214157104492,1000,999.217,2778,2778000,0.0010163874626159667,389.9280172909479
0.0022094249725341797,0.0014083943367004395,2.3656322956085205,1000,974.1521,2782,2782000,0.0009303412437438965,422.82453942532896
0.0015368461608886719,0.0015923271179199218,2.65022349357605,1000,666.5793,2786,2786000,0.0010290462970733642,377.40879858448665
0.0017635822296142578,0.001605365753173828,2.6340503692626953,1000,568.37,2790,2790000,0.001000472068786621,379.74008068846575
0.001157522201538086,0.0016313481330871582,2.6964492797851562,1000,541.1684,2794,2794000,0.0010362594127655029,370.94725935037286
0.0013699531555175781,0.0016966333389282226,2.7031946182250977,1000,941.57886,2798,2798000,0.0009778878688812256,370.03413613040277
0.002119779586791992,0.0019176318645477296,3.0056793689727783,1000,956.56213,2802,2802000,0.0010546445846557617,332.7932381061422
0.0008935928344726562,0.001440781831741333,2.4227216243743896,1000,999.9591,2806,2806000,0.0009555883407592773,412.8598591988087
0.0021963119506835938,0.0015715088844299317,2.585214376449585,1000,396.17267,2810,2810000,0.0009839706420898438,386.93319640667147
0.002701997756958008,0.0015996599197387695,2.637953042984009,1000,600.44855,2814,2814000,0.0010089199542999267,379.16141071088606
0.0028977394104003906,0.0015889005661010743,2.6447527408599854,1000,587.5115,2818,2818000,0.0010247499942779542,378.2031889577723
0.0011837482452392578,0.001408135175704956,2.364327907562256,1000,461.34625,2822,2822000,0.0009297811985015869,423.1095917661618
0.0016231536865234375,0.0017421410083770753,2.8461618423461914,1000,518.9612,2826,2826000,0.001074357509613037,351.4256087416691
0.002719402313232422,0.0019149253368377687,3.078435182571411,1000,369.91104,2830,2830000,0.00113161039352417,324.90888260050804
0.0018651485443115234,0.001676133394241333,2.699948787689209,1000,515.62604,2834,2834000,0.0009942078590393067,370.4599968856765
0.002521038055419922,0.0017092039585113526,2.77555775642395,1000,636.66095,2838,2838000,0.0010364272594451905,360.3828889477359
0.0010743141174316406,0.0017809953689575195,2.84297251701355,1000,748.48956,2842,2842000,0.0010334639549255372,351.8237982070198
0.0019001960754394531,0.0017112491130828857,2.7586429119110107,1000,632.76514,2846,2846000,0.001018310308456421,362.57949437398497
0.0016281604766845703,0.0017431683540344238,2.808422088623047,1000,890.912,2850,2850000,0.0010352396965026855,356.15476851490575
0.002116680145263672,0.001650879144668579,2.6541903018951416,1000,4.8053703,2854,2854000,0.0009746625423431396,376.85061435944755
0.0011429786682128906,0.0017916789054870604,2.8777480125427246,1000,609.02405,2858,2858000,0.0010584437847137452,347.57589599134985
0.0011560916900634766,0.0014979343414306642,2.4682865142822266,1000,562.3483,2862,2862000,0.0009437665939331055,405.23916749773
0.0014574527740478516,0.001599609375,2.6711506843566895,1000,430.87015,2866,2866000,0.0010429000854492187,374.4623743032795
0.0015757083892822266,0.001739030361175537,2.8186066150665283,1000,747.64795,2871,2871000,0.0010474402904510499,354.86549719575896
0.003094196319580078,0.0015774829387664795,2.602785110473633,1000,548.8696,2875,2875000,0.0009958624839782714,384.280317762313
0.0009186267852783203,0.0016520755290985107,2.6007416248321533,1000,30.907139,2879,2879000,0.0009217987060546875,384.60816870915727
0.0015423297882080078,0.0014681777954101563,2.4853599071502686,1000,329.08926,2883,2883000,0.0009894402027130127,402.4592565924554
0.0009644031524658203,0.0013991308212280274,2.377990484237671,1000,358.45895,2887,2887000,0.0009524414539337159,420.61223626144744
0.0019190311431884766,0.0015029368400573731,2.4871387481689453,1000,655.57446,2891,2891000,0.0009542257785797119,402.17758487522997
0.0009708404541015625,0.0016818118095397949,2.656736135482788,1000,987.25964,2895,2895000,0.0009482495784759521,376.49126951840975
0.001903533935546875,0.0015937645435333252,2.6056203842163086,1000,1000.0,2899,2899000,0.0009842710494995118,383.864157447212
0.0020372867584228516,0.0016648104190826415,2.660867691040039,1000,728.4922,2903,2903000,0.0009673483371734619,375.9045949079105
0.0010190010070800781,0.001566741943359375,2.5731422901153564,1000,792.4695,2907,2907000,0.0009766213893890382,388.72825378760143
0.002150297164916992,0.0014938039779663086,2.508815288543701,1000,417.27753,2911,2911000,0.0009870898723602294,398.69635551023254
0.0012676715850830078,0.001480072021484375,2.444216728210449,1000,449.10135,2915,2915000,0.00093562650680542,409.2370019834945
0.0009603500366210938,0.0014066412448883057,2.381150484085083,1000,251.87976,2919,2919000,0.0009473366737365723,420.0869959747085
0.0010635852813720703,0.0016519620418548584,2.708437442779541,1000,953.48596,2924,2924000,0.0010278971195220948,369.2999939070798
0.0011467933654785156,0.0017225885391235353,2.829629898071289,1000,91.4912,2928,2928000,0.0010785346031188965,353.48986950730335
0.0010001659393310547,0.0014219143390655517,2.378887891769409,1000,446.7388,2932,2932000,0.0009302930831909179,420.46841036466725
0.0009286403656005859,0.001407818078994751,2.4006831645965576,1000,209.96194,2936,2936000,0.0009659063816070556,416.6578337766997
0.0013489723205566406,0.0017050061225891114,2.812152624130249,1000,665.9524,2940,2940000,0.001077648639678955,355.6766724644377
0.0007741451263427734,0.0015049922466278077,2.5290579795837402,1000,775.4047,2944,2944000,0.0009979262351989746,395.49955262002294
0.0015871524810791016,0.0017768676280975342,2.820204734802246,1000,999.9998,2948,2948000,0.0010134847164154053,354.6916837255589
0.0009167194366455078,0.001632629632949829,2.7085752487182617,1000,998.0397,2952,2952000,0.0010493361949920654,369.28695540395205
0.0020110607147216797,0.0015323390960693358,2.5476856231689453,1000,796.17786,2956,2956000,0.0009862120151519775,392.6102882087944
0.0014679431915283203,0.0015983057022094726,2.650235414505005,1000,738.44867,2960,2960000,0.0010226106643676759,377.4113455808866
0.0011439323425292969,0.0016886751651763916,2.785618782043457,1000,974.3303,2964,2964000,0.0010691444873809814,359.06875240185803
0.001512289047241211,0.0016582067012786866,2.7200613021850586,1000,470.20062,2968,2968000,0.00103300142288208,367.74101686260565
0.00213623046875,0.001714369297027588,2.7223474979400635,1000,933.60425,2973,2973000,0.000979229211807251,367.40436243977007
0.0009472370147705078,0.0018638885021209717,2.9629626274108887,1000,466.2423,2977,2977000,0.0010696980953216553,337.57522657511214
0.0024487972259521484,0.0017219905853271484,2.779014825820923,1000,872.4894,2981,2981000,0.0010274784564971923,359.92265913624135
0.0012791156768798828,0.0016680126190185547,2.7499892711639404,1000,784.2227,2985,2985000,0.0010530474185943604,363.7223880659141
0.001239776611328125,0.001616734504699707,2.6834685802459717,1000,450.51648,2989,2989000,0.0010374395847320558,372.73329222367107
0.0013668537139892578,0.0014545657634735107,2.413637399673462,1000,847.3925,2993,2993000,0.0009327633380889893,414.40581240574284
0.0014698505401611328,0.0017085683345794678,2.734518527984619,1000,983.56165,2997,2997000,0.0009946877956390381,365.7657278982195
0.001268148422241211,0.0015114560127258302,2.525041103363037,1000,233.82462,3001,3001000,0.0009862384796142578,396.1294329469667
0.001268148422241211,0.0015768446922302245,2.5147976875305176,1000,998.8283,3005,3005000,0.0009124264717102051,397.7441179103504
0.0014524459838867188,0.0016863257884979247,2.7386369705200195,1000,690.1422,3009,3009000,0.0010229473114013671,365.23083763374393
0.0013093948364257812,0.0016130495071411133,2.5749623775482178,1000,7.968255,3013,3013000,0.0009339504241943359,388.4481989451534
0.0020754337310791016,0.0015132029056549071,2.5526630878448486,1000,198.83801,3017,3017000,0.0010106229782104491,391.83184177418764
0.0008881092071533203,0.0016279618740081788,2.628305196762085,1000,991.8546,3021,3021000,0.0009725081920623779,380.56452482921884
0.0013842582702636719,0.0014938106536865235,2.523005962371826,1000,327.78223,3025,3025000,0.00100099515914917,396.4662801227312
0.001959562301635742,0.0014324991703033448,2.4075162410736084,1000,783.4174,3029,3029000,0.0009477257728576661,415.4591917695516
0.0010733604431152344,0.001640958309173584,2.681117296218872,1000,985.0632,3034,3034000,0.0010142004489898681,373.0637270118587
0.0012123584747314453,0.0014537253379821777,2.3889222145080566,1000,469.8263,3038,3038000,0.0009092235565185547,418.7069999162447
0.0010063648223876953,0.0013595049381256103,2.3091542720794678,1000,481.3229,3043,3043000,0.0009221277236938477,433.19629527303897
0.0026340484619140625,0.0018480229377746582,2.861133098602295,1000,976.402,3047,3047000,0.0009831435680389404,349.58534548430816
0.0013356208801269531,0.0015571210384368896,2.591855525970459,1000,607.8354,3051,3051000,0.0010059564113616944,385.93321115761177
0.0019488334655761719,0.0015794076919555663,2.5988311767578125,1000,858.89764,3055,3055000,0.0009902629852294922,384.87985121994126
0.0015780925750732422,0.0016166889667510987,2.683889627456665,1000,319.19904,3059,3059000,0.0010358154773712157,372.6800041014931
0.0017590522766113281,0.0016146080493927002,2.6678545475006104,1000,525.3448,3063,3063000,0.0010236949920654297,374.9127367593619
0.0015401840209960938,0.0017280809879302978,2.7996175289154053,1000,652.663,3067,3067000,0.0010429453849792481,357.25879539089493
0.0027179718017578125,0.001791516065597534,2.89337420463562,1000,667.69556,3071,3071000,0.0010722644329071046,345.74341894520126
0.0015530586242675781,0.0019535763263702393,3.1183810234069824,1000,12.5026245,3075,3075000,0.001134324312210083,320.7482543467071
0.002599477767944336,0.0019297080039978028,3.0750415325164795,1000,567.8979,3079,3079000,0.0011143012046813964,325.26553865970686
0.0009024143218994141,0.0017157499790191651,2.790616035461426,1000,247.33824,3083,3083000,0.0010464985370635985,358.4350428009985
0.0010333061218261719,0.0016909022331237794,2.7454497814178467,1000,810.7128,3087,3087000,0.00102724027633667,364.3218714606815
0.001641988754272461,0.0015746304988861085,2.6218559741973877,1000,646.4096,3091,3091000,0.0010201733112335206,381.4939197787532
0.0018620491027832031,0.0017471725940704345,2.817107915878296,1000,795.22406,3095,3095000,0.0010406310558319092,355.0590168761016
0.001795053482055664,0.0017307534217834472,2.752000331878662,1000,80.92088,3099,3099000,0.0009904260635375977,363.4601848001291
0.0009665489196777344,0.0014206357002258302,2.4142215251922607,1000,411.9643,3103,3103000,0.0009660003185272217,414.32398122855244
0.0017287731170654297,0.0013296172618865968,2.2627241611480713,1000,500.42178,3107,3107000,0.0009066734313964844,442.06655032959185
0.0019927024841308594,0.0017707784175872803,2.8810417652130127,1000,282.30322,3111,3111000,0.0010795772075653076,347.17403928990257
0.0013527870178222656,0.0013190147876739502,2.2760868072509766,1000,511.08374,3115,3115000,0.0009301581382751465,439.4617706448241
0.0017018318176269531,0.001576354742050171,2.604882001876831,1000,957.01733,3119,3119000,0.0010008578300476074,383.9915861218617
0.002022266387939453,0.001547187328338623,2.5586254596710205,1000,615.67633,3123,3123000,0.0009827044010162355,390.9402026944211
0.0014379024505615234,0.0017404472827911377,2.8088197708129883,1000,509.2431,3127,3127000,0.0010393893718719483,356.0969844829718
0.0011298656463623047,0.001707331657409668,2.8113441467285156,1000,386.04773,3131,3131000,0.001074310541152954,355.7851356041988
0.0013277530670166016,0.001593468189239502,2.6005821228027344,1000,726.8414,3135,3135000,0.0009795489311218261,384.6244278048817
0.0026197433471679688,0.001558560609817505,2.6091465950012207,1000,455.8936,3139,3139000,0.0010224313735961914,383.35469172848354
0.0022263526916503906,0.0018261523246765137,2.9895927906036377,1000,379.23523,3143,3143000,0.001132390022277832,334.5628464337021
0.0014727115631103516,0.0018123276233673097,2.82283353805542,1000,4.601466,3147,3147000,0.0009800798892974853,354.336364855185
0.0015451908111572266,0.0016194636821746827,2.6878879070281982,1000,432.65662,3151,3151000,0.0010400362014770508,372.12996491106037
0.0014727115631103516,0.0015971720218658446,2.6297688484191895,1000,432.08167,3156,3156000,0.0010041806697845459,380.37667076096665
0.0031685829162597656,0.0016045277118682862,2.664482831954956,1000,471.82898,3160,3160000,0.0010295178890228271,375.3964692377104
0.0017523765563964844,0.0016653070449829102,2.7469005584716797,1000,516.1279,3164,3164000,0.001054039716720581,364.1273245509248
0.0023300647735595703,0.0017340273857116698,2.8345930576324463,1000,768.3205,3168,3168000,0.0010705533027648925,352.8744055035668
0.0016219615936279297,0.0016504871845245362,2.7043616771698,1000,900.13635,3172,3172000,0.0010253067016601563,369.8581625325035
0.0010466575622558594,0.0015243728160858154,2.4773590564727783,1000,842.2826,3176,3176000,0.0009269113540649414,403.7531497008939
0.001994609832763672,0.0015558736324310302,2.6087801456451416,1000,1000.0,3180,3180000,0.0010230491161346436,383.41076103165307
0.0014562606811523438,0.0016382203102111817,2.583681344985962,1000,999.45764,3184,3184000,0.0009187276363372802,387.1220100014961
0.0017211437225341797,0.0015652623176574706,2.6146771907806396,1000,308.70578,3188,3188000,0.0010211796760559082,382.5453400571551
0.0018038749694824219,0.0014352526664733888,2.417827844619751,1000,384.225,3193,3193000,0.0009542691707611084,413.7069709109327
0.0014195442199707031,0.001634676456451416,2.7014505863189697,1000,863.7756,3197,3197000,0.001037353515625,370.2911041670621
0.0018506050109863281,0.0016067728996276855,2.675299644470215,1000,133.36139,3201,3201000,0.0010384197235107423,373.887200149758
0.0019927024841308594,0.0014686439037322999,2.4609949588775635,1000,358.3211,3205,3205000,0.0009636766910552978,406.4463494334438
0.0014688968658447266,0.0016822912693023682,2.7481555938720703,1000,651.42114,3209,3209000,0.0010366711616516112,363.9647238398706
0.0012302398681640625,0.0015305335521697998,2.532243251800537,1000,592.8729,3213,3213000,0.0009740386009216309,395.0014559561036
0.0016622543334960938,0.00163970947265625,2.7142956256866455,1000,764.4678,3217,3217000,0.0010459599494934081,368.5077186843418
0.0013818740844726562,0.001733229398727417,2.7618396282196045,1000,973.9685,3221,3221000,0.0010002162456512452,362.15732030605517
0.0021152496337890625,0.0016799423694610596,2.718634843826294,1000,745.6835,3225,3225000,0.001009899377822876,367.9114634446718
0.0010709762573242188,0.0017773747444152833,2.8581912517547607,1000,808.37946,3229,3229000,0.001052039384841919,349.9392531465969
0.0015935897827148438,0.0016928384304046632,2.8028204441070557,1000,842.35547,3233,3233000,0.0010802865028381348,356.8670703549787
0.0010263919830322266,0.001658076524734497,2.718518018722534,1000,641.25806,3237,3237000,0.001032414436340332,367.9282779581759
0.0021080970764160156,0.0017189395427703858,2.8109700679779053,1000,454.0452,3241,3241000,0.0010615386962890625,355.8413391831649
0.002345561981201172,0.001582390546798706,2.564720869064331,1000,726.02313,3245,3245000,0.0009533963203430175,390.0027430250452
0.0021333694458007812,0.0020385715961456297,3.2601568698883057,1000,573.49915,3249,3249000,0.0011889009475708008,306.7938127815639
0.0020949840545654297,0.0019267640113830567,3.0208725929260254,1000,990.7186,3253,3253000,0.0010650949478149415,331.0972599937906
0.0015361309051513672,0.001617687463760376,2.630812406539917,1000,675.4887,3257,3257000,0.0009841363430023193,380.19989232982823
0.0016837120056152344,0.0015124619007110597,2.4907608032226562,1000,634.1129,3261,3261000,0.0009515905380249024,401.57708591441684
0.001750946044921875,0.0014999232292175293,2.536134958267212,1000,423.32382,3265,3265000,0.0010070834159851075,394.39881436925634
0.0009272098541259766,0.0012713463306427,2.1867294311523438,1000,915.5191,3269,3269000,0.0008888592720031739,457.46350400589665
0.002086162567138672,0.0015095682144165038,2.526242733001709,1000,377.5661,3273,3273000,0.0009885776042938233,395.9373018215005
0.0013086795806884766,0.0015980112552642822,2.630643606185913,1000,313.86038,3277,3277000,0.0010044896602630616,380.2380821361703
0.002133607864379883,0.0020811991691589357,3.2790887355804443,1000,829.1004,3281,3281000,0.0011652984619140625,305.0298866169583
0.001329183578491211,0.002101895809173584,3.312431573867798,1000,569.52795,3284,3284000,0.0011790008544921874,301.95418735252093
0.0013499259948730469,0.0018886795043945312,3.0070207118988037,1000,944.1498,3288,3288000,0.001089552640914917,332.6280765173113
0.0014693737030029297,0.0014745118618011476,2.4315531253814697,1000,954.5714,3292,3292000,0.000928961992263794,411.3747768448684
0.001348257064819336,0.0016382014751434326,2.7324483394622803,1000,701.7355,3296,3296000,0.001066746473312378,366.05382259388546
0.001241922378540039,0.0015968286991119385,2.655327320098877,1000,202.94247,3300,3300000,0.0010297770500183106,376.68426913819735
0.0025320053100585938,0.0017839310169219971,2.898983955383301,1000,374.5968,3304,3304000,0.0010836737155914306,345.0112918436737
0.0010302066802978516,0.0014813029766082763,2.4892334938049316,1000,356.92218,3308,3308000,0.000981534481048584,401.8227674250929
0.002397775650024414,0.0019406750202178955,3.0578184127807617,1000,974.967,3312,3312000,0.0010868155956268312,327.0983526870695
0.0020055770874023438,0.0017820241451263427,2.8905930519104004,1000,999.7616,3316,3316000,0.0010778698921203613,346.0173517517158
0.0015325546264648438,0.002101253032684326,3.2494592666625977,1000,974.93567,3320,3320000,0.0011186902523040772,307.79599404002204
0.0026772022247314453,0.0022117838859558106,3.4206326007843018,1000,486.29843,3324,3324000,0.0011778988838195802,292.3878703380969
0.0030059814453125,0.0016878626346588134,2.7822792530059814,1000,919.8218,3328,3328000,0.001064605712890625,359.50405749865195
0.0011434555053710938,0.001698380470275879,2.7492265701293945,1000,770.75916,3332,3332000,0.0010231316089630127,363.8234430521828
0.0026853084564208984,0.0017552568912506104,2.799734592437744,1000,1000.0,3336,3336000,0.0010145149230957032,357.26159499863206
0.0020287036895751953,0.0016508736610412597,2.6938607692718506,1000,992.15564,3340,3340000,0.0010090496540069581,371.6452893076344
0.0021359920501708984,0.0017260282039642334,2.7858214378356934,1000,770.24365,3344,3344000,0.0010298228263854981,359.05762508557393
0.001435995101928711,0.0016205756664276123,2.6521573066711426,1000,839.14746,3348,3348000,0.0009992120265960693,377.14386114270985
0.0014500617980957031,0.0014842369556427003,2.4592409133911133,1000,987.0546,3352,3352000,0.0009467427730560303,406.7265405420921
0.0015370845794677734,0.0013276102542877197,2.2599403858184814,1000,955.7163,3356,3356000,0.0009057645797729493,442.6407548873485
0.001638650894165039,0.0017193036079406739,2.7888705730438232,1000,541.82556,3360,3360000,0.001041271209716797,358.6510907880722
0.001840829849243164,0.0017999343872070312,2.8519229888916016,1000,840.841,3364,3364000,0.0010229036808013915,350.7120845755228
0.0016167163848876953,0.0017472362518310546,2.8468220233917236,1000,454.42908,3368,3368000,0.0010693719387054443,351.35666281939183
0.0008683204650878906,0.0016749477386474609,2.727888822555542,1000,497.10382,3372,3372000,0.001026021957397461,366.6711834298318
0.0025153160095214844,0.0015746369361877442,2.5676889419555664,1000,901.5065,3376,3376000,0.0009643056392669677,389.55054846116394
0.0019328594207763672,0.0016992118358612062,2.7732043266296387,1000,643.9248,3380,3380000,0.0010437021255493165,360.7280433255098
0.0013155937194824219,0.0016950559616088867,2.705796003341675,1000,984.0464,3385,3385000,0.000984323263168335,369.6614713927965
0.0021250247955322266,0.0016617212295532227,2.754040002822876,1000,393.66602,3389,3389000,0.001061978578567505,363.1868173260287
0.001447439193725586,0.0015124557018280028,2.500473737716675,1000,528.1115,3394,3394000,0.0009612619876861572,400.02094378453614
0.00133514404296875,0.001581493854522705,2.632364273071289,1000,255.30563,3398,3398000,0.0010218496322631837,379.98075954587165
0.0011565685272216797,0.001897714614868164,3.004444122314453,1000,996.2889,3402,3402000,0.0010776665210723876,332.9051016191794
0.002624988555908203,0.0017740540504455565,2.7840049266815186,1000,974.55945,3406,3406000,0.000980280637741089,359.2849189307585
0.0028619766235351562,0.001523474931716919,2.5201785564422607,1000,470.95172,3410,3410000,0.0009677832126617432,396.8992248062016
0.002306699752807617,0.0014395370483398437,2.336721181869507,1000,4.999339,3414,3414000,0.0008700716495513916,428.06489703815663
0.000989675521850586,0.0013885140419006349,2.3563547134399414,1000,145.9344,3418,3418000,0.0009424188137054444,424.4904535534937
0.001703023910522461,0.001746011734008789,2.838017225265503,1000,774.11816,3422,3422000,0.0010640807151794435,352.4316906394995
0.0011472702026367188,0.0014517788887023926,2.4673593044281006,1000,421.718,3426,3426000,0.0009890906810760497,405.3958000984903
0.0013518333435058594,0.001698707103729248,2.692307472229004,1000,990.4111,3430,3430000,0.0009670498371124268,371.52641557116095
0.0014562606811523438,0.0018133444786071777,2.8473715782165527,1000,890.12146,3434,3434000,0.001005861759185791,351.27835870927544
0.0020456314086914062,0.0015734436511993409,2.5952863693237305,1000,485.32748,3438,3438000,0.000992295503616333,385.41108822866727
0.0029571056365966797,0.001381065607070923,2.3352856636047363,1000,197.04016,3442,3442000,0.0009260733127593995,428.32259115364525
0.0011014938354492188,0.0015931594371795654,2.6358940601348877,1000,473.76306,3446,3446000,0.0010141892433166504,379.47580944674286
0.0016834735870361328,0.0016202435493469238,2.6601383686065674,1000,999.0091,3450,3450000,0.0010124444961547852,376.0181630324913
0.0028769969940185547,0.001607036828994751,2.6640493869781494,1000,198.00504,3454,3454000,0.0010275442600250243,375.46156090276475
0.0016903877258300781,0.0017061746120452881,2.728444814682007,1000,987.5189,3458,3458000,0.0009941248893737794,366.5788246415409
0.0011789798736572266,0.001934112787246704,3.1104736328125,1000,421.46848,3462,3462000,0.0011462926864624023,321.5615873840461
0.001825571060180664,0.002115208625793457,3.34525203704834,1000,984.0956,3466,3466000,0.0011975312232971192,298.9928080119132
0.002622842788696289,0.0018480253219604493,2.9125239849090576,1000,873.70294,3470,3470000,0.0010351462364196777,343.41469804990777
0.0011000633239746094,0.0022047266960144043,3.416330099105835,1000,793.13,3473,3473000,0.0011794726848602295,292.77003268469997
0.002433300018310547,0.0021174497604370115,3.3832311630249023,1000,472.69037,3477,3477000,0.0012318382263183593,295.6373670671015
0.0013225078582763672,0.002090480089187622,3.2947447299957275,1000,552.9858,3481,3481000,0.0011718525886535644,303.57669797198105
0.001031637191772461,0.0019105660915374756,3.0706543922424316,1000,259.3823,3485,3485000,0.0011299724578857423,325.7253931680284
0.0011105537414550781,0.002001091480255127,3.194483518600464,1000,967.89514,3489,3489000,0.0011625964641571046,313.10255649788894
0.0015454292297363281,0.0017376360893249512,2.829678535461426,1000,962.5884,3493,3493000,0.0010590522289276123,353.48948221673925
0.001773834228515625,0.0017770240306854248,2.8848447799682617,1000,467.02335,3497,3497000,0.001075751781463623,346.7284196422541
0.0011360645294189453,0.0019509570598602295,3.1288022994995117,1000,957.1973,3501,3501000,0.0011473889350891112,319.6793499440221
0.002389192581176758,0.002122563362121582,3.355459451675415,1000,184.5784,3504,3504000,0.0011983745098114013,298.079346893942
0.00113677978515625,0.0019586799144744875,3.154531240463257,1000,999.9897,3508,3508000,0.0011644272804260255,317.0566934744348
0.001226663589477539,0.0018481731414794922,2.9520623683929443,1000,983.6897,3512,3512000,0.0010754077434539796,338.8210721415236
0.0013113021850585938,0.0015565929412841796,2.588334083557129,1000,452.02072,3516,3516000,0.001003420352935791,386.45632337323724
0.0024352073669433594,0.00159381103515625,2.6362643241882324,1000,422.25488,3520,3520000,0.001013206958770752,379.4109660094486
0.0011167526245117188,0.0016432161331176758,2.7295007705688477,1000,656.14734,3524,3524000,0.0010569820404052735,366.4560294247931
0.0011172294616699219,0.0018720285892486572,2.9146974086761475,1000,990.63745,3528,3528000,0.0010146260261535644,343.1562952998522
0.0014917850494384766,0.001583519220352173,2.572321891784668,1000,995.24054,3532,3532000,0.0009603526592254639,388.8441522875525
0.0010025501251220703,0.0013815038204193116,2.3318448066711426,1000,652.42834,3536,3536000,0.000925309419631958,428.9575471215701
0.0019440650939941406,0.0017858624458312988,2.7854626178741455,1000,961.528,3541,3541000,0.000971534013748169,359.08403053140245
0.002193450927734375,0.00222686767578125,3.379530191421509,1000,6.5085597,3545,3545000,0.0011218934059143066,295.9536528116911
0.001384735107421875,0.0016862292289733887,2.692190408706665,1000,4.653796,3549,3549000,0.0009780919551849365,371.53609117617907
0.0019016265869140625,0.001601269006729126,2.6473100185394287,1000,496.03586,3553,3553000,0.0010168344974517821,377.82907617307245
0.0013434886932373047,0.0017372257709503175,2.8239896297454834,1000,962.6996,3557,3557000,0.0010571868419647216,354.27120950101045
0.0018918514251708984,0.0015997920036315918,2.629964590072632,1000,471.35907,3561,3561000,0.00100115966796875,380.30958801239353
0.002207517623901367,0.0014773423671722412,2.500457525253296,1000,451.643,3565,3565000,0.0009919683933258057,400.0370822948447
0.002351999282836914,0.0016066980361938476,2.6757431030273438,1000,838.2123,3569,3569000,0.0010405511856079101,373.8172225094027
0.0017933845520019531,0.0015490460395812988,2.5909433364868164,1000,479.85907,3573,3573000,0.0010134148597717284,386.040555618807
0.0014224052429199219,0.0016296000480651854,2.6844637393951416,1000,416.67184,3577,3577000,0.0010268502235412597,372.5951852180865
0.0012602806091308594,0.0017252984046936036,2.831705093383789,1000,977.8299,3581,3581000,0.0010774013996124267,353.22111529778704
0.0014290809631347656,0.001706806182861328,2.7892003059387207,1000,522.3291,3585,3585000,0.0010526390075683593,358.6032858641632
0.0011718273162841797,0.0013773369789123536,2.3960578441619873,1000,508.02048,3589,3589000,0.0009922807216644286,417.45766207211204
0.002390623092651367,0.0014012930393218993,2.3799333572387695,1000,301.1975,3593,3593000,0.0009511251449584961,420.2906509042709
0.003195047378540039,0.0018313615322113038,2.9113962650299072,1000,999.22424,3597,3597000,0.0010481963157653808,343.54479109502086
0.0008962154388427734,0.001579540491104126,2.588794231414795,1000,978.695,3601,3601000,0.0009836881160736083,386.3701725422181
0.0009124279022216797,0.0013003404140472412,2.2188355922698975,1000,813.68665,3606,3606000,0.000893059253692627,450.7969897885868
0.0010833740234375,0.0016718614101409912,2.7284300327301025,1000,959.79016,3610,3610000,0.001026869535446167,366.59071138352965
0.0015263557434082031,0.001917792797088623,3.0735666751861572,1000,602.0698,3614,3614000,0.0011246473789215089,325.42528582240936
0.0023093223571777344,0.0019130311012268066,2.9276950359344482,1000,983.3366,3618,3618000,0.000982585906982422,341.62405295587234
0.0018508434295654297,0.0015909318923950195,2.6464858055114746,1000,680.2651,3622,3622000,0.0010237879753112794,377.95137089805155
0.0013267993927001953,0.0015786707401275635,2.5931880474090576,1000,602.59503,3626,3626000,0.000986448049545288,385.7162182281937
0.002024412155151367,0.0018992393016815186,3.0140154361724854,1000,789.4694,3630,3630000,0.0010813956260681153,331.85767328456103
0.003192424774169922,0.001987859010696411,3.1951467990875244,1000,506.7947,3634,3634000,0.0011737685203552246,313.0459107441974
0.0012562274932861328,0.0018554489612579346,2.9578161239624023,1000,697.1883,3638,3638000,0.0010726771354675293,338.1662718991941
0.0010395050048828125,0.0013418095111846925,2.2884089946746826,1000,969.25916,3642,3642000,0.000920557975769043,437.10732624862266
0.0010561943054199219,0.0014611666202545167,2.4590132236480713,1000,674.4069,3646,3646000,0.0009717769622802734,406.77659700855634
0.002483367919921875,0.0015741686820983888,2.5760865211486816,1000,617.76526,3650,3650000,0.0009727001190185547,388.28303392777497
0.0012023448944091797,0.0013604888916015625,2.319033622741699,1000,864.28455,3654,3654000,0.0009327564239501953,431.3301075388241
0.0013079643249511719,0.0016342151165008546,2.675605058670044,1000,734.3036,3658,3658000,0.0010128331184387207,373.825518489341
0.0024530887603759766,0.0014908876419067383,2.4487457275390625,1000,6.631271,3662,3662000,0.0009308192729949951,408.4991665526348
0.001033782958984375,0.001411494255065918,2.3955636024475098,1000,703.57227,3666,3666000,0.0009585158824920654,417.5560327247021
0.0014503002166748047,0.001318007469177246,2.2484121322631836,1000,552.97144,3670,3670000,0.0009055900573730469,444.882246804351
0.001119375228881836,0.0017139027118682861,2.812187910079956,1000,377.81244,3674,3674000,0.001069528579711914,355.6938049397489
0.0016078948974609375,0.0020101282596588135,3.207472801208496,1000,496.12158,3678,3678000,0.0011639654636383056,311.83632708709627
0.0030574798583984375,0.00160459041595459,2.6586790084838867,1000,852.4131,3682,3682000,0.0010212807655334472,376.23183673762287
0.001461029052734375,0.0016866660118103028,2.748347759246826,1000,446.64645,3686,3686000,0.001032090425491333,363.95828094327953
0.0017774105072021484,0.0019537298679351807,3.100227117538452,1000,949.954,3690,3690000,0.0011152105331420899,322.61802241025117
0.0016362667083740234,0.001912393569946289,3.0546116828918457,1000,480.438,3694,3694000,0.0011093175411224364,327.4433965644668
0.0012705326080322266,0.001540557861328125,2.549877405166626,1000,500.76074,3698,3698000,0.0009775681495666504,392.27834442853145
0.0023322105407714844,0.0016635024547576904,2.706249475479126,1000,595.77264,3702,3702000,0.001014418125152588,369.6010131656191
0.0012142658233642578,0.0017403991222381592,2.7952933311462402,1000,989.60034,3706,3706000,0.0010277550220489501,357.82542200333756
0.002591371536254883,0.0015144333839416503,2.4775075912475586,1000,657.5213,3710,3710000,0.0009354069232940673,403.72944271856363
0.0024149417877197266,0.0015308628082275392,2.503093957901001,1000,661.4631,3714,3714000,0.0009428246021270752,399.6098322427272
0.0022749900817871094,0.0016628899574279786,2.6558425426483154,1000,992.5801,3718,3718000,0.0009620447158813477,376.6461471954692
0.001035928726196289,0.001277031421661377,2.1795167922973633,1000,406.64505,3723,3723000,0.0008772749900817871,458.9322097713088
0.0011944770812988281,0.001345306396484375,2.2900521755218506,1000,330.64505,3728,3728000,0.0009178504943847657,436.7605338713755
0.0014066696166992188,0.0014753050804138183,2.4829084873199463,1000,591.9939,3732,3732000,0.000979093313217163,402.86255650496634
0.0011219978332519531,0.0016286933422088622,2.6838576793670654,1000,508.64014,3736,3736000,0.001025836706161499,372.6917268433397
0.0011782646179199219,0.001534996509552002,2.5583014488220215,1000,593.1959,3740,3740000,0.0009951672554016112,390.98437117369497
0.0019259452819824219,0.0015318732261657714,2.4945197105407715,1000,999.99115,3744,3744000,0.0009343066215515137,400.96534444049837
0.0009393692016601562,0.0014161412715911865,2.405372381210327,1000,686.6124,3749,3749000,0.000963085412979126,415.85133390957384
0.0010826587677001953,0.0016013631820678712,2.6353726387023926,1000,377.74976,3753,3753000,0.0010037877559661865,379.54455601618224
0.0008256435394287109,0.0016931099891662597,2.766310930252075,1000,638.0359,3757,3757000,0.001045196533203125,361.5767777292435
0.001123666763305664,0.001787513256072998,2.876408576965332,1000,940.9455,3761,3761000,0.0010604393482208253,347.7270051715876
0.0017848014831542969,0.0020235750675201415,3.2494096755981445,1000,939.90295,3765,3765000,0.0011923935413360597,307.81015698427797
0.0018362998962402344,0.0020690460205078126,3.278496503829956,1000,672.9507,3769,3769000,0.00117519474029541,305.08158231452273
0.003057241439819336,0.0018848416805267334,3.0443274974823,1000,973.4468,3773,3773000,0.0011245963573455811,328.550041578856
0.0018076896667480469,0.002214249849319458,3.4243457317352295,1000,999.36383,3777,3777000,0.0011781327724456787,292.0821868336749
0.0016825199127197266,0.0021271631717681883,3.3380744457244873,1000,826.75146,3781,3781000,0.0011783723831176758,299.6353272307123
0.0021903514862060547,0.0018637514114379884,3.0013654232025146,1000,576.9965,3785,3785000,0.0011057403087615966,333.3004877881323
0.002727508544921875,0.0020230784416198733,3.233612298965454,1000,409.3442,3789,3789000,0.001175365447998047,309.31326812021075
0.0015823841094970703,0.002156847953796387,3.3847854137420654,1000,842.387,3793,3793000,0.0011951503753662108,295.494611489032
0.0011281967163085938,0.0020069971084594727,3.2104673385620117,1000,335.03848,3797,3797000,0.0011714720726013184,311.54792665917887
0.0012769699096679688,0.0021664717197418214,3.363694429397583,1000,976.98096,3801,3801000,0.0011652383804321288,297.34603515248796
0.0019826889038085938,0.0019656429290771486,3.123412847518921,1000,701.926,3805,3805000,0.001127361536026001,320.22916790733115
0.0018854141235351562,0.0016883022785186767,2.7846884727478027,1000,484.28818,3809,3809000,0.0010671555995941163,359.1987348625492
0.002010345458984375,0.0015729913711547852,2.5801825523376465,1000,315.2157,3813,3813000,0.0009767532348632813,387.6670190908934
0.0027561187744140625,0.0015542490482330323,2.549304723739624,1000,472.1336,3817,3817000,0.0009653849601745605,392.3583414491866
0.0009100437164306641,0.0013511364459991456,2.285494804382324,1000,345.08685,3822,3822000,0.0009080445766448974,437.63628841626064
0.0012562274932861328,0.0018480942249298096,2.972994327545166,1000,903.91473,3826,3826000,0.0010955061912536622,336.43595602810393
0.001142263412475586,0.0014436838626861572,2.4137630462646484,1000,112.61949,3831,3831000,0.0009435782432556152,414.38816623210437
0.0024688243865966797,0.0016273560523986817,2.636195659637451,1000,876.939,3836,3836000,0.000978381633758545,379.4362965938245
0.0012028217315673828,0.0015364441871643067,2.558289051055908,1000,477.77713,3840,3840000,0.0009939107894897461,390.98273107651164
0.0019333362579345703,0.0014139795303344726,2.380528211593628,1000,315.01633,3844,3844000,0.0009393742084503174,420.1886303835271
0.0014541149139404297,0.001736591100692749,2.719491481781006,1000,933.8161,3848,3848000,0.0009546246528625488,367.804190120815
0.0010519027709960938,0.0015463454723358154,2.506162166595459,1000,999.99774,3852,3852000,0.0009325582981109619,399.12123565982074
0.0016760826110839844,0.00175538969039917,2.8484010696411133,1000,763.4522,3856,3856000,0.0010610349178314209,351.15807205251417
0.0018279552459716797,0.0019362502098083496,3.0400710105895996,1000,752.39606,3860,3860000,0.0010732510089874268,329.0105649919381
0.001653909683227539,0.0018667798042297362,2.976916551589966,1000,560.82666,3864,3864000,0.001078188419342041,335.99038082958936
0.0012066364288330078,0.0018695600032806396,2.843175172805786,1000,999.74194,3868,3868000,0.0009458401203155518,351.78773891357633
0.0015192031860351562,0.0015998280048370361,2.634758472442627,1000,539.0143,3872,3872000,0.001005558967590332,379.62590280199544
0.0013375282287597656,0.0021064682006835937,3.1618123054504395,1000,944.3324,3876,3876000,0.0010258579254150391,316.3581832249391
0.0015707015991210938,0.0016213433742523194,2.6949543952941895,1000,714.0947,3880,3880000,0.0010421795845031738,371.1516601240516
0.0025501251220703125,0.0018521337509155274,2.94504451751709,1000,625.1805,3884,3884000,0.001061079740524292,339.6264121126908
0.001481771469116211,0.0017936286926269532,2.9540185928344727,1000,513.1135,3888,3888000,0.0011290242671966552,338.5949521686549
0.0018045902252197266,0.0019331619739532471,2.948089599609375,1000,993.7466,3892,3892000,0.000983454942703247,339.28308387102516
0.0015954971313476562,0.0018908324241638183,3.0695300102233887,1000,176.1623,3896,3896000,0.0011460213661193847,325.9005828178147
0.0020482540130615234,0.0020862884521484376,3.326655864715576,1000,631.11835,3900,3900000,0.0012063658237457275,300.6721047048763
0.0021331310272216797,0.0019995970726013183,3.1914753913879395,1000,600.4674,3904,3904000,0.0011597845554351806,313.40342131928793
0.002045154571533203,0.001844080924987793,2.95725154876709,1000,732.81226,3908,3908000,0.0010836751461029053,338.2247102417002
0.0020635128021240234,0.002156547546386719,3.418635129928589,1000,701.80176,3912,3912000,0.001225609540939331,292.61570057579166
0.0017087459564208984,0.0020716140270233153,3.3004913330078125,1000,1000.0,3916,3916000,0.0011959123611450196,303.06606346873497
0.0014004707336425781,0.0019158642292022704,3.106167793273926,1000,789.72815,3920,3920000,0.0011579539775848388,322.0076837103406
0.0016982555389404297,0.002104264497756958,3.328993320465088,1000,548.8634,3924,3924000,0.0011911940574645995,300.45667680747874
0.0012357234954833984,0.0020601203441619875,3.2627553939819336,1000,521.2617,3928,3928000,0.0011704456806182861,306.55384197995164
0.0014255046844482422,0.0021713578701019285,3.396911859512329,1000,735.8002,3932,3932000,0.001192598819732666,294.4471530589501
0.0014879703521728516,0.0015245606899261474,2.548936128616333,1000,518.6196,3936,3936000,0.000996169090270996,392.41233952864536
0.0012199878692626953,0.001439438819885254,2.432072639465332,1000,571.92126,3941,3941000,0.0009645726680755615,411.2784095171202
0.001851797103881836,0.0014960095882415772,2.5090785026550293,1000,976.33386,3945,3945000,0.000983499765396118,398.6621737889019
0.00222015380859375,0.0015134358406066895,2.5549890995025635,1000,392.68164,3949,3949000,0.0010126566886901856,391.50044504979184
0.0015485286712646484,0.0017139756679534913,2.8215982913970947,1000,121.6064,3953,3953000,0.0010775387287139892,354.49320105288854
0.0029163360595703125,0.0014716219902038575,2.4544339179992676,1000,599.8696,3957,3957000,0.0009547672271728515,407.5282125304774
0.0018911361694335938,0.0016585063934326171,2.6874542236328125,1000,796.3839,3961,3961000,0.0010002901554107665,372.1907579859923
0.0012426376342773438,0.0016214439868927001,2.6577236652374268,1000,385.4694,3965,3965000,0.0010088133811950685,376.3420908029521
0.0014507770538330078,0.0016223115921020507,2.663954973220825,1000,735.89984,3969,3969000,0.00101418137550354,375.4730223298051
0.0013742446899414062,0.0016732828617095946,2.7301626205444336,1000,276.61426,3973,3973000,0.0010275061130523681,366.37209945871007
0.0016946792602539062,0.001466135025024414,2.501924991607666,1000,572.01294,3977,3977000,0.001006697177886963,399.8778144342949
0.0020155906677246094,0.0015205349922180176,2.5248467922210693,1000,669.8262,3981,3981000,0.0009767489433288575,396.16175980547354
0.001636505126953125,0.0015362820625305176,2.5741827487945557,1000,218.42923,3986,3986000,0.0010094618797302246,388.5713459871429
0.001760244369506836,0.001750972270965576,2.773468255996704,1000,993.9767,3990,3990000,0.0009938385486602784,360.6397701978027
0.0018153190612792969,0.0019193274974823,3.0592541694641113,1000,414.82422,3994,3994000,0.0011097517013549806,326.94412030422154
0.0031511783599853516,0.0018155014514923096,2.895676851272583,1000,436.62103,3998,3998000,0.0010501208305358886,345.41802516575814
0.0026311874389648438,0.001490621566772461,2.471194267272949,1000,961.7106,4002,4002000,0.0009507796764373779,404.80585734976773
0.0018239021301269531,0.001642366886138916,2.7277510166168213,1000,297.23572,4006,4006000,0.0010558381080627442,366.70154187958775
0.0010213851928710938,0.0016281344890594482,2.6558151245117188,1000,380.81604,4010,4010000,0.0009982655048370362,376.62277722015784
0.0012423992156982422,0.0018056387901306153,2.9208123683929443,1000,544.55554,4014,4014000,0.0010849609375,342.447961316799
0.0012202262878417969,0.0016755528450012208,2.7125401496887207,1000,924.6526,4019,4019000,0.0010081803798675537,368.74088159958995
0.001909494400024414,0.0017507419586181641,2.8462090492248535,1000,466.93704,4023,4023000,0.0010657196044921876,351.42257596532613
0.0009067058563232422,0.0014553403854370118,2.422248363494873,1000,400.56235,4027,4027000,0.0009420013427734375,412.9376166779263
0.0014317035675048828,0.0016546380519866944,2.6777563095092773,1000,966.8016,4031,4031000,0.0009953458309173585,373.56585246376164
0.0025653839111328125,0.0015175879001617433,2.5429906845092773,1000,572.42535,4035,4035000,0.0009964139461517334,393.3357215602499
0.0023393630981445312,0.0016286137104034423,2.6576008796691895,1000,711.0554,4040,4040000,0.0009988934993743895,376.37147127966176
0.0008707046508789062,0.0014752931594848634,2.4357783794403076,1000,648.5142,4044,4044000,0.0009340882301330566,410.66013678867273
0.0015211105346679688,0.0016370384693145752,2.6663475036621094,1000,437.76764,4048,4048000,0.0010007889270782471,375.13988465776555
0.0015263557434082031,0.0016132001876831056,2.6806480884552,1000,975.40625,4052,4052000,0.0010378239154815673,373.1459044200084
0.001527547836303711,0.0012812092304229736,2.161571979522705,1000,596.87036,4057,4057000,0.0008524444103240967,462.76521564134566
0.0015892982482910156,0.001692323923110962,2.6604063510894775,1000,953.494,4061,4061000,0.000940422773361206,375.97036843949456
0.0017418861389160156,0.0015918152332305908,2.6486995220184326,1000,452.1236,4065,4065000,0.0010289266109466553,377.6364659822284
0.0026586055755615234,0.0015412423610687257,2.5605592727661133,1000,712.8622,4070,4070000,0.0009901683330535889,390.67190791019743
0.002137899398803711,0.0014304883480072022,2.4318735599517822,1000,578.426,4074,4074000,0.0009735400676727295,411.31866128519624
0.0018961429595947266,0.0014022588729858398,2.3557512760162354,1000,551.6682,4078,4078000,0.0009267504215240478,424.6044601091055
0.0013890266418457031,0.0015544693470001222,2.5429046154022217,1000,808.2001,4082,4082000,0.0009608173370361328,393.35062425114995
0.0020716190338134766,0.0016845543384552003,2.72346568107605,1000,833.0422,4086,4086000,0.0010101029872894287,367.2541928431601
0.0014047622680664062,0.0018356406688690185,3.027951717376709,1000,494.79663,4090,4090000,0.0011593863964080812,330.3256503927314
0.0021016597747802734,0.0018576488494873047,2.998711585998535,1000,590.209,4094,4094000,0.0011087112426757812,333.54351254391355
0.0018858909606933594,0.0018243427276611328,2.9877824783325195,1000,641.355,4098,4098000,0.0011323060989379883,334.7648535150755
0.0020751953125,0.0015705749988555908,2.6332857608795166,1000,636.8322,4102,4102000,0.0010340147018432617,379.8411520542266
0.0016105175018310547,0.001920241117477417,3.0681748390197754,1000,539.9051,4106,4106000,0.0011158177852630615,325.99121270978236
0.002187013626098633,0.001526914358139038,2.561340808868408,1000,722.77875,4110,4110000,0.0010047397613525391,390.5231718760271
0.0014052391052246094,0.0016593394279479981,2.6420276165008545,1000,929.7706,4115,4115000,0.0009538252353668212,378.5884997951943
0.0014646053314208984,0.0016326613426208495,2.7082126140594482,1000,428.5184,4119,4119000,0.0010476706027984619,369.32574846882693
0.001056671142578125,0.0017165536880493163,2.834242820739746,1000,421.02475,4124,4124000,0.001088686227798462,352.9100346573933
0.0016164779663085938,0.0020435121059417726,3.230135917663574,1000,595.1285,4128,4128000,0.001155332088470459,309.6398729963179
0.002025127410888672,0.0017023990154266357,2.73218035697937,1000,642.9435,4132,4132000,0.0009982397556304932,366.08583628054424
0.0020101070404052734,0.001534438133239746,2.5145931243896484,1000,380.64435,4136,4136000,0.000951373815536499,397.7782932735577
0.002058744430541992,0.0017839901447296142,2.782524585723877,1000,948.7845,4140,4140000,0.0009683992862701416,359.45993730561196
0.0010957717895507812,0.0017733547687530517,2.883467197418213,1000,981.0405,4144,4144000,0.0010810191631317138,346.88372703106006
0.001970529556274414,0.0015683410167694092,2.5854854583740234,1000,370.56934,4148,4148000,0.0009886741638183594,386.8629606393162
0.0011491775512695312,0.0016902189254760743,2.6962969303131104,1000,806.0382,4153,4153000,0.000980013132095337,370.9695037231795
0.003217458724975586,0.0015540740489959717,2.579313278198242,1000,416.21524,4157,4157000,0.0009956810474395753,387.7933642029242
0.002405405044555664,0.0013437423706054688,2.3135488033294678,1000,544.3513,4161,4161000,0.000941906452178955,432.36570085533964
0.0011014938354492188,0.0016150274276733399,2.661114454269409,1000,817.7261,4165,4165000,0.0010195679664611816,375.89752023305033
0.0024149417877197266,0.0017425298690795898,2.764798402786255,1000,7.557787,4169,4169000,0.0009922859668731689,361.78533383362014
0.001352071762084961,0.0015139622688293457,2.5408968925476074,1000,441.10886,4174,4174000,0.0009992246627807616,393.6696427523905
0.001405954360961914,0.001496967315673828,2.5122392177581787,1000,590.31915,4178,4178000,0.0009890711307525635,398.15982613618735
0.0013501644134521484,0.0018599658012390136,2.929354667663574,1000,997.8414,4182,4182000,0.0010391483306884765,341.4518466899522
0.0013992786407470703,0.0016342356204986572,2.6726176738739014,1000,793.0656,4186,4186000,0.0010107626914978027,374.26543240006055
0.0015850067138671875,0.001587791919708252,2.5774474143981934,1000,851.26874,4190,4190000,0.000962395191192627,388.07538368473166
0.0014591217041015625,0.0013805997371673583,2.31121563911438,1000,648.47864,4194,4194000,0.0009047420024871826,432.79310346606655
0.0017123222351074219,0.0015494256019592284,2.559725046157837,1000,501.22754,4199,4199000,0.0009824695587158203,390.7577673082244
0.0010972023010253906,0.001410902738571167,2.374213457107544,1000,681.7429,4203,4203000,0.0009374837875366211,421.31714242721756
0.001537322998046875,0.0015193271636962892,2.5316731929779053,1000,449.79437,4207,4207000,0.0009829802513122558,395.104562768983
0.0032815933227539062,0.001713451623916626,2.7423648834228516,1000,625.75507,4211,4211000,0.0009990003108978271,364.73940414910135
0.001047372817993164,0.0015751323699951171,2.606034755706787,1000,673.10156,4216,4216000,0.001001354694366455,383.85122953445165
0.0013518333435058594,0.0023880581855773926,3.557349443435669,1000,813.6707,4220,4220000,0.001137768030166626,281.1690960043096
0.002144336700439453,0.0016938388347625733,2.7632534503936768,1000,320.75238,4224,4224000,0.0010402190685272217,361.975636162318
0.0029211044311523438,0.0015298571586608886,2.516254186630249,1000,430.80182,4228,4228000,0.0009574375152587891,397.52227181254835
0.0015823841094970703,0.0019670615196228027,3.1484837532043457,1000,454.52136,4232,4232000,0.0011494932174682616,317.68654911601453
0.001163482666015625,0.002160297393798828,3.299971342086792,1000,14.104319,4236,4236000,0.0011094510555267334,303.0961550190502
0.0011739730834960938,0.001861530303955078,2.9970309734344482,1000,959.87305,4240,4240000,0.001105217456817627,333.74282960464683
0.0013248920440673828,0.002116389036178589,3.3395261764526367,1000,624.4282,4243,4243000,0.0011908822059631347,299.51032825138134
0.0017902851104736328,0.002005960464477539,3.151658773422241,1000,632.68494,4247,4247000,0.0011145730018615723,317.3541873037866
0.0018811225891113281,0.002064230442047119,3.194395065307617,1000,1000.0,4250,4250000,0.001099200963973999,313.1119760756192
0.0016679763793945312,0.0021122758388519287,3.331217050552368,1000,480.40237,4253,4253000,0.001185683250427246,300.2455550020512
0.0014376640319824219,0.0023216006755828857,3.529041051864624,1000,931.39923,4257,4257000,0.001174405813217163,283.409297826988
0.0016825199127197266,0.0017773399353027343,2.9271461963653564,1000,531.26135,4261,4261000,0.0011198616027832031,341.70431944382324
0.0016913414001464844,0.0016677484512329101,2.707404375076294,1000,843.62646,4265,4265000,0.0010099787712097169,369.4619301216141
0.002446889877319336,0.00160546875,2.6116044521331787,1000,669.6508,4269,4269000,0.0009778041839599608,383.008511961802
0.0019330978393554688,0.0016415538787841798,2.6525285243988037,1000,852.22046,4273,4273000,0.0009829120635986327,377.14386114270985
0.0015714168548583984,0.001446857213973999,2.4376943111419678,1000,471.7737,4277,4277000,0.000962000846862793,410.32781094044054
0.0016067028045654297,0.001252756118774414,2.1543307304382324,1000,544.4331,4281,4281000,0.0008756668567657471,464.33184678203935
0.003883838653564453,0.0018863089084625243,3.0230045318603516,1000,988.6621,4286,4286000,0.001104069471359253,330.87362845111323
0.0019414424896240234,0.0018101248741149902,2.8923144340515137,1000,660.6943,4290,4290000,0.001052539825439453,345.80635884711205
0.002386331558227539,0.0016651806831359864,2.7143242359161377,1000,856.54126,4294,4294000,0.0010192489624023437,368.5158778063912
0.0014433860778808594,0.0017188515663146974,2.7875239849090576,1000,553.2632,4299,4299000,0.0010400617122650147,358.8242641384821
0.0018463134765625,0.0017316253185272216,2.826082944869995,1000,414.72592,4303,4303000,0.0010635201930999756,353.93683149583336
0.0009810924530029297,0.0012563695907592772,2.1606812477111816,1000,504.65436,4307,4307000,0.0008785619735717774,462.9440378310668
0.0012233257293701172,0.0015509381294250488,2.6059515476226807,1000,578.88684,4311,4311000,0.0010272104740142822,383.82611393245463
0.0022699832916259766,0.0015588538646697998,2.5974369049072266,1000,575.8651,4315,4315000,0.0010088098049163819,385.1290364226328
0.0017573833465576172,0.0019377717971801758,3.0917446613311768,1000,600.03503,4319,4319000,0.001121823787689209,323.5071869463744
0.0019311904907226562,0.0018468401432037353,2.9089362621307373,1000,993.94385,4323,4323000,0.0010313665866851806,343.85442878474385
0.0019659996032714844,0.002352426767349243,3.574887275695801,1000,994.3386,4326,4326000,0.001187868356704712,279.78031966153435
0.0012629032135009766,0.002337435722351074,3.567837953567505,1000,907.89545,4329,4329000,0.0011985485553741456,280.33781934907256
0.0020475387573242188,0.0015834426879882812,2.6027626991271973,1000,667.5246,4333,4333000,0.0009896740913391113,384.3186274460396
0.0019040107727050781,0.001466172695159912,2.4139821529388428,1000,983.37805,4337,4337000,0.0009208676815032959,414.3829258945562
0.0026350021362304688,0.0016616735458374024,2.73649263381958,1000,492.7497,4341,4341000,0.001042123556137085,365.5116875525102
0.002408266067504883,0.0016232807636260987,2.695262908935547,1000,798.148,4345,4345000,0.001040527105331421,371.1234829635345
0.0010917186737060547,0.0016866216659545898,2.7099480628967285,1000,758.7158,4349,4349000,0.0009950671195983886,369.1107495758042
0.00164031982421875,0.0016236872673034669,2.6665234565734863,1000,373.54462,4353,4353000,0.001013840913772583,375.1195864145719
0.002269744873046875,0.0014826972484588623,2.4550344944000244,1000,469.66,4357,4357000,0.0009440784454345703,407.44507710101203
0.0013740062713623047,0.0015754954814910889,2.6074798107147217,1000,691.60834,4361,4361000,0.0010036091804504395,383.6172724648614
0.0031418800354003906,0.0016253218650817871,2.6599268913269043,1000,511.6297,4365,4365000,0.001004105806350708,376.0400083307356
0.002325296401977539,0.0014999661445617677,2.4977564811706543,1000,322.3564,4370,4370000,0.0009674782752990723,400.4608498645129
0.001316070556640625,0.001538931131362915,2.5878255367279053,1000,664.56683,4374,4374000,0.0010204916000366212,386.5120570765238
0.001558065414428711,0.0016411068439483643,2.6841564178466797,1000,316.93564,4378,4378000,0.0010123257637023927,372.63990730343494
0.0015687942504882812,0.002106384038925171,3.3648171424865723,1000,271.00385,4381,4381000,0.0012243821620941161,297.2495846673987
0.0022313594818115234,0.00187821364402771,3.0686347484588623,1000,491.484,4385,4385000,0.0011581637859344482,325.94551151784947
0.0014057159423828125,0.0016728835105895997,2.7097408771514893,1000,853.1541,4389,4389000,0.001008204221725464,369.1196500781088
0.0025413036346435547,0.0018142881393432618,2.9223012924194336,1000,565.48706,4393,4393000,0.0010770645141601563,342.2644218011041
0.0022857189178466797,0.0017291090488433837,2.786590814590454,1000,587.4457,4398,4398000,0.00102594256401062,358.9378810336388
0.0018448829650878906,0.0018738350868225098,2.9778366088867188,1000,711.3712,4402,4402000,0.0010747942924499512,335.87901672258374
0.0020775794982910156,0.0018255770206451415,2.891903877258301,1000,708.55347,4406,4406000,0.0010359327793121337,345.8634749701308
0.001247406005859375,0.0019180035591125487,2.988797903060913,1000,972.4752,4410,4410000,0.0010425734519958496,334.6558755815062
0.0015358924865722656,0.002053433656692505,3.113905668258667,1000,956.7322,4414,4414000,0.001031076431274414,321.2024998985307
0.0012807846069335938,0.0019031825065612793,3.0526838302612305,1000,458.1295,4418,4418000,0.0011183183193206787,327.646569810924
0.0014300346374511719,0.0016937344074249268,2.7590465545654297,1000,320.80786,4422,4422000,0.0010347962379455566,362.52465166144657
0.0022842884063720703,0.001774510383605957,2.836805582046509,1000,714.14264,4426,4426000,0.0010316898822784423,352.58737842123253
0.002341747283935547,0.001992701053619385,3.2090160846710205,1000,470.95673,4430,4430000,0.001182422399520874,311.6868138686864
0.0020563602447509766,0.0020141823291778566,3.170386791229248,1000,528.0066,4434,4434000,0.001124180316925049,315.4736112363646
0.0015048980712890625,0.002182429790496826,3.355799436569214,1000,14.853127,4438,4438000,0.0011419064998626708,298.0478922705311
0.0013794898986816406,0.001305971622467041,2.2174885272979736,1000,990.077,4442,4442000,0.0008841764926910401,451.15061960411765
0.0016562938690185547,0.001762174606323242,2.8517720699310303,1000,880.25037,4446,4446000,0.001059575319290161,350.7340798839735
0.001531362533569336,0.0018665618896484375,3.0283524990081787,1000,409.4786,4450,4450000,0.0011305639743804932,330.2755530021557
0.0017490386962890625,0.0019924185276031492,3.1521198749542236,1000,999.9397,4454,4454000,0.0011284198760986327,317.3116197160456
0.0015721321105957031,0.001598813533782959,2.602769136428833,1000,657.4906,4458,4458000,0.0009755215644836426,384.3043308435382
0.0023484230041503906,0.0016411440372467042,2.71113657951355,1000,475.6539,4462,4462000,0.0010401313304901124,368.9310448013784
0.0016024112701416016,0.0017048485279083253,2.7456462383270264,1000,629.82245,4466,4466000,0.0010112714767456055,364.2870964861784
0.0019664764404296875,0.0015035023689270019,2.5359206199645996,1000,809.7831,4470,4470000,0.0010031800270080566,394.45081595275207
0.0016579627990722656,0.0017427968978881835,2.783862352371216,1000,516.77264,4474,4474000,0.0010105438232421876,359.2965835718619
0.001232147216796875,0.001753377914428711,2.875185012817383,1000,291.8273,4478,4478000,0.0010902290344238282,347.88046751281587
0.005224466323852539,0.001977436304092407,3.110043525695801,1000,715.1355,4482,4482000,0.0010983259677886962,321.6100130168237
0.0015110969543457031,0.0016625921726226808,2.7758209705352783,1000,730.0845,4486,4486000,0.0010835402011871338,360.32719186375914
0.0010693073272705078,0.0016571881771087647,2.7014169692993164,1000,354.77283,4490,4490000,0.0010161352157592772,370.25687997590416
0.002344846725463867,0.002058464765548706,3.256469488143921,1000,471.24927,4494,4494000,0.0011639721393585205,307.1506279361735
0.0017383098602294922,0.001920395851135254,3.0488107204437256,1000,992.3864,4498,4498000,0.0010968730449676513,328.05831787735843
0.0014653205871582031,0.0018198480606079102,2.853375196456909,1000,1000.0,4502,4502000,0.0010015835762023926,350.5557041868646
0.0013651847839355469,0.001708561897277832,2.716248035430908,1000,6.675934,4506,4506000,0.0009802899360656738,368.2266763436951
0.0020949840545654297,0.001892806053161621,2.9716310501098633,1000,468.8118,4510,4510000,0.001047243595123291,336.58044925498655
0.001203298568725586,0.0016836936473846435,2.7801473140716553,1000,999.3474,4514,4514000,0.0010668413639068604,359.7664140964689
0.0014960765838623047,0.002267461061477661,3.4823861122131348,1000,1000.0,4517,4517000,0.0011817283630371094,287.2151741062719
0.001605987548828125,0.0013785889148712157,2.3521885871887207,1000,719.8492,4521,4521000,0.0009457776546478271,425.2634840526599
0.002079486846923828,0.001570007085800171,2.5751543045043945,1000,592.2388,4526,4526000,0.0009757301807403564,388.43697492688625
0.002195119857788086,0.0015657637119293212,2.594268560409546,1000,461.8481,4531,4531000,0.0009996309280395509,385.56754480955595
0.0014579296112060547,0.0017429611682891846,2.741950273513794,1000,992.8407,4535,4535000,0.0009708435535430908,364.7961564369809
0.0014812946319580078,0.001508876323699951,2.45063853263855,1000,968.89465,4539,4539000,0.0009156508445739746,408.17239313864644
0.0010247230529785156,0.0016198761463165282,2.658200263977051,1000,461.1152,4543,4543000,0.0010103909969329833,376.28162198459364
0.0022132396697998047,0.001794304370880127,2.8676555156707764,1000,969.60364,4547,4547000,0.0010424606800079346,348.8039776405745
0.001535654067993164,0.0015855727195739746,2.6154370307922363,1000,474.22723,4551,4551000,0.0010011193752288818,382.44327798884797
0.001058816909790039,0.0016163740158081055,2.617457151412964,1000,991.50885,4556,4556000,0.0009731907844543457,382.1464706629998
0.0009021759033203125,0.001549018144607544,2.5540378093719482,1000,456.84738,4561,4561000,0.0009790277481079102,391.62952104865445
0.0015816688537597656,0.0017934527397155762,2.8922150135040283,1000,381.20703,4565,4565000,0.0010665438175201415,345.8334175042185
0.0021588802337646484,0.0018269867897033692,2.9957549571990967,1000,995.18695,4569,4569000,0.00113761305809021,333.87731065318593
0.0016758441925048828,0.0017724573612213136,2.861459493637085,1000,675.5841,4573,4573000,0.0010588157176971435,349.56017283055877
0.0019843578338623047,0.0014919748306274415,2.4870285987854004,1000,595.73016,4577,4577000,0.0009667854309082032,402.1939364405118
0.0026171207427978516,0.0013218514919281007,2.253819704055786,1000,406.11874,4582,4582000,0.0009041194915771484,443.8228600035067
0.0015223026275634766,0.0015261096954345703,2.5028514862060547,1000,459.5923,4586,4586000,0.0009490230083465576,399.64813693998053
0.001607656478881836,0.0016435387134552002,2.6550350189208984,1000,391.03638,4590,4590000,0.0009838054180145263,376.7324146123858
0.0016016960144042969,0.0015364921092987061,2.5264573097229004,1000,637.46136,4594,4594000,0.0009623839855194092,395.9137189641103
0.0016200542449951172,0.0014305059909820556,2.3927836418151855,1000,644.64404,4599,4599000,0.0009359433650970459,418.0388323349235
0.0009083747863769531,0.0016023685932159424,2.684966564178467,1000,524.78046,4603,4603000,0.0010543241500854492,372.52552489740526
0.002156972885131836,0.0019710795879364015,3.186936140060425,1000,671.88196,4607,4607000,0.001182997465133667,313.8517648018384
0.002254009246826172,0.0019108259677886963,3.0766398906707764,1000,309.83392,4611,4611000,0.001134293794631958,325.1045370963975
0.001477956771850586,0.0015180318355560304,2.551443576812744,1000,877.2822,4615,4615000,0.001005340337753296,392.0285088938877
0.0021352767944335938,0.0016344852447509766,2.625197649002075,1000,997.80975,4619,4619000,0.00096146559715271,381.0131836086092
0.0015327930450439453,0.0018144509792327882,2.912696361541748,1000,664.94885,4623,4623000,0.0010673189163208007,343.3998807275423
0.0010230541229248047,0.002082195281982422,3.136005163192749,1000,766.76825,4627,4627000,0.001027493953704834,318.9416952355055
0.0015249252319335938,0.0019820511341094972,3.1490752696990967,1000,688.5489,4631,4631000,0.0011349291801452637,317.6190926581617
0.0016312599182128906,0.0019428081512451172,3.0593831539154053,1000,842.34033,4635,4635000,0.0010848159790039062,326.92480370344504
0.0012085437774658203,0.0018398523330688476,2.967327356338501,1000,185.32181,4639,4639000,0.0010975587368011474,337.081817586375
0.0023643970489501953,0.0019706296920776367,3.124922275543213,1000,644.56396,4643,4643000,0.00112221360206604,320.10259635981043
0.0020411014556884766,0.0015506653785705567,2.579153060913086,1000,490.99207,4647,4647000,0.0009987883567810058,387.8243089039912
0.0009403228759765625,0.001759552240371704,2.7777063846588135,1000,805.5609,4651,4651000,0.000990328311920166,360.09217828988704
0.0019245147705078125,0.0021340773105621336,3.27404522895813,1000,966.9649,4655,4655000,0.0011063525676727295,305.50701675592546
0.0018031597137451172,0.0019627768993377686,3.155758857727051,1000,298.901,4659,4659000,0.0011619560718536376,316.9421006735854
0.0024366378784179688,0.0021189658641815184,3.35683274269104,1000,333.27106,4663,4663000,0.0012025368213653565,297.9604684701606
0.0013232231140136719,0.0018540101051330567,2.9324281215667725,1000,442.17636,4667,4667000,0.0010495574474334716,341.0893689401355
0.0016436576843261719,0.001469531774520874,2.450941801071167,1000,396.85666,4671,4671000,0.0009538464546203614,408.0986830576694
0.0018284320831298828,0.0019771568775177003,3.1064581871032715,1000,823.8827,4675,4675000,0.0010987539291381835,322.0084995176748
0.0026311874389648438,0.001951327085494995,3.069223642349243,1000,517.3739,4679,4679000,0.0010872101783752442,325.88361747796796
0.0031147003173828125,0.0020932321548461914,3.190343141555786,1000,999.88336,4683,4683000,0.0010654137134552002,313.5204607355297
0.0013709068298339844,0.001649578094482422,2.700965404510498,1000,490.74405,4687,4687000,0.0010196022987365723,370.3242556902767
0.0015249252319335938,0.0015985467433929444,2.6311275959014893,1000,599.4273,4691,4691000,0.0010035433769226075,380.23394568560485
0.002002239227294922,0.0018408923149108886,2.98431396484375,1000,837.8467,4695,4695000,0.0011119146347045898,335.1594764827235
0.0017008781433105469,0.0018216900825500488,2.872331380844116,1000,728.4286,4699,4699000,0.0010201203823089599,348.23581610629174
0.0013315677642822266,0.0018146317005157471,2.923175811767578,1000,669.80566,4703,4703000,0.0010755889415740966,342.1669475838067
0.0020940303802490234,0.0019667143821716308,2.986781120300293,1000,999.89856,4707,4707000,0.0009899442195892335,334.87425002067863
0.001491546630859375,0.0017745304107666016,2.8783504962921143,1000,788.4113,4711,4711000,0.001073709487915039,347.5013983142018
0.0020418167114257812,0.0020219230651855468,3.2464675903320312,1000,434.46213,4715,4715000,0.0011924445629119874,308.08504499485866
0.002288341522216797,0.001958620548248291,2.987950563430786,1000,6.81602,4719,4719000,0.000998537540435791,334.7495976751514
0.0013740062713623047,0.0014341402053833008,2.486717700958252,1000,556.1806,4723,4723000,0.0010243055820465087,402.2367499017737
0.001222372055053711,0.0013015527725219727,2.2517545223236084,1000,648.29456,4728,4728000,0.000923367977142334,444.25190922326794
0.001771688461303711,0.0016631042957305907,2.688786029815674,1000,783.0603,4732,4732000,0.0009965918064117432,372.0018394751908
0.001115560531616211,0.0015580196380615234,2.617110013961792,1000,988.435,4736,4736000,0.0010309901237487793,382.2002367209852
0.001379251480102539,0.0020824620723724364,3.2826430797576904,1000,17.219774,4740,4740000,0.001169527292251587,304.6936049854547
0.002504587173461914,0.0020311925411224366,3.213301658630371,1000,644.3625,4744,4744000,0.0011485917568206786,311.2672430407611
0.00133514404296875,0.0015103502273559571,2.5097482204437256,1000,571.12683,4748,4748000,0.0009709651470184327,398.5326244768332
0.0016331672668457031,0.0019526541233062743,3.149404525756836,1000,621.67584,4752,4752000,0.0011654908657073974,317.5910022707549
0.0015332698822021484,0.002103997230529785,3.264817476272583,1000,6.876307,4756,4756000,0.001129948616027832,306.35487639396337
0.002162456512451172,0.0021319172382354735,3.366525650024414,1000,523.55835,4759,4759000,0.001201909065246582,297.1104665762555
0.0021905899047851562,0.0021267764568328857,3.2587547302246094,1000,14.796441,4763,4763000,0.0010993070602416993,306.92013768987846
0.0015666484832763672,0.002014673948287964,3.188323736190796,1000,507.24576,4767,4767000,0.0011429734230041504,313.71103578469945
0.0014350414276123047,0.0021554818153381346,3.381678342819214,1000,640.20624,4771,4771000,0.0011947486400604248,295.76989444304587
0.001695871353149414,0.002049241542816162,3.2326128482818604,1000,959.5138,4775,4775000,0.0011506268978118896,309.4139185303004
0.001554250717163086,0.0021481394767761232,3.389573335647583,1000,821.00024,4779,4779000,0.0012082550525665283,295.12927047981134
0.001302480697631836,0.0022277119159698484,3.4122331142425537,1000,963.9422,4783,4783000,0.001152122974395752,293.1233248314628
0.002383708953857422,0.0021097390651702882,3.297654628753662,1000,996.557,4787,4787000,0.0011552891731262207,303.3128196205596
0.0031824111938476562,0.0020164415836334227,3.22249698638916,1000,502.82275,4791,4791000,0.001173381805419922,310.3859955464244
0.0011081695556640625,0.0019269893169403076,3.121842384338379,1000,975.64087,4795,4795000,0.0011624083518981933,320.39575250496335
0.0022983551025390625,0.001825875997543335,2.9638991355895996,1000,998.26953,4799,4799000,0.0011041033267974853,337.47375193244835
0.0020551681518554688,0.001975316524505615,3.1228601932525635,1000,439.06415,4803,4803000,0.0011164324283599854,320.2856796173406
0.001870870590209961,0.0017253248691558839,2.8012070655822754,1000,631.4743,4807,4807000,0.001046212911605835,357.0645124711534
0.001308441162109375,0.001741563320159912,2.7962751388549805,1000,429.10577,4811,4811000,0.0010230443477630615,357.6972550132617
0.0012090206146240234,0.0018461124897003174,2.8930177688598633,1000,919.6555,4815,4815000,0.001018272876739502,345.7352395806999
0.0023386478424072266,0.001527167320251465,2.5833523273468018,1000,788.48425,4819,4819000,0.0010267541408538819,387.1949848867352
0.0021445751190185547,0.0017783942222595215,2.8917171955108643,1000,799.2585,4823,4823000,0.0010818352699279786,345.8800173603681
0.0013358592987060547,0.0014270389080047608,2.412618637084961,1000,844.0978,4827,4827000,0.0009583215713500977,414.5930936208691
0.002246379852294922,0.0015333099365234374,2.5517218112945557,1000,508.05756,4832,4832000,0.0009891171455383302,391.98121019024944
0.0017218589782714844,0.0016793022155761719,2.7926528453826904,1000,451.99133,4836,4836000,0.0010831818580627442,358.154927069862
0.0011513233184814453,0.001737126350402832,2.856102705001831,1000,497.36404,4840,4840000,0.0010886578559875489,350.2166317797472
0.0024662017822265625,0.0016391696929931642,2.7117772102355957,1000,741.3989,4844,4844000,0.0010408060550689698,368.84954544391263
0.0022590160369873047,0.0017100355625152587,2.816216230392456,1000,494.56055,4848,4848000,0.0010761449337005615,355.1743518008634
0.0015780925750732422,0.0014857425689697266,2.5028204917907715,1000,831.9946,4852,4852000,0.0009879477024078368,399.6507644696393
0.0024881362915039062,0.0018589107990264894,3.0445828437805176,1000,953.12134,4856,4856000,0.001152327299118042,328.52307233437807
0.0014030933380126953,0.0014689905643463135,2.5252840518951416,1000,981.19946,4860,4860000,0.0010266625881195069,396.1011512732303
0.0014433860778808594,0.0016591014862060546,2.685450792312622,1000,220.13864,4864,4864000,0.0009958205223083497,372.4566513281415
0.0013759136199951172,0.002154813051223755,3.2558984756469727,1000,787.4848,4868,4868000,0.0010696420669555665,307.20129000541704
0.002736330032348633,0.0020456714630126952,3.245867967605591,1000,981.97253,4872,4872000,0.0011678996086120605,308.14767446917807
0.0014727115631103516,0.0022047781944274903,3.414745807647705,1000,981.45996,4875,4875000,0.0011772413253784179,292.9120491609628
0.0018563270568847656,0.0018373680114746093,2.964730978012085,1000,636.59656,4879,4879000,0.001096280574798584,337.3691361627388
0.0015463829040527344,0.0017765469551086425,2.827559471130371,1000,398.79202,4883,4883000,0.0010216593742370605,353.7446819851583
0.0026903152465820312,0.001552701473236084,2.484952449798584,1000,998.98236,4887,4887000,0.0009042339324951172,402.52375812090884
0.0017955303192138672,0.0015496511459350585,2.53963303565979,1000,509.75433,4891,4891000,0.0009620516300201416,393.8635362700991
0.0014121532440185547,0.0016712172031402588,2.7642533779144287,1000,257.7495,4895,4895000,0.0010633282661437987,361.85553037627744
0.0033655166625976562,0.0019627110958099366,2.9996590614318848,1000,994.02234,4899,4899000,0.0010047163963317872,333.44423485778805
0.0015549659729003906,0.002020802736282349,3.218759775161743,1000,562.73486,4903,4903000,0.0011645338535308837,310.7606601370167
0.0019347667694091797,0.0017732861042022705,2.9058008193969727,1000,370.06885,4907,4907000,0.0011014163494110108,344.20868596984315
0.001102447509765625,0.001766669750213623,2.88010311126709,1000,502.3072,4911,4911000,0.0010846681594848633,347.2825249070627
0.0012049674987792969,0.0018421964645385742,3.0018954277038574,1000,999.64734,4915,4915000,0.0011290688514709474,333.20050766099075
0.0015306472778320312,0.002077202796936035,3.2670671939849854,1000,732.2656,4919,4919000,0.0011526103019714356,306.15038105806633
0.0017251968383789062,0.0020407052040100097,3.2300381660461426,1000,483.8468,4923,4923000,0.0011571428775787353,309.65795538088787
0.003579378128051758,0.0018793540000915528,3.06210994720459,1000,514.1177,4927,4927000,0.0011482574939727782,326.6481491201933
0.0014796257019042969,0.0018261506557464599,2.9170055389404297,1000,1000.0,4931,4931000,0.00105989408493042,342.8957581702237
0.0018105506896972656,0.0017997405529022216,2.9117591381073,1000,632.45605,4935,4935000,0.001081653118133545,343.5189334092504
0.0017702579498291016,0.001869356393814087,3.007518768310547,1000,445.8858,4939,4939000,0.0011055283546447753,332.5641461733117
0.0010526180267333984,0.0018880882263183595,3.0442986488342285,1000,782.14496,4943,4943000,0.0011256778240203858,328.5543395678672
0.0013022422790527344,0.001873823881149292,2.9814510345458984,1000,887.3511,4947,4947000,0.0010772411823272705,335.4827790390131
0.0016961097717285156,0.0018802888393402099,3.061397075653076,1000,411.9582,4951,4951000,0.0011479690074920653,326.71170817489667
0.001711130142211914,0.0016490561962127686,2.7140276432037354,1000,565.60535,4955,4955000,0.0010352904796600343,368.5495541963188
0.0015659332275390625,0.001557058572769165,2.564072847366333,1000,175.66296,4959,4959000,0.0009774956703186035,390.0917914136733
0.0013916492462158203,0.00141635799407959,2.4081969261169434,1000,950.8612,4963,4963000,0.0009648787975311279,415.352798506502
0.0013303756713867188,0.0015784189701080322,2.5899786949157715,1000,666.5619,4967,4967000,0.0009836649894714355,386.20122203478303
0.0017197132110595703,0.0019515833854675292,3.15948748588562,1000,282.0248,4971,4971000,0.0011747899055480958,316.5704784328406
0.0013339519500732422,0.0014136428833007812,2.3806965351104736,1000,428.58435,4975,4975000,0.0009398410320281982,420.16160724508865
0.0011320114135742188,0.0018004531860351563,2.9056637287139893,1000,801.74695,4979,4979000,0.0010747511386871337,344.23001433695345
0.0014126300811767578,0.0016400084495544435,2.6849160194396973,1000,320.82385,4983,4983000,0.0010158379077911377,372.54134096457767
0.0011487007141113281,0.0014519388675689696,2.4288110733032227,1000,678.36694,4987,4987000,0.0009492056369781494,411.8215844065054
0.002191305160522461,0.0020742838382720947,3.27690052986145,1000,972.1195,4991,4991000,0.0011686735153198242,305.2305994130013
0.001432180404663086,0.0017435119152069093,2.8737940788269043,1000,473.6115,4995,4995000,0.0010995163917541504,348.0726810052148
0.0011608600616455078,0.0016012299060821533,2.6571390628814697,1000,333.06198,4999,4999000,0.0010283720493316651,376.4350433649741
0.0013718605041503906,0.0020931148529052734,3.2858407497406006,1000,742.84644,5003,5003000,0.0011601946353912353,304.3948410192903
0.001340627670288086,0.0019968814849853516,3.179415464401245,1000,321.34387,5007,5007000,0.0011511733531951905,314.6119062599481
0.0013782978057861328,0.001639228582382202,2.65116024017334,1000,708.3832,5012,5012000,0.0009835622310638429,377.28444510688814
0.0013804435729980469,0.0015717000961303711,2.596524953842163,1000,430.61523,5016,5016000,0.0009932355880737304,385.214882250256
0.0022585391998291016,0.001636183738708496,2.674837827682495,1000,439.18964,5020,5020000,0.0010096993446350097,373.94693512339353
0.0009951591491699219,0.001655576229095459,2.7406177520751953,1000,904.1024,5024,5024000,0.0010564122200012206,364.9785875604055
0.0039017200469970703,0.001643547773361206,2.687756061553955,1000,712.3644,5028,5028000,0.0010125281810760497,372.15281364489806
0.001956462860107422,0.0019492435455322266,3.1049537658691406,1000,760.40967,5032,5032000,0.0011255199909210205,322.1368799717732
0.0011570453643798828,0.0021154959201812743,3.232288122177124,1000,1000.0,5036,5036000,0.0010869400501251222,309.45007830496803
0.0012226104736328125,0.0015297708511352538,2.501046895980835,1000,998.8324,5040,5040000,0.0009450235366821289,399.9274194832538
0.0015845298767089844,0.0015451252460479737,2.5536253452301025,1000,577.9128,5044,5044000,0.0009805023670196532,391.6941824182029
0.0012524127960205078,0.0014346725940704347,2.398076057434082,1000,502.54132,5048,5048000,0.0009355905055999755,417.1478503922238
0.0018076896667480469,0.0017881150245666504,2.8700928688049316,1000,983.50165,5053,5053000,0.0010504899024963378,348.49839568584605
0.0019249916076660156,0.001459573745727539,2.4403738975524902,1000,936.83154,5057,5057000,0.0009536833763122559,409.86749457678286
0.001863718032836914,0.001704390525817871,2.7921810150146484,1000,374.15582,5061,5061000,0.001058211326599121,358.240243742866
0.00159454345703125,0.002113095760345459,3.327658176422119,1000,715.73334,5064,5064000,0.001180837869644165,300.5662044751164
0.002157449722290039,0.0019143040180206298,3.041231870651245,1000,523.77094,5068,5068000,0.0010949981212615967,328.8910126811465
0.0016186237335205078,0.002057682514190674,3.2969954013824463,1000,505.80453,5072,5072000,0.0012071197032928467,303.38133557388153
0.0008952617645263672,0.0017932875156402588,2.842325448989868,1000,972.8227,5076,5076000,0.0010218572616577147,351.9060067948007
0.0017788410186767578,0.0015582680702209474,2.554778814315796,1000,938.473,5080,5080000,0.0009679431915283203,391.5312898013958
0.0009913444519042969,0.0016202657222747802,2.637322187423706,1000,614.7754,5084,5084000,0.0009899761676788331,379.26042524363953
0.0011832714080810547,0.0013005445003509521,2.247810125350952,1000,565.40643,5088,5088000,0.0009224164485931396,444.996045827239
0.0011944770812988281,0.0016480360031127929,2.7047982215881348,1000,557.6624,5092,5092000,0.0010280215740203858,369.7988789046706
0.0013036727905273438,0.0015940170288085938,2.567636728286743,1000,943.11725,5096,5096000,0.000946800708770752,389.6220893210319
0.0017712116241455078,0.001667987823486328,2.7558858394622803,1000,250.6586,5100,5100000,0.0010597505569458008,362.9425637861667
0.0024220943450927734,0.0014983203411102295,2.514024496078491,1000,350.90118,5104,5104000,0.0009873154163360595,397.85836054775643
0.0027077198028564453,0.0018249790668487548,2.8779022693634033,1000,998.9997,5108,5108000,0.001023153781890869,347.5533158193742
0.002109050750732422,0.0019337704181671142,3.055612564086914,1000,633.3187,5112,5112000,0.0010895898342132568,327.3361436103918
0.0023605823516845703,0.0021127541065216063,3.2599377632141113,1000,908.8085,5116,5116000,0.0011141180992126464,306.8110705269782
0.002117156982421875,0.0021315677165985106,3.3826069831848145,1000,649.3245,5120,5120000,0.001217088222503662,295.69197305238663
0.0015673637390136719,0.001988736629486084,3.108304500579834,1000,526.389,5124,5124000,0.0010896196365356445,321.77974108351515
0.0010581016540527344,0.0017693917751312256,2.883239507675171,1000,432.09665,5128,5128000,0.0010852282047271729,346.91396735357654
0.0014598369598388672,0.0017558212280273438,2.827746868133545,1000,760.49756,5132,5132000,0.0010423469543457031,353.7135970841405
0.0010800361633300781,0.0015471408367156983,2.5500078201293945,1000,528.3514,5136,5136000,0.0009758701324462891,392.27419868323636
0.0012049674987792969,0.0016616690158843994,2.683493137359619,1000,558.698,5140,5140000,0.0009939980506896973,372.73759833085376
0.0019173622131347656,0.001598388910293579,2.6678645610809326,1000,341.86823,5144,5144000,0.0010372498035430909,374.9228911736015
0.0013165473937988281,0.0017937898635864257,2.9025790691375732,1000,671.3338,5148,5148000,0.0010786542892456054,344.5892361049779
0.0011296272277832031,0.001680222749710083,2.7487740516662598,1000,504.7868,5152,5152000,0.0010400891304016113,363.8771957494867
0.0010673999786376953,0.0015666139125823974,2.540990114212036,1000,968.22845,5156,5156000,0.0009476966857910156,393.64444507429664
0.0016808509826660156,0.0014752409458160401,2.4833102226257324,1000,429.74753,5161,5161000,0.0009796669483184814,402.78181640088576
0.002390146255493164,0.0019889960289001464,3.128740072250366,1000,957.21893,5165,5165000,0.001108997344970703,319.68254181181163
0.0014417171478271484,0.0019595775604248048,3.0879065990448,1000,922.29553,5169,5169000,0.0010977907180786132,323.9196471833158
0.0018634796142578125,0.0020656461715698243,3.241210699081421,1000,981.06494,5173,5173000,0.001142618417739868,308.587203446862
0.0012831687927246094,0.0017618846893310547,2.8928046226501465,1000,995.023,5177,5177000,0.00110166335105896,345.75940829800356
0.002129077911376953,0.0022407073974609376,3.3944082260131836,1000,994.86926,5181,5181000,0.0011220979690551758,294.66594932815553
0.0014362335205078125,0.001942317247390747,3.11202335357666,1000,411.45743,5185,5185000,0.0011368827819824218,321.4034673656213
0.0020754337310791016,0.0017828180789947509,2.8904616832733154,1000,599.83954,5189,5189000,0.0010743565559387207,346.2365191966145
0.0020325183868408203,0.0016961488723754882,2.759099006652832,1000,795.43317,5193,5193000,0.0010326175689697266,362.5249650012442
0.0011606216430664062,0.0019965028762817384,3.216503620147705,1000,465.17236,5197,5197000,0.0011869583129882812,310.9617028078459
0.0013663768768310547,0.001905125379562378,3.059258460998535,1000,543.55066,5201,5201000,0.0011220157146453857,326.94898803994414
0.0015482902526855469,0.0019364924430847169,3.026901960372925,1000,981.31525,5205,5205000,0.001059455394744873,330.4564277822647
0.0012195110321044922,0.001688124179840088,2.794140338897705,1000,611.97986,5209,5209000,0.0010773696899414062,357.98447668536886
0.0016579627990722656,0.0016803152561187743,2.752950429916382,1000,597.5415,5213,5213000,0.0010430123805999756,363.3425227899911
0.002011537551879883,0.0017450928688049316,2.8314387798309326,1000,972.47296,5217,5217000,0.0010539982318878173,353.250477367331
0.0010199546813964844,0.0016424775123596192,2.717961072921753,1000,528.56647,5221,5221000,0.0010467009544372558,368.01515052606385
0.002113819122314453,0.0018619108200073242,2.88289737701416,1000,939.63086,5225,5225000,0.0009908108711242675,346.9543151197174
0.0013151168823242188,0.0017442286014556884,2.765794277191162,1000,8.422483,5229,5229000,0.0009928078651428222,361.72380551398226
0.002118349075317383,0.0015646908283233642,2.600879430770874,1000,312.4292,5233,5233000,0.001006730079650879,384.5779114055029
0.00152587890625,0.0018601393699645996,2.8387844562530518,1000,956.7438,5237,5237000,0.0009486715793609619,352.3476083136248
0.0023474693298339844,0.0016185226440429688,2.6613919734954834,1000,558.21014,5241,5241000,0.0010130927562713623,375.8321426273691
0.0012867450714111328,0.0015826833248138428,2.6389524936676025,1000,693.70184,5245,5245000,0.0010270547866821288,379.0354202537546
0.0009350776672363281,0.0015377368927001953,2.6008963584899902,1000,838.95215,5249,5249000,0.0010355286598205567,384.5839413274171
0.002207517623901367,0.002005700349807739,3.197207450866699,1000,744.7184,5253,5253000,0.0011599690914154053,312.83913156363553
0.0017740726470947266,0.0018098549842834473,2.9142284393310547,1000,613.322,5257,5257000,0.0010685560703277588,343.2152073412945
0.0012633800506591797,0.0015763018131256103,2.5638253688812256,1000,591.25616,5261,5261000,0.0009592740535736084,390.1707538447499
0.0019011497497558594,0.001423287868499756,2.3511791229248047,1000,500.6671,5265,5265000,0.0008993318080902099,425.42122422161117
0.0019197463989257812,0.0016093816757202148,2.5789573192596436,1000,592.8854,5269,5269000,0.0009413840770721436,387.85593999376925
0.002086639404296875,0.0016656546592712402,2.711846113204956,1000,527.2257,5273,5273000,0.001016831636428833,368.8426040897934
0.0019061565399169922,0.0018233089447021484,2.851114511489868,1000,881.4057,5277,5277000,0.0009973008632659913,350.82405474867505
0.002353191375732422,0.0017005572319030763,2.8205480575561523,1000,676.67676,5281,5281000,0.0010880725383758546,354.6222000066286
0.0016181468963623047,0.0019436378479003905,3.0948922634124756,1000,938.8577,5285,5285000,0.0011193461418151855,323.1954609817156
0.002400636672973633,0.0017087492942810059,2.8020434379577637,1000,509.4544,5289,5289000,0.0010624353885650634,356.9687869847413
0.002044200897216797,0.0018273575305938722,2.881955623626709,1000,1000.0,5293,5293000,0.0010249011516571046,347.0737202646241
0.001960277557373047,0.001632390022277832,2.726994752883911,1000,405.58203,5297,5297000,0.0010648210048675537,366.8034252794072
0.0015990734100341797,0.0016142337322235108,2.6635987758636475,1000,496.90146,5301,5301000,0.001018953561782837,375.5220017650225
0.0016160011291503906,0.0016034343242645264,2.6240220069885254,1000,558.35767,5305,5305000,0.0009920060634613036,381.2094278601177
0.0017108917236328125,0.0017356524467468262,2.8770830631256104,1000,998.1028,5309,5309000,0.001109018087387085,347.6693295897625
0.0017056465148925781,0.0018085517883300781,2.8207569122314453,1000,960.9348,5313,5313000,0.000983823537826538,354.6011533424697
0.0012121200561523438,0.0017938177585601807,2.8116629123687744,1000,996.0634,5317,5317000,0.0009869165420532226,355.7573120471187
0.0010886192321777344,0.001474637269973755,2.5234217643737793,1000,494.03195,5321,5321000,0.0010217700004577636,396.39527592318956
0.001371145248413086,0.001502683162689209,2.5817177295684814,1000,537.5864,5325,5325000,0.0010490148067474365,387.4236651039987
0.0017766952514648438,0.00169972825050354,2.778754234313965,1000,572.0128,5329,5329000,0.0010483763217926025,359.9494390937003
0.0022199153900146484,0.001754985809326172,2.8187649250030518,1000,682.5675,5333,5333000,0.0010330781936645508,354.8533679396045
0.0015840530395507812,0.0019721927642822267,3.1833903789520264,1000,614.11,5337,5337000,0.0011788971424102784,314.1985267149771
0.002606630325317383,0.0018865180015563965,3.057478189468384,1000,692.82324,5341,5341000,0.0011392252445220946,327.14496463362184
0.0014896392822265625,0.0018192057609558105,2.934347629547119,1000,320.44128,5345,5345000,0.0010856544971466063,340.86586331960757
0.0014863014221191406,0.0015960719585418701,2.5853681564331055,1000,952.9478,5349,5349000,0.0009618141651153565,386.8863697284557
0.0026366710662841797,0.0021443324089050293,3.3522002696990967,1000,958.06714,5352,5352000,0.001174595594406128,298.36704610503796
0.0014100074768066406,0.0021823105812072753,3.4243569374084473,1000,690.88983,5355,5355000,0.0012093837261199952,292.0774273590141
0.0015151500701904297,0.0016380929946899414,2.7013773918151855,1000,258.54456,5359,5359000,0.001034710645675659,370.2677643477408
0.0016467571258544922,0.0016164071559906007,2.7124319076538086,1000,422.67578,5363,5363000,0.001064269781112671,368.77022198463834
0.0022125244140625,0.0018939540386199952,3.0783865451812744,1000,415.06445,5367,5367000,0.001152698278427124,324.9127838181302
0.002095937728881836,0.0020437805652618406,3.2496109008789062,1000,606.84827,5371,5371000,0.0011699531078338623,307.79793656769266
0.0015513896942138672,0.0016687099933624268,2.742122173309326,1000,486.95337,5375,5375000,0.0010423543453216553,364.76021232827986
0.0013911724090576172,0.0015154337882995605,2.530557870864868,1000,481.0312,5379,5379000,0.0009867618083953858,395.26079526098374
0.0012645721435546875,0.0017964134216308593,2.9142303466796875,1000,450.93872,5383,5383000,0.0010868725776672363,343.22467221923677
0.0017371177673339844,0.0015762245655059814,2.6552610397338867,1000,379.6754,5387,5387000,0.0010508918762207032,376.7118083317152
0.0014145374298095703,0.0016643600463867188,2.7018351554870605,1000,309.9134,5391,5391000,0.0010092151165008545,370.2070749794168
0.0014393329620361328,0.001706707000732422,2.807234525680542,1000,586.67584,5395,5395000,0.0010714290142059327,356.2962688613515
0.003108501434326172,0.002046858072280884,3.2506659030914307,1000,952.1288,5399,5399000,0.001165532350540161,307.7011562386473
0.0015091896057128906,0.0017647981643676759,2.840280294418335,1000,514.7916,5403,5403000,0.0010455930233001709,352.1531293304916
0.0009617805480957031,0.0016260602474212646,2.6461548805236816,1000,444.22937,5407,5407000,0.0009928967952728272,377.9906091371931
0.001434326171875,0.0017235548496246339,2.8117735385894775,1000,450.77393,5411,5411000,0.0010576562881469726,355.72864807467556
0.0015103816986083984,0.0021381919384002687,3.3426456451416016,1000,746.8175,5415,5415000,0.0011727378368377687,299.2755260167459
0.002777099609375,0.0023387160301208496,3.566497802734375,1000,980.50867,5418,5418000,0.001192141056060791,280.4375926826204
0.001935720443725586,0.002068446636199951,3.243788003921509,1000,605.93524,5422,5422000,0.0011404473781585693,308.3620113479876
0.0014002323150634766,0.001975853443145752,3.134669780731201,1000,301.3115,5426,5426000,0.0011282637119293213,319.08201114210834
0.002460956573486328,0.0019939720630645754,3.18365740776062,1000,551.59973,5430,5430000,0.0011541571617126466,314.17557995986726
0.001482248306274414,0.0016616523265838624,2.7166364192962646,1000,760.65344,5434,5434000,0.0010272502899169923,368.18442929756134
0.0014488697052001953,0.002290475368499756,3.5123162269592285,1000,1000.0,5438,5438000,0.0011894183158874512,284.76395804075685
0.0017161369323730469,0.0021399207115173338,3.2581229209899902,1000,5.5253625,5442,5442000,0.0010874521732330321,306.9906527609151
0.0015094280242919922,0.0015872080326080323,2.582448959350586,1000,948.1673,5446,5446000,0.00096669340133667,387.32427727563993
0.0010907649993896484,0.001427262783050537,2.3971235752105713,1000,498.36148,5450,5450000,0.0009425673484802247,417.2729320322206
0.0017659664154052734,0.0019134042263031007,3.0838451385498047,1000,425.54163,5454,5454000,0.001136664628982544,324.3454500392256
0.0015239715576171875,0.002157663106918335,3.35487699508667,1000,501.99878,5457,5457000,0.0011631932258605957,298.18844100907216
0.0021691322326660156,0.001628192663192749,2.649153470993042,1000,811.71295,5461,5461000,0.0009921092987060546,377.5749007407367
0.0021507740020751953,0.0018930830955505371,3.039219379425049,1000,614.46814,5465,5465000,0.0011152596473693848,329.1008414610014
0.0017223358154296875,0.0019848465919494627,3.108510971069336,1000,797.21924,5469,5469000,0.0010926167964935302,321.7651274075305
0.0028095245361328125,0.0015290217399597167,2.5544657707214355,1000,334.13937,5473,5473000,0.0009956443309783935,391.5650637997543
0.001665353775024414,0.0013582334518432617,2.2951629161834717,1000,617.74976,5477,5477000,0.0009076316356658935,435.8164898762616
0.0023665428161621094,0.0015755927562713624,2.564570426940918,1000,486.22327,5481,5481000,0.000959608793258667,390.02174627437205
0.0016467571258544922,0.001981426239013672,3.1546993255615234,1000,873.28345,5485,5485000,0.0011413207054138184,317.0611034665329
0.002492189407348633,0.0017901005744934081,2.8778741359710693,1000,999.9938,5489,5489000,0.0010574867725372315,347.5560229811185
0.001352548599243164,0.0017329719066619873,2.7754578590393066,1000,778.2011,5493,5493000,0.001014700174331665,360.40215008896837
0.0015931129455566406,0.0017135133743286133,2.789167642593384,1000,976.7639,5497,5497000,0.0010460538864135742,358.6168686483501
0.0014204978942871094,0.001880857229232788,3.065580368041992,1000,152.7342,5501,5501000,0.0011528453826904297,326.2717804077806
0.00148773193359375,0.0018047041893005371,2.907932758331299,1000,890.89777,5505,5505000,0.0010725693702697753,343.96539076564966
0.0021092891693115234,0.0016629893779754638,2.785148859024048,1000,618.40314,5509,5509000,0.001091357707977295,359.16287035451273
0.0018658638000488281,0.0019496970176696778,3.089505434036255,1000,988.40045,5513,5513000,0.0011078832149505615,323.74560564946853
0.002576589584350586,0.0017917046546936034,2.8435299396514893,1000,367.33545,5517,5517000,0.0010211982727050782,351.76103855412373
0.0022885799407958984,0.0017707710266113281,2.895321846008301,1000,337.99152,5521,5521000,0.0010920186042785644,345.4853144376283
0.001922607421875,0.0016799039840698243,2.791198253631592,1000,178.39108,5525,5525000,0.0010777556896209718,358.37477115105924
0.001558065414428711,0.00196117639541626,3.0246875286102295,1000,998.6042,5529,5529000,0.0010318996906280517,330.6902370587007
0.002069234848022461,0.0017117235660552978,2.7931652069091797,1000,563.5365,5533,5533000,0.0010511224269866943,358.10031392551525
0.0011148452758789062,0.0017770872116088868,2.8826611042022705,1000,632.3926,5537,5537000,0.0010753040313720703,346.98083611687923
0.0015177726745605469,0.0017638452053070069,2.7809579372406006,1000,962.1126,5541,5541000,0.0009879157543182372,359.67706873287335
0.001695871353149414,0.0020405778884887696,3.2092018127441406,1000,852.15393,5545,5545000,0.001134333848953247,311.68760138030297
0.0030078887939453125,0.0020493640899658205,3.226717233657837,1000,609.5868,5549,5549000,0.0011435453891754151,309.98125687919685
0.0024650096893310547,0.0016214494705200195,2.6890482902526855,1000,532.354,5553,5553000,0.0010363898277282715,371.98366086630614
0.002267122268676758,0.0016912214756011964,2.7582194805145264,1000,648.39636,5557,5557000,0.0010365264415740966,362.64676986334985
0.0020341873168945312,0.0017757425308227539,2.873929738998413,1000,645.8303,5561,5561000,0.0010666465759277344,348.034845106262
0.00098419189453125,0.0016420297622680663,2.7515573501586914,1000,136.32635,5565,5565000,0.0010781633853912355,363.517516348219
0.0009217262268066406,0.0018931477069854736,2.986966609954834,1000,959.57184,5569,5569000,0.00106475830078125,334.8609090679015
0.0014235973358154297,0.0017760968208312988,2.833127975463867,1000,666.3727,5573,5573000,0.0010268168449401856,353.05366338175475
0.0010113716125488281,0.001770085334777832,2.8464603424072266,1000,690.15045,5577,5577000,0.0010473694801330566,351.39628428295055
0.0009932518005371094,0.0013877942562103272,2.402949571609497,1000,337.99582,5581,5581000,0.000986699104309082,416.3113537068926
0.0017497539520263672,0.00164910626411438,2.7174015045166016,1000,848.0563,5585,5585000,0.001038827419281006,368.0955385297624
0.0019123554229736328,0.0017871747016906738,2.9088239669799805,1000,994.88,5589,5589000,0.0010912609100341797,343.86367523126313
0.0015232563018798828,0.0015847482681274414,2.6096136569976807,1000,758.4876,5593,5593000,0.000996784210205078,383.2863093821121
0.0022470951080322266,0.0018180613517761231,2.9161970615386963,1000,857.1625,5597,5597000,0.0010661661624908447,343.0027641860085
0.0017361640930175781,0.0017148613929748534,2.7704904079437256,1000,963.5175,5601,5601000,0.001025498390197754,361.02320021374055
0.0010218620300292969,0.0016184167861938476,2.690730094909668,1000,509.1127,5605,5605000,0.0010443508625030517,371.7292808738497
0.0019028186798095703,0.002116645812988281,3.2109251022338867,1000,995.45074,5609,5609000,0.0010615944862365722,311.51708221301027
0.0015821456909179688,0.001720630407333374,2.7804601192474365,1000,859.3935,5613,5613000,0.001029775619506836,359.7452769486205
0.0012917518615722656,0.0015469145774841308,2.6161751747131348,1000,682.6198,5617,5617000,0.0010398039817810058,382.3216838800742
0.0014293193817138672,0.002134110450744629,3.3897969722747803,1000,986.2727,5621,5621000,0.0012223989963531495,295.061711546235
0.0024597644805908203,0.0020870230197906495,3.2902510166168213,1000,490.62173,5625,5625000,0.0011673872470855714,303.9967970308174
0.0014803409576416016,0.002118095636367798,3.3048479557037354,1000,951.5542,5629,5629000,0.0011531155109405517,302.6356034289
0.0017714500427246094,0.0021422796249389647,3.3329193592071533,1000,980.4417,5632,5632000,0.0011581296920776367,300.0961253987487
0.0011670589447021484,0.0018108053207397461,2.9196736812591553,1000,979.8679,5636,5636000,0.0010799484252929687,342.5851016013018
0.0014612674713134766,0.0017102653980255126,2.741262435913086,1000,483.36563,5640,5640000,0.0010024101734161376,364.8724143912509
0.0017995834350585938,0.0013324503898620606,2.2599575519561768,1000,565.213,5645,5645000,0.0008985495567321777,442.6086650037156
0.0027213096618652344,0.0017325994968414307,2.8009486198425293,1000,641.4058,5649,5649000,0.001038186550140381,357.1044284465764
0.0017299652099609375,0.0014480230808258056,2.3872509002685547,1000,535.1867,5653,5653000,0.0009114351272583007,418.9966546630928
0.0009827613830566406,0.0015277423858642578,2.5224416255950928,1000,674.88086,5657,5657000,0.0009682810306549072,396.5350229253239
0.001058340072631836,0.0016846673488616942,2.7038733959198,1000,484.94913,5661,5661000,0.0009923481941223145,369.9290800158403
0.002241373062133789,0.0016555821895599366,2.7206461429595947,1000,435.22162,5665,5665000,0.001033651351928711,367.6415122206524
0.0017209053039550781,0.0016423354148864745,2.6591274738311768,1000,979.0183,5669,5669000,0.0009857637882232666,376.1609787727494
0.0014379024505615234,0.0017679007053375245,2.8129806518554688,1000,5.5070286,5673,5673000,0.0010166416168212891,355.5687275809354
0.009618043899536133,0.0014543402194976806,2.459308624267578,1000,512.8462,5677,5677000,0.0009695851802825928,406.7255150852811
0.002666950225830078,0.0015953927040100097,2.629422903060913,1000,253.89827,5681,5681000,0.0010042762756347656,380.4050285283093
0.0016026496887207031,0.0013830056190490723,2.310847759246826,1000,547.8476,5685,5685000,0.0008994200229644775,432.8554552294881
0.0021278858184814453,0.0015667035579681396,2.576465129852295,1000,214.58029,5689,5689000,0.0009812791347503663,388.2288366289666
0.0020813941955566406,0.002039654016494751,3.2813472747802734,1000,998.7119,5693,5693000,0.0012067348957061767,304.8173641153786
0.0017094612121582031,0.002069836616516113,3.200809955596924,1000,997.7846,5697,5697000,0.0010988740921020507,312.4993899849044
0.0022809505462646484,0.0018603615760803222,3.0269949436187744,1000,365.34616,5701,5701000,0.0011344010829925537,330.43763110880263
0.0011758804321289062,0.0018748972415924073,3.0155606269836426,1000,864.05725,5705,5705000,0.001110992431640625,331.69157639586837
0.0018584728240966797,0.001959801912307739,3.178072690963745,1000,952.211,5709,5709000,0.001185279130935669,314.7165546542522
0.0021483898162841797,0.0015002551078796386,2.5034494400024414,1000,503.8676,5713,5713000,0.0009736390113830566,399.5546726742226
0.0021200180053710938,0.0017650480270385743,2.9083261489868164,1000,897.3294,5717,5717000,0.001112485408782959,343.92105378169714
0.0016355514526367188,0.0015050697326660157,2.5010738372802734,1000,855.5589,5721,5721000,0.0009662344455718994,399.959949689181
0.001969575881958008,0.0021058011054992678,3.174828052520752,1000,995.5421,5725,5725000,0.001037738561630249,315.0443347319016
0.0014584064483642578,0.0020019867420196535,3.216799259185791,1000,975.65686,5729,5729000,0.0011834416389465332,310.93233427058476
0.0015819072723388672,0.0020602550506591795,3.275411367416382,1000,737.8692,5733,5733000,0.001181880235671997,305.378005669397
0.0016219615936279297,0.002099921941757202,3.3227527141571045,1000,501.18756,5736,5736000,0.0011898510456085204,301.01656418443844
0.0011696815490722656,0.0021360225677490236,3.3577144145965576,1000,740.7972,5740,5740000,0.001188774824142456,297.87817310651917
0.0022237300872802734,0.0019394204616546631,3.0903425216674805,1000,683.16895,5744,5744000,0.0011191611289978027,323.65159956719947
0.001102447509765625,0.0015483934879302978,2.6445021629333496,1000,316.74396,5748,5748000,0.0010676426887512207,378.22678959138324
0.001917123794555664,0.0017831461429595947,2.768415927886963,1000,6.810034,5752,5752000,0.0009568049907684326,361.2933502292203
0.0015769004821777344,0.0018642098903656006,2.967057704925537,1000,981.1034,5756,5756000,0.0010727181434631347,337.10966851918874
0.0016484260559082031,0.0017072889804840088,2.7068991661071777,1000,998.5841,5760,5760000,0.0009709939956665039,369.5250124047093
0.0011742115020751953,0.0017870657444000245,2.820004940032959,1000,985.2659,5764,5764000,0.0010036630630493163,354.6858348880368
0.001809835433959961,0.00178975510597229,2.818629026412964,1000,993.2741,5768,5768000,0.0009997177124023437,354.86300522644694
0.0013127326965332031,0.0015692317485809326,2.611846446990967,1000,382.04596,5772,5772000,0.001013528823852539,382.95836446813
0.002470254898071289,0.0014866631031036377,2.543619394302368,1000,994.094,5776,5776000,0.001025843620300293,393.2340150333137
0.0016200542449951172,0.001697774887084961,2.831603527069092,1000,541.8423,5780,5780000,0.0011032891273498535,353.229355223769
0.00127410888671875,0.0019097502231597901,3.078324317932129,1000,998.85175,5784,5784000,0.0011383597850799562,324.91507425405865
0.0020592212677001953,0.0017807309627532958,2.887282371520996,1000,579.0446,5788,5788000,0.001074716567993164,346.4176208566285
0.0018644332885742188,0.002019562005996704,3.1030161380767822,1000,999.9408,5792,5792000,0.0010507376194000245,322.3317853973074
0.0017006397247314453,0.001509852409362793,2.4576351642608643,1000,917.7253,5796,5796000,0.0009203050136566163,407.0069207509966
0.0031239986419677734,0.0016553771495819091,2.6798863410949707,1000,741.4811,5800,5800000,0.0009937546253204347,373.2477470827339
0.001081228256225586,0.0015778579711914062,2.594766855239868,1000,511.5869,5804,5804000,0.00098765230178833,385.4922413131521
0.0010924339294433594,0.0016300485134124756,2.6951656341552734,1000,981.79675,5808,5808000,0.0010363342761993408,371.1424971513737
0.0012590885162353516,0.0016800858974456788,2.660257577896118,1000,994.85425,5812,5812000,0.0009513587951660156,375.9822316899212
0.0015842914581298828,0.0018774654865264893,3.0234158039093018,1000,641.558,5816,5816000,0.0011139273643493651,330.8381604018107
0.0017309188842773438,0.00205987548828125,3.263712167739868,1000,970.6843,5820,5820000,0.0011701312065124513,306.4567899114781
0.0012683868408203125,0.0016009714603424073,2.6799564361572266,1000,587.16656,5824,5824000,0.0010490989685058593,373.2604024334743
0.002062082290649414,0.0018520798683166503,2.99501371383667,1000,216.22641,5828,5828000,0.001111422061920166,333.9634971071732
0.0017254352569580078,0.0018388519287109374,2.8644778728485107,1000,1000.0,5832,5832000,0.000995077133178711,349.1928726191938
0.0013082027435302734,0.0018321874141693116,2.9150519371032715,1000,715.72925,5836,5836000,0.0010529353618621826,343.1187346920745
0.001678466796875,0.0015152220726013183,2.5356719493865967,1000,234.9603,5840,5840000,0.0009906580448150635,394.46261279905485
0.0010585784912109375,0.0014250552654266357,2.4107139110565186,1000,449.64352,5844,5844000,0.0009584622383117675,414.9226389580954
0.0024261474609375,0.001945206880569458,3.0936145782470703,1000,897.58984,5848,5848000,0.0011168076992034912,323.31746232533817
0.0015323162078857422,0.0018604750633239746,2.931325674057007,1000,681.9053,5852,5852000,0.0010389573574066163,341.268234640137
0.0014562606811523438,0.002201859951019287,3.4476284980773926,1000,587.7058,5856,5856000,0.0012123301029205323,290.10504997966507
0.0013952255249023438,0.0018373830318450927,2.880506992340088,1000,994.9801,5860,5860000,0.001014453649520874,347.24238825177207
0.0018062591552734375,0.0015521938800811767,2.5607073307037354,1000,559.3799,5864,5864000,0.0009791996479034423,390.61766015187726
0.0019507408142089844,0.001804290533065796,2.9021310806274414,1000,525.04205,5868,5868000,0.0010670368671417236,344.67835146228686
0.0012781620025634766,0.0016938292980194093,2.775393486022949,1000,619.9148,5872,5872000,0.0010524003505706788,360.38737890113185
0.0024504661560058594,0.0018984477519989015,3.0387566089630127,1000,501.2948,5876,5876000,0.0011083343029022216,329.1723078007319
0.001333475112915039,0.0020159664154052732,3.1528818607330322,1000,980.2793,5880,5880000,0.0011064107418060302,317.23510840765647
0.001500844955444336,0.0017474331855773925,2.843693733215332,1000,771.9758,5884,5884000,0.0010654876232147217,351.7552564687791
0.0012359619140625,0.0015582234859466552,2.6170568466186523,1000,419.929,5888,5888000,0.0010304126739501952,382.1885698727479
0.0016748905181884766,0.0017826437950134277,2.9339842796325684,1000,413.142,5892,5892000,0.001120765209197998,340.90149148628944
0.0009455680847167969,0.0017932944297790528,2.8627943992614746,1000,976.9101,5896,5896000,0.0010400056838989259,349.3905850310397
0.0016186237335205078,0.0017338404655456543,2.715557813644409,1000,984.5295,5900,5900000,0.0009514656066894531,368.3321584851598
0.0015757083892822266,0.0017329862117767335,2.8015143871307373,1000,587.34875,5904,5904000,0.0010386018753051759,357.02655041417273
0.0009663105010986328,0.0016879825592041016,2.6697070598602295,1000,989.0403,5908,5908000,0.0009547491073608398,374.64613735582776
0.0016064643859863281,0.001610905408859253,2.6640520095825195,1000,571.0116,5912,5912000,0.001024750232696533,375.4460336339101
0.0009467601776123047,0.0016466350555419923,2.7145941257476807,1000,585.26074,5916,5916000,0.0010382306575775146,368.4633031351196
0.0012726783752441406,0.0014782161712646484,2.4068875312805176,1000,702.27325,5920,5920000,0.0009001684188842773,415.5868862412861
0.002561807632446289,0.002094879150390625,3.1893155574798584,1000,973.33246,5924,5924000,0.00106201171875,313.61720836610846
0.0011899471282958984,0.0017636122703552247,2.897611379623413,1000,300.31088,5928,5928000,0.001104464054107666,345.19105689116503
0.0018851757049560547,0.002108212471008301,3.2795608043670654,1000,741.0572,5932,5932000,0.001137049913406372,304.9788071815631
0.0011947154998779297,0.002078266382217407,3.2825748920440674,1000,454.83167,5936,5936000,0.0011707663536071778,304.6969251741401
0.0010294914245605469,0.002125640630722046,3.2612688541412354,1000,867.6873,5940,5940000,0.0011038198471069337,306.6883112182533
0.0014379024505615234,0.0020702967643737792,3.268897771835327,1000,292.40607,5944,5944000,0.0011660952568054198,305.9700839263111
0.0015106201171875,0.0017975978851318358,2.9750380516052246,1000,305.5969,5948,5948000,0.0011449146270751953,336.19055894001684
0.00185394287109375,0.0016294527053833008,2.6778757572174072,1000,819.9365,5952,5952000,0.0010162854194641113,373.5441606027287
0.0012066364288330078,0.001596330165863037,2.676100969314575,1000,999.5049,5956,5956000,0.0010500023365020753,373.76808720623256
0.0019674301147460938,0.0016477103233337401,2.7229881286621094,1000,332.62482,5960,5960000,0.0010440571308135986,367.318903843599
0.0010902881622314453,0.0016658074855804444,2.744875192642212,1000,160.89159,5964,5964000,0.0010496459007263183,364.3882439531921
0.0013265609741210938,0.0019145941734313966,3.10009765625,1000,438.72476,5968,5968000,0.0011534769535064698,322.64010942814684
0.0017895698547363281,0.0020613298416137693,3.156291961669922,1000,975.15936,5972,5972000,0.0010605151653289794,316.89530988135493
0.0015063285827636719,0.001621255874633789,2.633305788040161,1000,513.2527,5976,5976000,0.0009822840690612792,379.8390881334879
0.001232147216796875,0.0018451743125915527,3.007875680923462,1000,343.04596,5980,5980000,0.0011323306560516357,332.52849932932264
0.002054452896118164,0.0023574023246765137,3.5341572761535645,1000,975.94336,5984,5984000,0.001142995834350586,283.00099657171234
0.0016417503356933594,0.0018066093921661377,2.985837459564209,1000,267.7471,5988,5988000,0.0011478793621063233,334.97719021787356
0.0010199546813964844,0.0016226878166198731,2.761535167694092,1000,982.0265,5992,5992000,0.0011090073585510254,362.1941294089557
0.0013570785522460938,0.001693666934967041,2.662144899368286,1000,14.668563,5996,5996000,0.0009394059181213379,375.72171591154824
0.0012710094451904297,0.0016029767990112305,2.65383243560791,1000,716.2784,6000,6000000,0.0010223133563995361,376.8994797295075
0.0019261837005615234,0.001881782293319702,3.0330076217651367,1000,471.64102,6004,6004000,0.0011169090270996094,329.7764507303775
0.00194549560546875,0.0019452555179595948,3.1101443767547607,1000,435.6666,6008,6008000,0.0011317095756530763,321.59183936662805
0.0020630359649658203,0.0018326094150543212,2.9993607997894287,1000,338.04617,6012,6012000,0.0011336402893066407,333.4690752508986
0.0015213489532470703,0.001878432035446167,3.036949872970581,1000,290.75583,6016,6016000,0.001125791072845459,329.3420969357701
0.002558469772338867,0.002025589942932129,3.1508641242980957,1000,875.8194,6020,6020000,0.0010934231281280518,317.4344076985206
0.0011982917785644531,0.0021484851837158202,3.284374475479126,1000,998.1347,6024,6024000,0.0011051616668701172,304.5254325287276
0.0012118816375732422,0.0019813854694366454,3.170593500137329,1000,660.4187,6027,6027000,0.0011569290161132812,315.48156040883566
0.002541780471801758,0.0020443036556243898,3.2322511672973633,1000,518.12744,6031,6031000,0.0011536755561828613,309.43985044086816
0.001982450485229492,0.0019548685550689698,3.1290485858917236,1000,219.39507,6035,6035000,0.0011419386863708496,319.6448526009805
0.002125263214111328,0.0018578879833221435,3.0311238765716553,1000,429.19684,6039,6039000,0.0011407084465026856,329.9820631478841
0.0015425682067871094,0.0016381423473358155,2.7667317390441895,1000,374.44598,6043,6043000,0.0010987944602966308,361.5124848087846
0.001726388931274414,0.0019009580612182617,3.0590052604675293,1000,314.02176,6047,6047000,0.0011256480216979981,326.97269165162953
0.0012063980102539062,0.0017809174060821533,2.8722686767578125,1000,664.91034,6051,6051000,0.001062187910079956,348.22893504631173
0.0013337135314941406,0.0018022370338439942,2.948829412460327,1000,658.1576,6055,6055000,0.0011127068996429443,339.18801331422674
0.0014336109161376953,0.0018224852085113525,2.9843201637268066,1000,452.30048,6059,6059000,0.0011286358833312987,335.151897346435
0.0018687248229980469,0.001992678642272949,3.168130874633789,1000,809.95056,6062,6062000,0.0011437478065490722,315.7114765825904
0.002371072769165039,0.0021632726192474367,3.3122379779815674,1000,663.3019,6066,6066000,0.001116454839706421,301.96881782376755
0.0015251636505126953,0.0019692282676696776,3.0968539714813232,1000,605.4929,6070,6070000,0.0010964279174804688,322.97719964719954
0.0010609626770019531,0.0018819892406463624,3.0426056385040283,1000,377.74725,6074,6074000,0.0011308398246765137,328.73369421925213
0.00243377685546875,0.002009276866912842,3.154473304748535,1000,614.90454,6078,6078000,0.0011130354404449462,317.0693725323827
0.0018584728240966797,0.002391968250274658,3.5668184757232666,1000,946.11224,6082,6082000,0.0011419517993927002,280.4097697203065
0.0014190673828125,0.0017688488960266114,2.905534267425537,1000,405.18927,6086,6086000,0.0011063079833984375,344.2392244886871
0.0019881725311279297,0.002042587995529175,3.13912034034729,1000,832.7167,6090,6090000,0.0010651655197143554,318.6209831426468
0.0014462471008300781,0.0018475890159606934,3.0111310482025146,1000,349.84195,6094,6094000,0.0011304519176483154,332.1694517961945
0.0015101432800292969,0.0019443724155426025,3.0883545875549316,1000,444.27472,6098,6098000,0.0011128613948822022,323.871348844931
0.0010325908660888672,0.0019025907516479492,3.0524747371673584,1000,459.4909,6102,6102000,0.0011205382347106933,327.6699395088885
0.0021419525146484375,0.0018415126800537108,3.0012896060943604,1000,309.04303,6106,6106000,0.0011261491775512696,333.2706410402185
0.002834320068359375,0.001777986764907837,2.90419602394104,1000,416.47888,6110,6110000,0.0010949010848999023,344.40749535362767
0.001970052719116211,0.0017707154750823974,2.842430591583252,1000,611.4003,6114,6114000,0.0010400254726409912,351.88932582422046
0.0013744831085205078,0.0014317331314086914,2.3955671787261963,1000,802.91724,6118,6118000,0.000937389850616455,417.5412762497357
0.0013620853424072266,0.0015778169631958008,2.61629319190979,1000,475.7243,6122,6122000,0.0010090997219085692,382.31401711902515
0.003147602081298828,0.0015862376689910888,2.5505025386810303,1000,984.7087,6126,6126000,0.0009332568645477295,392.17480041582104
0.001276254653930664,0.0016191799640655517,2.7284092903137207,1000,162.77316,6130,6130000,0.0010784690380096435,366.6169867019633
0.0017442703247070312,0.0016966028213500977,2.7966716289520264,1000,542.2034,6134,6134000,0.0010698080062866212,357.6427508493613
0.0013234615325927734,0.0017123186588287353,2.7983663082122803,1000,999.7942,6138,6138000,0.0010558822154998779,357.43674897598044
0.0021092891693115234,0.0015079023838043212,2.4929418563842773,1000,855.0432,6142,6142000,0.0009563057422637939,401.23614632674077
0.0018689632415771484,0.0018008186817169188,2.863006591796875,1000,967.5449,6146,6146000,0.0010302796363830565,349.3558375261602
0.0025177001953125,0.00184100341796875,2.969257354736328,1000,738.1172,6150,6150000,0.0010958192348480224,336.8443505603266
0.0018396377563476562,0.001857799768447876,2.9966845512390137,1000,976.23254,6154,6154000,0.0011046497821807862,333.7729469179528
0.0013089179992675781,0.0015318446159362793,2.5338351726531982,1000,637.5311,6158,6158000,0.0009722609519958496,394.74561458491564
0.0018527507781982422,0.0019522433280944823,3.0507192611694336,1000,998.4629,6162,6162000,0.0010639703273773193,327.86075885744197
0.0011742115020751953,0.0015994458198547363,2.626051664352417,1000,453.6543,6166,6166000,0.0009959001541137696,380.89007577201613
0.00135040283203125,0.0019095404148101807,3.0920498371124268,1000,282.48724,6170,6170000,0.0011496529579162597,323.47328052941504
0.001386404037475586,0.0016502304077148438,2.719343662261963,1000,636.2163,6174,6174000,0.0010396890640258789,367.8104473571525
0.0020055770874023438,0.00185927414894104,2.933692455291748,1000,986.8908,6178,6178000,0.0010430934429168702,340.9456353058164
0.0013267993927001953,0.0014365971088409423,2.462203025817871,1000,312.72668,6182,6182000,0.0009974567890167236,406.23558387096244
0.0013129711151123047,0.0019663760662078857,3.0903501510620117,1000,739.8789,6186,6186000,0.0010921063423156739,323.65027592774373
0.0013859272003173828,0.001658625602722168,2.7618374824523926,1000,662.2167,6190,6190000,0.0010737180709838867,362.1667642390991
0.0017247200012207031,0.0019364969730377196,3.100524663925171,1000,645.157,6194,6194000,0.0011321702003479004,322.59474745523187
0.0010592937469482422,0.001815654754638672,2.959609270095825,1000,344.8202,6198,6198000,0.0011116716861724854,337.95186202894524
0.0015566349029541016,0.0021231093406677247,3.260608434677124,1000,938.83545,6202,6202000,0.0011049361228942871,306.75564617298875
0.0013742446899414062,0.0018991541862487793,3.0513439178466797,1000,427.7177,6206,6206000,0.0011210541725158692,327.81604365811813
0.0010652542114257812,0.0017428169250488282,2.875110387802124,1000,584.7416,6210,6210000,0.0011016237735748291,347.8879119039793
0.0025475025177001953,0.001990816831588745,3.1560351848602295,1000,774.5492,6214,6214000,0.0011332273483276368,316.91496799383265
0.001650094985961914,0.0019378929138183594,3.044285297393799,1000,984.39575,6218,6218000,0.0010767285823822022,328.54600105700484
0.0015027523040771484,0.001724494457244873,2.8264734745025635,1000,566.5917,6222,6222000,0.0010717895030975342,353.87346506697753
0.0013430118560791016,0.0017689106464385987,2.873565435409546,1000,303.44684,6226,6226000,0.0010750668048858643,348.06222476634264
0.0015294551849365234,0.001885974407196045,3.0103909969329834,1000,960.24615,6230,6230000,0.0010914871692657472,332.25173191684263
0.0012774467468261719,0.0016434178352355956,2.665344476699829,1000,988.5195,6234,6234000,0.0009921529293060302,375.27874327059186
0.0009596347808837891,0.0016718907356262206,2.7552707195281982,1000,451.15463,6238,6238000,0.0010544734001159668,363.01324157974614
0.0011224746704101562,0.0018873968124389648,3.036466598510742,1000,963.43915,6242,6242000,0.001119140863418579,329.392946255826
0.0012087821960449219,0.0017508318424224853,2.805865526199341,1000,736.48157,6246,6246000,0.001024867296218872,356.4623884648497
0.0022079944610595703,0.00182631516456604,2.9505999088287354,1000,255.78333,6250,6250000,0.001093203067779541,338.99257963949935
0.0014309883117675781,0.0019386072158813477,3.0866830348968506,1000,514.8096,6254,6254000,0.0011175570487976074,324.0414950101304
0.0017485618591308594,0.0017691540718078613,2.798783302307129,1000,711.7522,6258,6258000,0.000999196767807007,357.3839380940683
0.0018765926361083984,0.0023208692073822023,3.430326461791992,1000,966.2575,6262,6262000,0.0010743727684020996,291.5682069653335
0.0018968582153320312,0.001838132619857788,2.998337507247925,1000,497.69412,6266,6266000,0.001127054214477539,333.5788998086395
0.0011031627655029297,0.0018115320205688477,2.8915205001831055,1000,685.9331,6270,6270000,0.0010501201152801514,345.9077151457672
0.0017399787902832031,0.0017782940864562989,2.8679840564727783,1000,564.3205,6274,6274000,0.0010592939853668213,348.7469881802131
0.0014510154724121094,0.001678755283355713,2.695592164993286,1000,771.23865,6278,6278000,0.0009873917102813721,371.0583437665655
0.0017418861389160156,0.0016908233165740967,2.7309467792510986,1000,743.9386,6282,6282000,0.0010103826522827148,366.2472359899411
0.0017819404602050781,0.0017029561996459962,2.7976112365722656,1000,720.56396,6286,6286000,0.0010651118755340577,357.52221139675015
0.0011954307556152344,0.0014395241737365722,2.414473056793213,1000,244.414,6290,6290000,0.0009483919143676758,414.27380960964587
0.0012857913970947266,0.0018192968368530274,2.891385555267334,1000,679.72876,6294,6294000,0.0010427396297454834,345.92945431068284
0.0012671947479248047,0.0019981338977813723,3.1495394706726074,1000,703.29877,6298,6298000,0.0011210238933563232,317.57441011270197
0.0025742053985595703,0.0018211004734039306,2.906928062438965,1000,989.6189,6302,6302000,0.0010548012256622315,344.0788236146314
0.0009720325469970703,0.0017010188102722168,2.793254852294922,1000,966.5426,6306,6306000,0.0010633177757263183,358.0791581020038
0.0021848678588867188,0.0019732437133789063,3.152730703353882,1000,874.3511,6310,6310000,0.0011464829444885255,317.2452341972231
0.002216339111328125,0.0014850234985351563,2.5000104904174805,1000,762.06036,6314,6314000,0.0009861376285552979,400.09787092580075
0.001249074935913086,0.0017902603149414062,2.859722375869751,1000,652.34656,6318,6318000,0.0010398752689361572,349.7517684574288
0.004133939743041992,0.0019274253845214843,3.0976150035858154,1000,989.9541,6322,6322000,0.0011355156898498536,322.8934327974209
0.0013377666473388672,0.001856861114501953,2.980241298675537,1000,370.70914,6326,6326000,0.0010919618606567384,335.6130535533677
0.0012195110321044922,0.0017420046329498292,2.8481802940368652,1000,436.68976,6330,6330000,0.00107700777053833,351.1783885379127
0.0013959407806396484,0.0018536958694458008,2.9250385761260986,1000,986.5297,6334,6334000,0.0010415351390838624,341.9450666014893
0.0017189979553222656,0.0017081820964813233,2.785839796066284,1000,740.76575,6338,6338000,0.0010461585521697998,359.0659243997575
0.0011141300201416016,0.0016656293869018555,2.7103962898254395,1000,727.97626,6343,6343000,0.0010159687995910645,369.0271577791736
0.0014753341674804688,0.0017807421684265137,2.9284276962280273,1000,431.221,6347,6347000,0.0011149206161499023,341.5469947712245
0.0014028549194335938,0.0022176034450531006,3.435561418533325,1000,962.3312,6351,6351000,0.0011854898929595948,291.13389404591044
0.0017778873443603516,0.0019863371849060058,3.1734437942504883,1000,461.56052,6355,6355000,0.0011547842025756835,315.1823547946139
0.0016224384307861328,0.002050389051437378,3.2525532245635986,1000,466.56787,6359,6359000,0.001168548345565796,307.5061548094025
0.0015020370483398438,0.0020499310493469237,3.1812877655029297,1000,992.65314,6363,6363000,0.001100484848022461,314.4030302237549
0.002292633056640625,0.00226685094833374,3.540678024291992,1000,998.8591,6367,6367000,0.001238929271697998,282.4775268507621
0.0019714832305908203,0.0015836730003356933,2.661916732788086,1000,825.7214,6371,6371000,0.0010477156639099121,375.7509996008047
0.0022079944610595703,0.001822512149810791,2.946629762649536,1000,767.8304,6375,6375000,0.0010930614471435546,339.4473947682112
0.002259969711303711,0.00137540864944458,2.353741407394409,1000,476.40128,6379,6379000,0.0009493396282196045,424.99085282105483
0.0014531612396240234,0.0018860437870025634,2.9992740154266357,1000,868.0165,6383,6383000,0.001081763505935669,333.4820934129021
0.0013012886047363281,0.0016326639652252198,2.6860928535461426,1000,800.1128,6387,6387000,0.0010254805088043212,372.3798023547009
0.002483844757080078,0.0018135473728179933,2.9128596782684326,1000,977.55066,6391,6391000,0.0010677270889282227,343.3735669654362
0.001299142837524414,0.0017263896465301513,2.8658554553985596,1000,794.97876,6395,6395000,0.0011061482429504394,349.01658349346104
0.001325845718383789,0.0020261504650115965,3.0851385593414307,1000,990.92786,6399,6399000,0.001027245283126831,324.2030740015246
0.0022287368774414062,0.0019044244289398193,3.0241358280181885,1000,816.80444,6403,6403000,0.0010870800018310547,330.7387390399478
0.0019080638885498047,0.0017608377933502196,2.7615063190460205,1000,978.5278,6407,6407000,0.0009696531295776367,362.19897738449805
0.0017597675323486328,0.0018120605945587157,2.9384021759033203,1000,484.24362,6411,6411000,0.0010904383659362793,340.39414687859926
0.0015149116516113281,0.0018143191337585448,2.943286895751953,1000,738.178,6415,6415000,0.0010919520854949952,339.82254997516736
0.0032455921173095703,0.001982043743133545,3.1629910469055176,1000,660.2035,6419,6419000,0.0011480088233947754,316.2149119430933
0.0015156269073486328,0.0017247037887573242,2.7535016536712646,1000,707.82367,6423,6423000,0.0009982914924621582,363.2564577059913
0.0013155937194824219,0.0017340595722198486,2.7505221366882324,1000,982.6082,6427,6427000,0.0009873642921447753,363.64742974782786
0.0011396408081054688,0.0017231705188751221,2.829615592956543,1000,477.13693,6431,6431000,0.001076648235321045,353.4753913756739
0.0013523101806640625,0.0014482579231262207,2.4893875122070312,1000,512.052,6435,6435000,0.0010133647918701171,401.7968616709074
0.0010230541229248047,0.001959237337112427,3.0853054523468018,1000,679.16187,6439,6439000,0.0010943057537078857,324.17894339081903
0.0015804767608642578,0.0017332234382629395,2.7681970596313477,1000,941.66486,6443,6443000,0.0010051870346069337,361.3222332575163
0.0022308826446533203,0.0017982113361358642,2.9132940769195557,1000,519.3791,6447,6447000,0.0010827205181121826,343.33340127469455
0.002188444137573242,0.002063368558883667,3.2372589111328125,1000,999.7948,6451,6451000,0.0011405940055847167,308.95953814707104
0.002707242965698242,0.0021249465942382814,3.3330466747283936,1000,1000.0,6455,6455000,0.0011748297214508056,300.08113909240836
0.0015239715576171875,0.0018426949977874757,2.96753191947937,1000,699.8263,6459,6459000,0.0010939738750457763,337.04557491797664
0.0025610923767089844,0.0016946005821228028,2.8273887634277344,1000,493.66388,6463,6463000,0.0010960018634796143,353.758615283002
0.0025386810302734375,0.0019357531070709228,3.0694477558135986,1000,810.4958,6467,6467000,0.0011012859344482421,325.88032590021606
0.002043485641479492,0.001673846960067749,2.7575621604919434,1000,958.1522,6471,6471000,0.001051414728164673,362.7229473176619
0.001390218734741211,0.001951293706893921,3.030782699584961,1000,999.53656,6475,6475000,0.0010500845909118652,330.0084675577351
0.0010399818420410156,0.0016374411582946778,2.672638177871704,1000,632.9052,6479,6479000,0.0010064499378204346,374.2335415648395
0.0028154850006103516,0.0018257977962493897,2.9288065433502197,1000,757.62,6483,6483000,0.0010709321498870849,341.50703279255805
0.0014004707336425781,0.0019396488666534423,3.093123197555542,1000,643.03253,6487,6487000,0.0011226296424865722,323.3595127107929
0.001569986343383789,0.002368214845657349,3.6180405616760254,1000,979.8479,6490,6490000,0.0012158639430999757,276.4395167285853
0.002468585968017578,0.0021537859439849853,3.3580973148345947,1000,751.5824,6493,6493000,0.0011694602966308594,297.8431018884753
0.001756429672241211,0.0021592206954956054,3.2931056022644043,1000,761.38873,6496,6496000,0.0011040852069854736,303.7277672579853
0.0012066364288330078,0.0018538670539855957,2.97105073928833,1000,422.7529,6500,6500000,0.0010884389877319335,336.66160560374925
0.0021615028381347656,0.0013478889465332032,2.26918363571167,1000,712.9747,6504,6504000,0.0008944334983825683,440.8278765481328
0.003468036651611328,0.0015499379634857178,2.581002950668335,1000,812.80334,6508,6508000,0.001001354694366455,387.5448025776052
0.0020880699157714844,0.0019472463130950927,3.0115818977355957,1000,999.47894,6512,6512000,0.0010337705612182618,332.1135077576219
0.002431631088256836,0.0018936278820037842,2.943905830383301,1000,809.8917,6516,6516000,0.0010157685279846191,339.7523292692104
0.0013420581817626953,0.0018038792610168457,2.9770641326904297,1000,271.0337,6520,6520000,0.001142573833465576,336.0020354127206
0.0018124580383300781,0.001799605369567871,2.963071584701538,1000,441.27963,6524,6524000,0.0011320056915283202,337.55362822522835
0.0020880699157714844,0.0021166250705718995,3.3075060844421387,1000,753.4491,6528,6528000,0.0011572332382202147,302.4085230051028
0.0013628005981445312,0.002281266689300537,3.437286138534546,1000,992.2161,6532,6532000,0.0011249125003814698,290.9773048602314
0.0022783279418945312,0.00176124906539917,2.873882293701172,1000,637.38055,6536,6536000,0.0010814392566680909,348.03935032384646
0.0017840862274169922,0.0019458699226379394,3.013254404067993,1000,985.917,6540,6540000,0.0010372955799102784,331.9326800046344
0.0019807815551757812,0.001661686897277832,2.6600725650787354,1000,967.85266,6544,6544000,0.0009697628021240234,376.0319171835834
0.0013854503631591797,0.0019103305339813231,2.9278030395507812,1000,995.70374,6548,6548000,0.0009866642951965332,341.6255833440847
0.0009386539459228516,0.0015037620067596435,2.4971184730529785,1000,687.1229,6552,6552000,0.0009655354022979736,400.54819747753146
0.0017116069793701172,0.0016525764465332032,2.6606130599975586,1000,421.3943,6556,6556000,0.0009780738353729248,375.9714805874196
0.0015723705291748047,0.0020896074771881105,3.3034119606018066,1000,999.9773,6560,6560000,0.001182403564453125,302.7863493247177
0.0013458728790283203,0.001726529598236084,2.8518683910369873,1000,999.33167,6564,6564000,0.0010944688320159912,350.7134628671616
0.0012340545654296875,0.001530808448791504,2.5607986450195312,1000,463.0851,6568,6568000,0.0010011043548583984,390.5896144031261
0.0013003349304199219,0.001643796443939209,2.612123489379883,1000,728.9481,6572,6572000,0.0009409849643707275,382.9278767357408
0.0009458065032958984,0.00178784441947937,2.9132723808288574,1000,664.7712,6576,6576000,0.0010956645011901856,343.32896085850575
0.0014374256134033203,0.00201766037940979,3.1517341136932373,1000,995.5195,6580,6580000,0.0011029109954833985,317.34813639200263
0.0012764930725097656,0.0015932605266571044,2.6096246242523193,1000,541.1948,6584,6584000,0.0009869437217712403,383.2758019629353
0.0022640228271484375,0.0016333065032958984,2.6453158855438232,1000,897.2048,6588,6588000,0.000981675386428833,378.1053732325486
0.002172708511352539,0.0014169702529907226,2.462958335876465,1000,421.70035,6592,6592000,0.0010165362358093262,406.1237158381901
0.0013456344604492188,0.0017691481113433838,2.7640514373779297,1000,999.5314,6596,6596000,0.0009650864601135254,361.8756049156988
0.0034003257751464844,0.0018299839496612549,2.8691890239715576,1000,998.68115,6600,6600000,0.0010062568187713622,348.59586057043236
0.0015666484832763672,0.0016080653667449952,2.6483585834503174,1000,811.90015,6604,6604000,0.0010116052627563476,377.6754348130282
0.0008978843688964844,0.0018446998596191406,2.930295705795288,1000,843.49225,6608,6608000,0.0010563149452209473,341.33719448812127
0.001333475112915039,0.0013478984832763672,2.2973694801330566,1000,298.5113,6612,6612000,0.0009223015308380127,435.3938996330977
0.0012054443359375,0.0018863267898559571,3.0208780765533447,1000,732.82935,6616,6616000,0.0011031990051269531,331.10055325465856
0.0014481544494628906,0.0015891711711883544,2.6258466243743896,1000,335.39374,6620,6620000,0.0010072481632232666,380.9296498271455
0.0020227432250976562,0.0015212419033050538,2.5888874530792236,1000,876.27014,6624,6624000,0.0010384151935577393,386.36422883963996
0.002413511276245117,0.0016146941184997559,2.6958751678466797,1000,297.09573,6628,6628000,0.0010497331619262694,371.03710624064126
0.002271413803100586,0.001969984531402588,3.085935354232788,1000,989.02545,6632,6632000,0.0010852062702178956,324.10935309170105
0.001055002212524414,0.0016916451454162598,2.7882871627807617,1000,376.26654,6636,6636000,0.0010660152435302734,358.72397258774333
0.0009379386901855469,0.0015547952651977538,2.555598020553589,1000,345.9068,6640,6640000,0.0009714267253875732,391.38949530371315
0.0028557777404785156,0.001842620611190796,2.95432710647583,1000,922.3844,6644,6644000,0.00107905912399292,338.5583014225844
0.0014543533325195312,0.0015082645416259765,2.4587783813476562,1000,734.41565,6648,6648000,0.0009200193881988525,406.81396002067095
0.001512765884399414,0.0016683902740478515,2.769157648086548,1000,400.32672,6652,6652000,0.0010675320625305176,361.1995744802147
0.0012814998626708984,0.0017770280838012695,2.854443311691284,1000,649.13763,6656,6656000,0.0010458669662475586,350.4085380534972
0.0034143924713134766,0.0022002310752868653,3.3923394680023193,1000,999.8495,6660,6660000,0.001156414747238159,294.8333739279763
0.0014269351959228516,0.0015788416862487793,2.567030191421509,1000,979.59515,6664,6664000,0.000958148717880249,389.6464488817939
0.0011134147644042969,0.001603308916091919,2.6651034355163574,1000,28.533272,6668,6668000,0.0010329513549804687,375.31796585963644
0.0010371208190917969,0.0017173845767974854,2.749879837036133,1000,961.217,6672,6672000,0.0010033602714538575,363.7341218235409
0.001775979995727539,0.001726771593093872,2.8397457599639893,1000,774.1959,6676,6676000,0.0010816330909729005,352.2165022213056
0.0025131702423095703,0.0017519524097442626,2.8685426712036133,1000,806.83594,6680,6680000,0.0010850961208343506,348.67801669626004
0.0018644332885742188,0.0017674555778503418,2.846280336380005,1000,707.9802,6684,6684000,0.001046100378036499,351.4063235316172
0.0019259452819824219,0.001737816333770752,2.7810821533203125,1000,590.2179,6688,6688000,0.0010116991996765136,359.652549712316
0.0019326210021972656,0.0016500227451324463,2.673696517944336,1000,724.2135,6692,6692000,0.0009924635887145997,374.0986583817936
0.0009458065032958984,0.0019102544784545899,2.9688446521759033,1000,999.9988,6696,6696000,0.0010288043022155763,336.8978948861578
0.0013222694396972656,0.0018684089183807373,2.891878604888916,1000,988.316,6700,6700000,0.0009946410655975342,345.8662129116501
0.0011878013610839844,0.0015902271270751952,2.630577802658081,1000,633.9049,6704,6704000,0.0010122945308685303,380.2216402772933
0.0013630390167236328,0.0015170021057128906,2.5616891384124756,1000,215.59991,6708,6708000,0.0010159478187561036,390.4540985306622
0.0011150836944580078,0.0014733297824859619,2.439634323120117,1000,644.2201,6712,6712000,0.0009392588138580322,409.9827974146564
0.0018193721771240234,0.0017264938354492187,2.731590747833252,1000,684.7831,6716,6716000,0.0009751601219177246,366.17049824300665
0.0024809837341308594,0.0016939210891723632,2.742117166519165,1000,983.8164,6720,6720000,0.0010163385868072509,364.7754393294741
0.0014388561248779297,0.0013484582901000977,2.274416923522949,1000,121.63411,6724,6724000,0.0008984982967376709,439.798894144283
0.0011174678802490234,0.0017689921855926513,2.8708643913269043,1000,540.7193,6728,6728000,0.0010721681118011474,348.4068312693483
0.0017058849334716797,0.0017865095138549804,2.9122939109802246,1000,338.65094,6732,6732000,0.0010935127735137939,343.44529269628987
0.0014030933380126953,0.0017152471542358399,2.8239309787750244,1000,565.00415,6736,6736000,0.0010750160217285157,354.1969550389943
0.001669168472290039,0.0014935712814331055,2.480370283126831,1000,618.8795,6740,6740000,0.0009575610160827637,403.2584458926768
0.0013191699981689453,0.0019086649417877197,2.9261515140533447,1000,997.19604,6744,6744000,0.0009871857166290283,341.8268792718132
0.0012738704681396484,0.001961907386779785,3.1229372024536133,1000,901.3106,6748,6748000,0.0011279585361480713,320.29565865891374
0.001783609390258789,0.00216117262840271,3.3892440795898438,1000,810.55945,6752,6752000,0.0011944427490234374,295.11083092233395
0.0012276172637939453,0.002247551918029785,3.483877182006836,1000,991.1303,6755,6755000,0.0011983819007873534,287.10523410215234
0.002238750457763672,0.0020405187606811525,3.177828788757324,1000,999.89294,6759,6759000,0.0011055784225463866,314.7559722380439
0.0013730525970458984,0.002063878059387207,3.2641804218292236,1000,771.24255,6763,6763000,0.0011680240631103515,306.4133570176467
0.00284576416015625,0.0020720419883728026,3.265965461730957,1000,436.47076,6767,6767000,0.0011599693298339844,306.25358967592774
0.0015707015991210938,0.0018694531917572022,3.023749351501465,1000,537.067,6771,6771000,0.0011217997074127197,330.7979515989499
0.0016837120056152344,0.0014501492977142334,2.4468274116516113,1000,608.0494,6775,6775000,0.0009630799293518066,408.80761586331494
0.0013763904571533203,0.0020347557067871094,3.190716505050659,1000,997.38855,6779,6779000,0.0011210370063781739,313.48966967953197
0.0013594627380371094,0.0019847774505615235,3.170846939086914,1000,690.203,6783,6783000,0.0011531953811645507,315.4451635999356
0.002414226531982422,0.0021890995502471923,3.4037582874298096,1000,700.46716,6787,6787000,0.0011781179904937745,293.8546238253848
0.0020227432250976562,0.002238051652908325,3.4928500652313232,1000,417.43857,6790,6790000,0.0012224714756011964,286.3497531248707
0.001972198486328125,0.0019413368701934814,3.1064114570617676,1000,484.32355,6794,6794000,0.001131592035293579,321.98746289812544
0.0012874603271484375,0.0022304632663726807,3.459625244140625,1000,670.7583,6798,6798000,0.0011967110633850097,289.10457348345005
0.001718759536743164,0.0019547266960144045,3.1197733879089355,1000,989.7325,6802,6802000,0.0011322479248046875,320.5942656156462
0.0017800331115722656,0.0021431326866149904,3.3543028831481934,1000,944.2291,6806,6806000,0.0011791110038757325,298.1896493745794
0.0011739730834960938,0.0021373231410980226,3.332017421722412,1000,903.7954,6810,6810000,0.001163177728652954,300.17831904882
0.002104043960571289,0.0018981101512908936,3.0759100914001465,1000,169.87389,6814,6814000,0.001145526647567749,325.1724882459131
0.0012857913970947266,0.001945554256439209,3.1297194957733154,1000,381.92932,6818,6818000,0.0011525087356567382,319.57731686666864
0.0021533966064453125,0.002044177770614624,3.258366346359253,1000,412.38644,6822,6822000,0.00118070387840271,306.9699598896774
0.0022487640380859375,0.001938431739807129,3.081662654876709,1000,428.41638,6826,6826000,0.0011106281280517578,324.5689809605416
0.001990079879760742,0.002013395071029663,3.20047664642334,1000,864.51404,6830,6830000,0.0011552014350891112,312.5137795250656
0.002326488494873047,0.0016645286083221435,2.716120481491089,1000,791.05884,6834,6834000,0.001021153211593628,368.24798132378805
0.0021333694458007812,0.0018628828525543214,2.990100622177124,1000,533.6279,6838,6838000,0.0010941274166107178,334.5078541042152
0.0023648738861083984,0.0017942292690277099,2.855029582977295,1000,567.07166,6842,6842000,0.001029416561126709,350.3316215603545
0.0023174285888671875,0.001778139591217041,2.873349666595459,1000,999.8714,6846,6846000,0.001064462900161743,348.10596028908463
0.0015597343444824219,0.0019293019771575927,3.0605175495147705,1000,444.2208,6850,6850000,0.0010997490882873535,326.80169491353746
0.0016033649444580078,0.0017718849182128905,2.861520528793335,1000,644.6975,6854,6854000,0.0010580060482025147,349.54758786309395
0.00238800048828125,0.0018641340732574463,2.9271788597106934,1000,689.2952,6858,6858000,0.0010309734344482423,341.695439291215
0.0009279251098632812,0.0017757234573364258,2.748985767364502,1000,10.543096,6862,6862000,0.0009449517726898193,363.8474609382455
0.0026009082794189453,0.0018208816051483155,2.9139091968536377,1000,640.21216,6866,6866000,0.0010605816841125488,343.2527328924566
0.0008971691131591797,0.0017308006286621094,2.8080811500549316,1000,605.90674,6870,6870000,0.0010484864711761475,356.19387635516256
0.0009176731109619141,0.001718625545501709,2.7783608436584473,1000,626.04846,6874,6874000,0.001031362533569336,360.0028255684418
0.0015597343444824219,0.0016281130313873292,2.6337060928344727,1000,615.27014,6879,6879000,0.0009763777256011963,379.7791410243026
0.0013136863708496094,0.0015810096263885497,2.679530382156372,1000,242.50368,6883,6883000,0.0010668427944183349,373.3002009658465
0.0014264583587646484,0.0015369207859039307,2.439969778060913,1000,998.5724,6887,6887000,0.0008752195835113525,409.9364761799113
0.0024025440216064453,0.0015861639976501465,2.559145927429199,1000,744.29065,6891,6891000,0.0009438328742980958,390.83383115841775
0.00122833251953125,0.0015015928745269775,2.5587615966796875,1000,291.6473,6895,6895000,0.0010274498462677002,390.9222757632801
0.001834869384765625,0.001955587863922119,2.982764720916748,1000,963.95917,6899,6899000,0.0009968125820159913,335.32681361561635
0.0013091564178466797,0.001864739418029785,3.003525972366333,1000,773.24365,6903,6903000,0.0011070234775543213,333.01315362195027
0.0029125213623046875,0.0017867918014526367,2.8691322803497314,1000,722.1339,6907,6907000,0.0010498456954956055,348.6087827420407
0.0012080669403076172,0.0019518949985504151,3.081712484359741,1000,822.4829,6911,6911000,0.0010990464687347411,324.55456489587806
0.0015501976013183594,0.0017450594902038575,2.764364004135132,1000,221.62546,6915,6915000,0.0009898896217346192,361.8243771037497
0.0019855499267578125,0.0020052714347839357,3.1495869159698486,1000,967.52026,6919,6919000,0.0011126506328582764,317.5714525622464
0.002169370651245117,0.0016487104892730713,2.662443161010742,1000,737.88153,6923,6923000,0.0009842684268951416,375.6674017056966
0.002546072006225586,0.001704179286956787,2.7165110111236572,1000,994.8253,6927,6927000,0.000982473611831665,368.1928650026621
0.002056121826171875,0.001809121608734131,2.8648083209991455,1000,540.13354,6931,6931000,0.0010240054130554199,349.13314043890693
0.0015175342559814453,0.0018123059272766113,2.8952279090881348,1000,986.0024,6935,6935000,0.0010528607368469238,345.46903741955805
0.002071857452392578,0.0018168673515319823,2.892413854598999,1000,518.76373,6939,6939000,0.001045072078704834,345.80806949034684
0.0011730194091796875,0.0015678207874298097,2.6125600337982178,1000,782.7042,6943,6943000,0.0010167064666748047,382.8572701279421
0.002235889434814453,0.0015245542526245118,2.558882236480713,1000,455.49857,6947,6947000,0.0010046355724334718,390.88271116131557
0.002297639846801758,0.001713913917541504,2.8050904273986816,1000,8.684569,6951,6951000,0.0010594985485076905,356.5699673210393
0.001104116439819336,0.0019760799407958986,3.0276753902435303,1000,972.7629,6955,6955000,0.0010224273204803467,330.37519047970875
0.0017654895782470703,0.0017802281379699708,2.9106242656707764,1000,436.43546,6959,6959000,0.0010986447334289551,343.6406307159194
0.002218008041381836,0.0020351040363311766,3.262709617614746,1000,505.65775,6963,6963000,0.0011931743621826172,306.5759129346581
0.0021560192108154297,0.0018705489635467529,3.0023834705352783,1000,784.0924,6967,6967000,0.0010983686447143554,333.13408159430196
0.0016531944274902344,0.0018178246021270752,2.8932602405548096,1000,548.2603,6971,6971000,0.0010434305667877198,345.72543625302336
0.0019044876098632812,0.001509429931640625,2.4094603061676025,1000,995.23804,6975,6975000,0.0008713982105255127,415.1260000184091
0.0012183189392089844,0.001811800479888916,2.930506467819214,1000,857.46643,6979,6979000,0.001087169885635376,341.3018362400475
0.0012803077697753906,0.0019021737575531006,2.980451822280884,1000,985.35254,6983,6983000,0.0010476529598236084,335.597559196791
0.0014786720275878906,0.0015027809143066406,2.496396780014038,1000,963.59973,6987,6987000,0.0009655134677886963,400.6694535088993
0.0023539066314697266,0.0014480218887329103,2.452935218811035,1000,416.87943,6992,6992000,0.0009746360778808594,407.7786946894223
0.0010235309600830078,0.0016873252391815185,2.7354135513305664,1000,684.5683,6996,6996000,0.0010204234123229981,365.66069025352994
0.00122833251953125,0.0018476009368896484,2.931940793991089,1000,664.59,7000,7000000,0.0010539162158966064,341.13153604040707
0.001691579818725586,0.0019402129650115966,3.0868442058563232,1000,576.48474,7004,7004000,0.001113631010055542,324.0211931891572
0.001882314682006836,0.0021448619365692138,3.248263359069824,1000,35.0176,7008,7008000,0.0010717508792877197,307.9176752123902
0.0014150142669677734,0.0020264244079589845,3.1803231239318848,1000,602.0061,7012,7012000,0.0011225359439849853,314.4920698856603
0.001741647720336914,0.001889190673828125,3.028593063354492,1000,703.1603,7016,7016000,0.0011055529117584228,330.25056201122976
0.0010690689086914062,0.0015116422176361085,2.4834823608398438,1000,516.01825,7020,7020000,0.0009438889026641845,402.7682403866218
0.001680135726928711,0.0018654356002807617,2.9063796997070312,1000,999.8267,7024,7024000,0.0010101358890533447,344.13511632835593
0.001430511474609375,0.0016312444210052491,2.6549999713897705,1000,477.1749,7028,7028000,0.0009928772449493408,376.7309595793566
0.0009102821350097656,0.001766498327255249,2.7872087955474854,1000,1000.0,7032,7032000,0.0009918367862701415,358.8746151832147
0.0016260147094726562,0.001832833766937256,2.8221254348754883,1000,968.486,7036,7036000,0.0009604651927947998,354.417415995894
0.0017981529235839844,0.0017116343975067138,2.7846462726593018,1000,479.34482,7040,7040000,0.00104260516166687,359.2046719600269
0.0015676021575927734,0.001617603063583374,2.681854248046875,1000,411.84576,7044,7044000,0.0010343422889709472,372.9643394038943
0.0014400482177734375,0.0017427968978881835,2.7345292568206787,1000,998.60345,7048,7048000,0.0009621472358703613,365.76595117544156
0.0018742084503173828,0.0014608683586120606,2.437708616256714,1000,578.18774,7052,7052000,0.0009489531517028808,410.3232347719139
0.0014755725860595703,0.0016506474018096924,2.6679861545562744,1000,824.4996,7056,7056000,0.0009878785610198974,374.8985952243133
0.0015716552734375,0.0020283234119415285,3.2332420349121094,1000,536.02844,7060,7060000,0.0011707460880279541,309.34712279349856
0.0021576881408691406,0.0019824528694152833,3.112301826477051,1000,999.8621,7064,7064000,0.0010988245010375977,321.36647933906585
0.0011925697326660156,0.00192551851272583,3.046710729598999,1000,900.7213,7068,7068000,0.0010904581546783447,328.2870232238799
0.0017056465148925781,0.0016836693286895752,2.7015981674194336,1000,352.92038,7072,7072000,0.0009868271350860595,370.23753156147706
0.0015113353729248047,0.0017378342151641846,2.7511141300201416,1000,727.45435,7076,7076000,0.0009837038516998292,363.5720926200821
0.0014922618865966797,0.0019251322746276856,3.010265350341797,1000,998.8493,7080,7080000,0.001053823232650757,332.2735783856889
0.0016019344329833984,0.0017016746997833253,2.6909339427948,1000,657.8087,7084,7084000,0.000959975004196167,371.70684646970113
0.0025026798248291016,0.0015403494834899903,2.5391955375671387,1000,358.89423,7088,7088000,0.0009688196182250976,393.9189853592785
0.0018391609191894531,0.001395343065261841,2.32705020904541,1000,374.02136,7092,7092000,0.0009034464359283448,429.8362190599792
0.0009906291961669922,0.0018074679374694824,2.8391599655151367,1000,965.7199,7096,7096000,0.0010025997161865233,352.30004851544095
0.0016827583312988281,0.0014071214199066163,2.3061647415161133,1000,778.3304,7100,7100000,0.0008706111907958985,433.7311671786302
0.0011508464813232422,0.0021411521434783936,3.2559256553649902,1000,994.5283,7104,7104000,0.0010829885005950927,307.19602505143365
0.0016014575958251953,0.0018969926834106446,2.970498561859131,1000,804.80707,7108,7108000,0.0010432281494140625,336.749046448651
0.0015645027160644531,0.0019209740161895753,3.012233257293701,1000,948.2444,7112,7112000,0.0010611815452575683,332.0616573378407
0.001750946044921875,0.0018344993591308595,2.924332857131958,1000,416.93317,7116,7116000,0.0010567281246185302,342.0358596241091
0.0018208026885986328,0.0017342238426208496,2.7234787940979004,1000,996.9982,7120,7120000,0.000958873987197876,367.25486813844
0.0009443759918212891,0.001694831371307373,2.7023322582244873,1000,430.25064,7124,7124000,0.0009778070449829102,370.13245792850273
0.001657724380493164,0.0018101406097412109,2.9517464637756348,1000,376.3019,7128,7128000,0.001110227108001709,338.851154866294
0.0016207695007324219,0.001629154920578003,2.6315524578094482,1000,391.45078,7132,7132000,0.0009733405113220215,380.09418656632084
0.0010342597961425781,0.0015223765373229981,2.5177805423736572,1000,186.79251,7136,7136000,0.000967890739440918,397.2667678420611
0.0013363361358642578,0.001715794801712036,2.757314443588257,1000,618.198,7140,7140000,0.001009883165359497,362.74565934580096
0.003133535385131836,0.001462123155593872,2.4586844444274902,1000,943.0527,7145,7145000,0.0009656214714050293,406.8267841781264
0.0010497570037841797,0.0017053642272949218,2.6929588317871094,1000,698.31934,7149,7149000,0.0009590787887573242,371.4294569854051
0.0018367767333984375,0.001546130895614624,2.5647873878479004,1000,596.3158,7153,7153000,0.0009894697666168212,389.98461188000056
0.0013971328735351562,0.0023557553291320803,3.5146501064300537,1000,1000.0,7157,7157000,0.0011268100738525391,284.5691518730607
0.0020399093627929688,0.0017222485542297363,2.828460693359375,1000,221.86511,7161,7161000,0.0010744738578796387,353.6256522398588
0.0017499923706054688,0.001894190788269043,2.975489854812622,1000,689.9004,7165,7165000,0.0010480198860168457,336.1479341223448
0.001199483871459961,0.0016989450454711914,2.68571138381958,1000,996.5318,7169,7169000,0.0009577360153198242,372.41924797364095
0.0018548965454101562,0.0015077552795410157,2.5589563846588135,1000,366.7706,7173,7173000,0.0010214977264404296,390.8695247402756
0.0017354488372802734,0.001700998306274414,2.7277615070343018,1000,973.5882,7177,7177000,0.0009957151412963868,366.69006470465274
0.0010428428649902344,0.0017007617950439452,2.7935290336608887,1000,635.85986,7181,7181000,0.001063589334487915,358.041713531391
0.0021049976348876953,0.0016097283363342284,2.610851764678955,1000,396.2662,7185,7185000,0.0009708981513977051,383.09754386875085
0.002013683319091797,0.0017183141708374023,2.803555727005005,1000,447.6772,7189,7189000,0.0010525121688842772,356.76811251620074
0.001474142074584961,0.0015949082374572753,2.663930654525757,1000,502.49115,7193,7193000,0.0010393126010894776,375.46727472320697
0.0025959014892578125,0.0016191537380218506,2.6332929134368896,1000,775.657,7197,7197000,0.0009817392826080322,379.84555516010045
0.0019249916076660156,0.001491576910018921,2.482044219970703,1000,666.8594,7201,7201000,0.0009607439041137695,402.99447195841213
0.0011572837829589844,0.0015839972496032714,2.6198105812072754,1000,617.81354,7205,7205000,0.0010079269409179687,381.7869337294503
0.0012140274047851562,0.001593299388885498,2.5652973651885986,1000,859.1421,7209,7209000,0.0009433290958404541,389.9070658700893
0.0014035701751708984,0.0016738250255584717,2.639044761657715,1000,894.4956,7213,7213000,0.000936901330947876,379.0142530296126
0.002471446990966797,0.001463390588760376,2.4282712936401367,1000,188.05496,7218,7218000,0.0009354956150054932,411.90874044510224
0.0011963844299316406,0.0014714784622192384,2.4463038444519043,1000,522.6278,7222,7222000,0.00094669771194458,408.8746467935886
0.0011818408966064453,0.0016091256141662598,2.581449270248413,1000,655.228,7226,7226000,0.0009447464942932129,387.4819333706868
0.002062082290649414,0.0016476225852966309,2.6312451362609863,1000,550.307,7230,7230000,0.0009543323516845704,380.1318039136962
0.0012989044189453125,0.001658127784729004,2.6773247718811035,1000,739.55334,7235,7235000,0.0009894728660583495,373.5883121828259
0.0022497177124023438,0.0014117462635040282,2.386503219604492,1000,531.45935,7239,7239000,0.0009468667507171631,419.12489986049167
0.0020110607147216797,0.0014277238845825195,2.3463516235351562,1000,659.21326,7243,7243000,0.0008898704051971436,426.3265300521648
0.0012505054473876953,0.0014028677940368653,2.3685708045959473,1000,728.15063,7247,7247000,0.0009375326633453369,422.3074965122386
0.0015268325805664062,0.0014966320991516113,2.4783952236175537,1000,539.9098,7251,7251000,0.0009533586502075195,403.5841525510655
0.0012595653533935547,0.001748680830001831,2.775667190551758,1000,801.9452,7255,7255000,0.0009967339038848876,360.3482426564177
0.0016560554504394531,0.001513622522354126,2.5027096271514893,1000,610.76117,7259,7259000,0.0009608287811279296,399.6635979732788
0.0019409656524658203,0.0015814921855926514,2.536830425262451,1000,992.20715,7263,7263000,0.0009254374504089355,394.2843627664611
0.0011456012725830078,0.0017217998504638673,2.67368745803833,1000,984.9657,7267,7267000,0.0009223742485046386,374.09528838212395
0.001519918441772461,0.001959665060043335,3.0121467113494873,1000,988.5843,7271,7271000,0.0010214853286743164,332.0528243977961
0.0013232231140136719,0.0018812079429626465,2.9633820056915283,1000,563.93005,7275,7275000,0.001052614688873291,337.529723840385
0.0019485950469970703,0.0016451313495635985,2.709062099456787,1000,641.88525,7279,7279000,0.0010332200527191162,369.2166413967314
0.001010894775390625,0.0017370142936706543,2.786759614944458,1000,771.5224,7283,7283000,0.0010200462341308594,358.91767039095913
0.0026481151580810547,0.001580775022506714,2.5230166912078857,1000,794.9877,7287,7287000,0.0009124228954315185,396.44319628395
0.0009617805480957031,0.0014482319355010986,2.4104983806610107,1000,572.6492,7291,7291000,0.0009348435401916504,414.9541649365796
0.0010335445404052734,0.0017773165702819824,2.8262202739715576,1000,780.61316,7295,7295000,0.0010202538967132569,353.90681770546627
0.0019440650939941406,0.0014981064796447754,2.505115270614624,1000,453.9197,7299,7299000,0.0009780361652374267,399.27610035478165
0.0027358531951904297,0.001449460983276367,2.4237265586853027,1000,414.10107,7303,7303000,0.0009451119899749756,412.6882298512738
0.0014200210571289062,0.001518852949142456,2.531662940979004,1000,245.00513,7307,7307000,0.00098498797416687,395.0911643992332
0.0009181499481201172,0.0016619279384613038,2.720653533935547,1000,336.1073,7311,7311000,0.0010288805961608887,367.64663602290216
0.0009307861328125,0.0017141234874725342,2.733818531036377,1000,780.0736,7315,7315000,0.0009915030002593994,365.85981554116375
0.0015444755554199219,0.0021340086460113527,3.2226133346557617,1000,992.518,7319,7319000,0.0010568687915802001,310.36367116888295
0.0012166500091552734,0.001915485382080078,3.0101864337921143,1000,796.2569,7323,7323000,0.0010648066997528075,332.2703670378731
0.002279043197631836,0.0018805620670318604,2.8678650856018066,1000,977.69226,7327,7327000,0.0009538629055023194,348.7595735629802
0.0017344951629638672,0.00136910343170166,2.260995864868164,1000,823.49854,7331,7331000,0.0008638217449188232,442.3948046320885
0.0015797615051269531,0.0014918479919433594,2.4816837310791016,1000,652.85474,7336,7336000,0.0009609086513519287,403.05465222911795
0.0016453266143798828,0.0014696962833404541,2.471588373184204,1000,697.7626,7340,7340000,0.0009718191623687744,404.68716109665553
0.0011703968048095703,0.0015929942131042481,2.612351894378662,1000,324.6575,7344,7344000,0.000990586042404175,382.8666362391602
0.0016760826110839844,0.0016385178565979004,2.685194253921509,1000,515.83716,7348,7348000,0.0010165722370147705,372.4996529716506
0.0010221004486083984,0.0015663630962371826,2.60205340385437,1000,677.15344,7352,7352000,0.001005997896194458,384.3932617097644
0.0010101795196533203,0.0016573841571807862,2.648629665374756,1000,508.30984,7356,7356000,0.0009632797241210938,377.66921150203035
0.0010979175567626953,0.0014721343517303466,2.4582507610321045,1000,502.98682,7360,7360000,0.0009587001800537109,406.8939959837409
0.002412080764770508,0.0015580649375915526,2.5833728313446045,1000,268.69037,7365,7365000,0.0009943759441375733,387.1875860816059
0.001348257064819336,0.0015959858894348145,2.615924119949341,1000,996.74976,7369,7369000,0.00098933744430542,382.36368227643965
0.002069234848022461,0.0014762864112854003,2.434725284576416,1000,468.3579,7373,7373000,0.0009298501014709473,410.8172064495781
0.002310037612915039,0.0014082021713256836,2.41009521484375,1000,557.7906,7377,7377000,0.000973294734954834,415.02638897601986
0.002436399459838867,0.0016778926849365234,2.7284889221191406,1000,464.93903,7381,7381000,0.0010199065208435058,366.5817081469458
0.002086162567138672,0.0015383052825927734,2.5124752521514893,1000,550.20026,7385,7385000,0.0009442441463470459,398.1105830036946
0.0012407302856445312,0.0016055781841278077,2.646911859512329,1000,298.31808,7389,7389000,0.0010099244117736817,377.89184787612965
0.0014560222625732422,0.0015704243183135987,2.5901260375976562,1000,296.38477,7393,7393000,0.0009909024238586425,386.1718868828557
0.0016131401062011719,0.0016617224216461182,2.701120615005493,1000,373.63654,7397,7397000,0.0010075650215148925,370.29535403064295
0.00246429443359375,0.0016942737102508545,2.71767258644104,1000,588.8536,7401,7401000,0.0009903004169464112,368.05377372563817
0.0015761852264404297,0.001719519853591919,2.7309677600860596,1000,527.0625,7405,7405000,0.0009824440479278564,366.24272675802104
0.001302480697631836,0.0016122326850891114,2.6411125659942627,1000,526.3822,7409,7409000,0.000999570369720459,378.7325569005777
0.002543926239013672,0.0017163994312286376,2.776700735092163,1000,304.6289,7413,7413000,0.0010252385139465333,360.2162514975717
0.0020716190338134766,0.0015749175548553467,2.5714516639709473,1000,1000.0,7417,7417000,0.0009676480293273926,388.9816911779708
0.0031790733337402344,0.0015724589824676514,2.5301315784454346,1000,749.0736,7421,7421000,0.0009273643493652344,395.3325114330849
0.0015938282012939453,0.0013984344005584716,2.310403347015381,1000,504.2834,7425,7425000,0.0008843846321105957,432.928862164987
0.0015759468078613281,0.002183109998703003,3.253946304321289,1000,985.7853,7429,7429000,0.0010389196872711182,307.3688727810807
0.0008420944213867188,0.0015759353637695313,2.650498151779175,1000,650.1169,7433,7433000,0.0010462234020233155,377.36985080215874
0.0019042491912841797,0.0016067414283752442,2.671844482421875,1000,576.1111,7438,7438000,0.001034952402114868,374.3588988362602
0.00177764892578125,0.001625154733657837,2.5858559608459473,1000,975.4565,7442,7442000,0.0009320290088653565,386.80912334876797
0.0012111663818359375,0.001578667402267456,2.588811159133911,1000,995.20447,7446,7446000,0.000980090856552124,386.39786477681383
0.0011494159698486328,0.0013513953685760497,2.308256149291992,1000,634.48755,7451,7451000,0.0009297468662261963,433.39718779297266
0.0010807514190673828,0.0014927318096160888,2.496433734893799,1000,880.3271,7456,7456000,0.0009755516052246094,400.66520505474074
0.0010561943054199219,0.0014894680976867676,2.467334508895874,1000,254.68431,7461,7461000,0.0009498159885406494,405.3975241614007
0.0010485649108886719,0.001538926124572754,2.5219485759735107,1000,422.5077,7465,7465000,0.000954758882522583,396.6118526530171
0.0014252662658691406,0.0015246944427490235,2.4510579109191895,1000,968.2298,7469,7469000,0.0008988568782806397,408.0921314564661
0.0012848377227783203,0.001578099250793457,2.6029655933380127,1000,581.74536,7473,7473000,0.0009964420795440675,384.2667281106835
0.0012176036834716797,0.0015303564071655273,2.4923055171966553,1000,524.45355,7477,7477000,0.0009334316253662109,401.3300917959301
0.0011966228485107422,0.001608262300491333,2.6086814403533936,1000,681.7705,7481,7481000,0.0009720599651336669,383.4230634287897
0.0011975765228271484,0.0014301979541778565,2.434952974319458,1000,979.01385,7485,7485000,0.0009764330387115478,410.7822425263177
0.0017066001892089844,0.0015229809284210206,2.456636667251587,1000,986.41986,7489,7489000,0.0009046266078948975,407.16172157321165
0.001962423324584961,0.0014819593429565429,2.454193115234375,1000,547.43896,7493,7493000,0.0009431593418121338,407.57442674302933
0.0013849735260009766,0.0016598803997039794,2.684155225753784,1000,940.307,7497,7497000,0.0009945716857910156,372.6605671688868
0.001581430435180664,0.001528057336807251,2.5603082180023193,1000,605.8225,7501,7501000,0.0010029757022857666,390.6617921619402
0.002099752426147461,0.0017226545810699464,2.8061723709106445,1000,908.3735,7505,7505000,0.001053117036819458,356.4333684472087
0.0018000602722167969,0.0015636103153228759,2.517746925354004,1000,802.8745,7509,7509000,0.0009251205921173096,397.27655121507706
0.001813650131225586,0.0015477020740509034,2.5304787158966064,1000,499.46744,7513,7513000,0.0009532918930053711,395.27338561985806
0.0013270378112792969,0.0017436161041259766,2.806530714035034,1000,774.2838,7517,7517000,0.0010327084064483644,356.39184593092295
0.0009200572967529297,0.0015337376594543458,2.5224087238311768,1000,333.6996,7521,7521000,0.0009601223468780518,396.53843444850503
0.0018448829650878906,0.00173649263381958,2.726951837539673,1000,952.4461,7525,7525000,0.0009584622383117675,366.78998510296964
0.002018451690673828,0.0015848395824432373,2.588247537612915,1000,410.15292,7529,7529000,0.0009736018180847168,386.44938004431225
0.0013828277587890625,0.0015923864841461183,2.6382060050964355,1000,345.19043,7534,7534000,0.0010154924392700194,379.132209927482
0.0015931129455566406,0.0016825785636901856,2.67801833152771,1000,996.59717,7538,7538000,0.000965357780456543,373.4926358984113
0.0010669231414794922,0.0016302320957183839,2.6387038230895996,1000,601.80023,7542,7542000,0.0009792966842651367,379.06080348920335
0.0010423660278320312,0.001614694356918335,2.6604413986206055,1000,507.18643,7546,7546000,0.0010168297290802002,375.9684137712071
0.0016489028930664062,0.0017712795734405517,2.7322707176208496,1000,979.6738,7550,7550000,0.0009326512813568115,366.07187353508766
0.0012216567993164062,0.0017360520362854003,2.7003884315490723,1000,1000.0,7554,7554000,0.0009357621669769287,370.39734732063346
0.001085519790649414,0.0016258273124694824,2.61963152885437,1000,480.2663,7558,7558000,0.0009657676219940185,381.8213415013267
0.001186370849609375,0.0016839287281036376,2.6236159801483154,1000,996.1983,7562,7562000,0.0009119315147399903,381.234964511088
0.002016782760620117,0.001628718852996826,2.657397747039795,1000,684.23706,7566,7566000,0.0009982752799987792,376.39210789699376
0.001363515853881836,0.0014336607456207275,2.401820421218872,1000,581.7195,7570,7570000,0.0009402675628662109,416.44966154747397
0.001157999038696289,0.0014495408535003661,2.3984007835388184,1000,881.652,7575,7575000,0.0009195313453674316,417.04983782073543
0.001331329345703125,0.0013895244598388671,2.3466737270355225,1000,223.08588,7579,7579000,0.0009273717403411865,426.23654515300314
0.0016145706176757812,0.0016522290706634522,2.68923282623291,1000,357.35596,7583,7583000,0.0010062119960784913,371.94005264601003
0.0014126300811767578,0.0015247650146484376,2.5329020023345947,1000,560.7411,7587,7587000,0.0009794485569000243,394.89286318189403
0.0011129379272460938,0.0015609869956970215,2.5866940021514893,1000,512.6995,7591,7591000,0.0009973471164703368,386.681636203021
0.001050710678100586,0.0016354827880859376,2.642573356628418,1000,703.3982,7595,7595000,0.0009785549640655518,378.5290150701207
0.0010571479797363281,0.001482577085494995,2.505284547805786,1000,462.4408,7599,7599000,0.000993584156036377,399.2581989067934
0.003384113311767578,0.0015739531517028808,2.5871810913085938,1000,389.97244,7603,7603000,0.000981595277786255,386.61366553520776
0.0013751983642578125,0.0016130714416503907,2.654416561126709,1000,452.5165,7607,7607000,0.001011737585067749,376.8170288828095
0.0034995079040527344,0.0015457184314727783,2.546949625015259,1000,776.1604,7611,7611000,0.0009702796936035157,392.72042364290235
0.001436471939086914,0.001628204345703125,2.64665150642395,1000,991.21173,7615,7615000,0.000987485408782959,377.9257614417877
0.0014548301696777344,0.0015258970260620117,2.5641019344329834,1000,344.16534,7619,7619000,0.0010100119113922118,390.1052882407778
0.0011000633239746094,0.0015339317321777343,2.513951301574707,1000,691.93164,7623,7623000,0.0009527490139007569,397.8716830659056
0.0011353492736816406,0.0016409306526184082,2.6858937740325928,1000,244.71991,7627,7627000,0.0010165393352508545,372.40149145132386
0.0017347335815429688,0.0020759739875793456,3.312384843826294,1000,392.55807,7631,7631000,0.0012030904293060304,301.95586119791335
0.001129150390625,0.001668614625930786,2.651562452316284,1000,988.313,7635,7635000,0.0009545772075653076,377.22788003044224
0.001535654067993164,0.0015555238723754883,2.5683586597442627,1000,215.46185,7639,7639000,0.000980076789855957,389.8624519213788
0.0014619827270507812,0.001688570499420166,2.6887199878692627,1000,624.1921,7643,7643000,0.000970470666885376,372.00467695012685
0.002645254135131836,0.0016019418239593506,2.652294158935547,1000,425.32626,7647,7647000,0.0010189809799194336,377.1164621882732
0.0014197826385498047,0.0018372623920440674,2.898841142654419,1000,592.3468,7651,7651000,0.0010322878360748292,345.0312722595467
0.0011196136474609375,0.0018236536979675292,2.862961769104004,1000,999.96814,7655,7655000,0.0010071542263031005,349.36608062824695
0.0018949508666992188,0.001550684928894043,2.521115303039551,1000,705.16095,7659,7659000,0.0009419841766357422,396.74634819280664
0.0009534358978271484,0.0017339739799499512,2.7467825412750244,1000,578.4636,7663,7663000,0.0009849016666412353,364.1492327157339
0.0024890899658203125,0.0015272648334503174,2.484304428100586,1000,585.5757,7667,7667000,0.0009283697605133056,402.62889742490734
0.0011303424835205078,0.0018015673160552978,2.759758234024048,1000,1000.0,7671,7671000,0.0009286098480224609,362.4275737448636
0.0018498897552490234,0.0015845701694488525,2.5003862380981445,1000,991.65015,7675,7675000,0.0008867483139038086,400.0254074975389
0.0010106563568115234,0.001527278184890747,2.4901535511016846,1000,510.27927,7679,7679000,0.0009353966712951661,401.68034633560285
0.0010216236114501953,0.001623633623123169,2.556335210800171,1000,986.817,7683,7683000,0.0009055759906768799,391.2713812352608
0.0029592514038085938,0.0013347766399383545,2.243058443069458,1000,959.4551,7688,7688000,0.0008795769214630127,445.9473669269468
0.0009963512420654297,0.0015708539485931397,2.635934591293335,1000,410.4588,7693,7693000,0.0010358667373657226,379.4717925603225
0.0009908676147460938,0.001462510108947754,2.4508590698242188,1000,843.8066,7697,7697000,0.0009619367122650147,408.1069820545189
0.0010385513305664062,0.0015016131401062011,2.5063416957855225,1000,547.05255,7701,7701000,0.0009777271747589112,399.07600714669155
0.0017821788787841797,0.0016471982002258302,2.730971574783325,1000,437.83435,7705,7705000,0.0010531172752380371,366.25731020706274
0.0017580986022949219,0.0021998653411865235,3.435572385787964,1000,613.6424,7709,7709000,0.0012011346817016602,291.12534626759793
0.0014920234680175781,0.0020965712070465086,3.3202626705169678,1000,458.74918,7712,7712000,0.0011918635368347167,301.24119037522996
0.0011866092681884766,0.0020085601806640626,3.1530699729919434,1000,508.93164,7716,7716000,0.0011136901378631591,317.21274757949953
0.0012485980987548828,0.0014670438766479492,2.4325766563415527,1000,453.29712,7720,7720000,0.0009376347064971924,411.1971636706873
0.0020291805267333984,0.0016752679347991942,2.6931159496307373,1000,789.8926,7724,7724000,0.000988466739654541,371.4074534142791
0.0013966560363769531,0.0014564685821533204,2.3844141960144043,1000,520.91174,7728,7728000,0.0008996944427490235,419.51144961206506
0.0012328624725341797,0.0017325778007507323,2.803499937057495,1000,418.1822,7732,7732000,0.001041400671005249,356.7802819771987
0.0009925365447998047,0.0012927825450897218,2.2140681743621826,1000,351.05563,7737,7737000,0.0008964409828186035,451.7709181217558
0.0016870498657226562,0.0017189464569091796,2.726179838180542,1000,596.81555,7742,7742000,0.0009768631458282472,366.90472339409683
0.0011866092681884766,0.0016496891975402831,2.643202066421509,1000,638.37744,7746,7746000,0.0009640822410583496,378.4308258920314
0.0021791458129882812,0.0014991121292114258,2.482084274291992,1000,648.8797,7750,7750000,0.0009542975425720215,402.96996352396576
0.003153562545776367,0.0014730942249298095,2.504502773284912,1000,527.2224,7754,7754000,0.0009992804527282715,399.37380745236163
0.0010361671447753906,0.0014019525051116944,2.350257158279419,1000,367.98718,7759,7759000,0.0009215908050537109,425.59030901461574
0.0018148422241210938,0.0016120905876159668,2.659080982208252,1000,387.84442,7763,7763000,0.0010174245834350586,376.15547996121774
0.001344919204711914,0.0016447389125823974,2.64347767829895,1000,825.56525,7767,7767000,0.000970733642578125,378.37023017658254
0.004300355911254883,0.001610755443572998,2.558647632598877,1000,783.229,7772,7772000,0.0009152090549468994,390.9281419154575
0.0009553432464599609,0.0015451600551605225,2.495274782180786,1000,721.39264,7776,7776000,0.0009198408126831055,400.8573175624519
0.0012137889862060547,0.001698071002960205,2.6704421043395996,1000,823.546,7780,7780000,0.0009432694911956787,374.55159092072023
0.0015995502471923828,0.0017152891159057618,2.750340223312378,1000,518.58124,7784,7784000,0.0010049872398376464,363.6661270162325
0.0011692047119140625,0.0016130752563476563,2.60217022895813,1000,676.5607,7789,7789000,0.0009612476825714111,384.388963905798
0.001833200454711914,0.0014037411212921142,2.3464810848236084,1000,505.9682,7793,7793000,0.0009159314632415772,426.26851425192655
0.001032114028930664,0.0015775198936462402,2.5619966983795166,1000,991.5458,7797,7797000,0.0009570887088775635,390.40456254355547
0.0029108524322509766,0.001420983076095581,2.3938937187194824,1000,560.7107,7801,7801000,0.0009445328712463379,417.84180723308054
0.0016679763793945312,0.001456160068511963,2.451659917831421,1000,545.9896,7805,7805000,0.0009674623012542725,407.97749263573263
0.002682209014892578,0.001308558940887451,2.209245204925537,1000,998.3648,7810,7810000,0.000872854471206665,452.7546841169322
0.001104116439819336,0.0016137406826019288,2.6609482765197754,1000,552.64996,7815,7815000,0.0010177440643310547,375.9124447397672
0.0011181831359863281,0.0015272085666656495,2.434772253036499,1000,993.78656,7819,7819000,0.0008802595138549805,410.82046576063516
0.0014913082122802734,0.0016460814476013184,2.6027801036834717,1000,978.1994,7823,7823000,0.0009288270473480224,384.29007051404096
0.0010344982147216797,0.0016431467533111572,2.6968741416931152,1000,525.3463,7828,7828000,0.0010262112617492676,370.8770987876363
0.002111196517944336,0.0015634827613830566,2.4816761016845703,1000,965.48645,7833,7833000,0.000890756368637085,403.03451268597075
0.0015485286712646484,0.0016515395641326905,2.656923532485962,1000,525.9394,7838,7838000,0.0009771931171417237,376.45791700305926
0.0020284652709960938,0.0014612936973571777,2.4708611965179443,1000,470.75616,7842,7842000,0.0009820528030395508,404.83160553998056
0.0016498565673828125,0.001567108154296875,2.5952579975128174,1000,498.30615,7846,7846000,0.00100046706199646,385.41133613454565
0.0015604496002197266,0.001750528335571289,2.704984426498413,1000,971.0665,7850,7850000,0.0009253115653991699,369.78619637221425
0.0018892288208007812,0.0015221807956695556,2.4971585273742676,1000,980.2929,7854,7854000,0.0009475123882293702,400.53618683381904
0.0011839866638183594,0.0016801142692565918,2.701261043548584,1000,973.6926,7858,7858000,0.0009910297393798829,370.28433727792054
0.0022401809692382812,0.0015545954704284668,2.538559675216675,1000,961.4749,7863,7863000,0.0009548296928405762,394.00983130762705
0.0014765262603759766,0.0016222636699676513,2.645677089691162,1000,484.75476,7867,7867000,0.0009945075511932373,378.0587504342313
0.0010104179382324219,0.001559669017791748,2.4890940189361572,1000,991.7706,7872,7872000,0.0009027562141418457,401.8631146867161
0.0014111995697021484,0.0015182571411132813,2.4940028190612793,1000,617.9764,7876,7876000,0.0009470787048339843,401.0769579723998
0.0018687248229980469,0.0013548212051391602,2.2762935161590576,1000,540.49963,7880,7880000,0.000892888069152832,439.4230041908739
0.0010867118835449219,0.0015262241363525391,2.51466965675354,1000,825.4316,7884,7884000,0.0009587693214416504,397.75988462195727
0.0018551349639892578,0.0015720112323760987,2.5633726119995117,1000,525.83435,7888,7888000,0.000962404489517212,390.2039668047384
0.0021059513092041016,0.0017502214908599854,2.7679378986358643,1000,981.0388,7892,7892000,0.0009883553981781005,361.36139456434336
0.0018160343170166016,0.0014720687866210938,2.447129011154175,1000,753.63306,7896,7896000,0.0009449412822723389,408.755863257782
0.002169370651245117,0.001526975154876709,2.5498969554901123,1000,630.95056,7901,7901000,0.0009940884113311768,392.27240099791203
0.0015950202941894531,0.001531670331954956,2.5054664611816406,1000,900.7607,7905,7905000,0.0009449844360351563,399.24337726659377
0.0012328624725341797,0.001496917724609375,2.5198850631713867,1000,411.6128,7909,7909000,0.0009943666458129884,396.93622272621667
0.0011348724365234375,0.0014840807914733886,2.495166301727295,1000,578.0056,7913,7913000,0.0009829552173614502,400.8849797736932
0.0014922618865966797,0.0015459997653961182,2.518627643585205,1000,151.80988,7917,7917000,0.0009435055255889893,397.1344010304673
0.0012416839599609375,0.0016719839572906495,2.7072598934173584,1000,219.11241,7921,7921000,0.0010064289569854737,369.4610514183977
0.0014328956604003906,0.0016576764583587646,2.6195788383483887,1000,974.907,7925,7925000,0.000933882474899292,381.8359058504965
0.0013251304626464844,0.0016078646183013915,2.631361246109009,1000,464.6424,7929,7929000,0.0009949522018432616,380.1106174038895
0.0019321441650390625,0.001537809133529663,2.5057928562164307,1000,516.81494,7934,7934000,0.0009402749538421631,399.164423076008
0.0017545223236083984,0.0015427181720733642,2.5051512718200684,1000,951.0415,7938,7938000,0.0009330322742462158,399.2808135294789
0.0015130043029785156,0.0014384927749633788,2.3598432540893555,1000,671.88525,7942,7942000,0.0008939504623413086,423.86307526854335
0.00164031982421875,0.0013905019760131836,2.348773241043091,1000,614.5743,7946,7946000,0.0009315791130065918,425.8521222478611
0.0010592937469482422,0.0014368512630462647,2.4038052558898926,1000,325.73215,7951,7951000,0.0009392662048339844,416.1039815506875
0.0014760494232177734,0.0018285973072052002,2.922898054122925,1000,440.3307,7955,7955000,0.0010632071495056152,342.19285338702724
0.001043558120727539,0.0013836295604705811,2.3334741592407227,1000,552.8395,7959,7959000,0.000922919511795044,428.662153878355
0.0014138221740722656,0.0016729269027709961,2.69376277923584,1000,700.6271,7963,7963000,0.0009929406642913818,371.30733555924536
0.0015382766723632812,0.0015432229042053223,2.459273338317871,1000,984.69055,7968,7968000,0.0008879647254943847,406.7403452717292
0.002130746841430664,0.0016933958530426026,2.652648448944092,1000,962.64276,7972,7972000,0.0009302566051483154,377.061744015208
0.0012769699096679688,0.001476297378540039,2.4257986545562744,1000,603.5585,7977,7977000,0.000921994686126709,412.3554525582766
0.0014553070068359375,0.0014777565002441406,2.462160348892212,1000,528.54395,7982,7982000,0.0009564189910888672,406.262183228787
0.0025293827056884766,0.001298107385635376,2.2249433994293213,1000,214.25333,7987,7987000,0.0008990216255187988,449.56867473030513
0.0022399425506591797,0.0015395395755767821,2.5530710220336914,1000,679.8191,7992,7992000,0.000982839584350586,391.76362206946976
0.001134634017944336,0.0015811960697174072,2.576209545135498,1000,567.85004,7996,7996000,0.0009677922725677491,388.2483861645487
0.0015270709991455078,0.0017757132053375245,2.8584535121917725,1000,794.82495,8000,8000000,0.0010535130500793457,349.9151971821938
0.0010030269622802734,0.0014060211181640624,2.3822426795959473,1000,592.641,8005,8005000,0.0009498143196105957,419.86638925860615
0.0010483264923095703,0.0015808916091918945,2.5435562133789062,1000,760.23425,8009,8009000,0.0009354913234710694,393.238955324017
0.0012705326080322266,0.0014554688930511475,2.4160473346710205,1000,340.00842,8013,8013000,0.0009325251579284668,413.99432333909897
0.0012843608856201172,0.001525897979736328,2.520458459854126,1000,469.4392,8017,8017000,0.0009669506549835205,396.84890368264985
0.0014853477478027344,0.0022503085136413572,3.333435297012329,1000,910.89307,8021,8021000,0.0010527820587158203,300.05988600983113
0.0014233589172363281,0.001939378023147583,3.047393321990967,1000,718.2949,8025,8025000,0.0010781593322753906,328.2110095153166
0.0012788772583007812,0.0019147484302520753,2.99117112159729,1000,497.8463,8029,8029000,0.0010469233989715576,334.38374091204247
0.0013053417205810547,0.001517224073410034,2.4986603260040283,1000,315.68158,8033,8033000,0.0009548614025115966,400.2887137930314
0.0012221336364746094,0.0014407024383544921,2.403373956680298,1000,590.7119,8038,8038000,0.0009355721473693848,416.1706187772416
0.0016813278198242188,0.0014547929763793945,2.4578628540039062,1000,330.5856,8042,8042000,0.0009758281707763672,406.9549912652676
0.0014564990997314453,0.0016133148670196534,2.5846364498138428,1000,986.5161,8047,8047000,0.0009432029724121094,386.98549721494896
0.0013430118560791016,0.0015113420486450196,2.390359401702881,1000,592.41077,8052,8052000,0.0008526136875152588,418.45051443035845
0.0008544921875,0.0013924450874328613,2.3169236183166504,1000,898.3188,8057,8057000,0.000897329568862915,431.7109356167409
0.001992464065551758,0.0014269888401031495,2.4232075214385986,1000,982.3965,8062,8062000,0.0009681880474090576,412.77051288284053
0.0009911060333251953,0.001709003448486328,2.6936705112457275,1000,977.98206,8066,8066000,0.0009579646587371826,371.3213389475458
0.0018432140350341797,0.0016920337677001954,2.712785243988037,1000,972.5682,8070,8070000,0.0009911801815032958,368.69679875000276
0.0010673999786376953,0.0015518181324005126,2.5042524337768555,1000,947.6811,8075,8075000,0.0009253106117248535,399.4180765194904
0.002245664596557617,0.0015127341747283936,2.471003293991089,1000,797.285,8079,8079000,0.0009293296337127686,404.7936681501913
0.001558065414428711,0.0014430923461914063,2.408195734024048,1000,350.87024,8083,8083000,0.0009368157386779785,415.3476160042019
0.0021889209747314453,0.001658839225769043,2.600595474243164,1000,5.175929,8087,8087000,0.000913318395614624,384.61289463865194
0.001004934310913086,0.0014643049240112304,2.4209678173065186,1000,581.8767,8091,8091000,0.0009295542240142822,413.1716347594996
0.0013055801391601562,0.0016078052520751953,2.620054006576538,1000,600.72644,8095,8095000,0.0009816305637359618,381.75618051589964
0.0012156963348388672,0.0015832717418670654,2.6114888191223145,1000,715.33325,8100,8100000,0.0009998071193695068,383.00966613821737
0.0012404918670654297,0.0015563521385192872,2.53752064704895,1000,461.3713,8105,8105000,0.0009534716606140137,394.1667178056373
0.0015411376953125,0.0014698004722595215,2.467407703399658,1000,538.7274,8109,8109000,0.0009704451560974121,405.37761996408693
0.001669168472290039,0.0015678627490997314,2.613603353500366,1000,492.99377,8113,8113000,0.0010163190364837647,382.70590325322974
0.0010704994201660156,0.0015470492839813233,2.5119590759277344,1000,958.36646,8117,8117000,0.0009375920295715332,398.1939217644579
0.0019497871398925781,0.0013851749897003174,2.4001431465148926,1000,431.45673,8122,8122000,0.0009861490726470947,416.73255677395673
0.0018017292022705078,0.001549814224243164,2.5550456047058105,1000,526.47644,8126,8126000,0.0009759347438812256,391.456963667699
0.001516103744506836,0.0014224002361297608,2.3549582958221436,1000,524.5559,8131,8131000,0.0009054343700408935,424.7350433772515
0.0024352073669433594,0.0016404788494110108,2.660588502883911,1000,983.17334,8136,8136000,0.000988485336303711,375.940780980532
0.0016379356384277344,0.0015439753532409668,2.507310628890991,1000,502.58502,8140,8140000,0.000934866189956665,398.92645771181947
0.0012104511260986328,0.0015491876602172852,2.5425779819488525,1000,588.1836,8144,8144000,0.0009652128219604493,393.3860411162725
0.0013186931610107422,0.0017286789417266845,2.7040014266967773,1000,960.1574,8149,8149000,0.0009469037055969238,369.90206683894587
0.0010683536529541016,0.0016722168922424317,2.717273473739624,1000,492.00757,8153,8153000,0.0010177886486053467,368.09589387811553
0.0018470287322998047,0.0014963791370391846,2.5001869201660156,1000,289.50885,8157,8157000,0.0009747154712677002,400.0582207531804
0.002396106719970703,0.0014591722488403321,2.45462703704834,1000,425.88016,8161,8161000,0.0009652142524719238,407.49317274952364
0.0010995864868164062,0.0015032773017883301,2.4862399101257324,1000,880.81445,8166,8166000,0.0009534509181976319,402.3116761013779
0.001811981201171875,0.0013694522380828858,2.3304800987243652,1000,957.922,8170,8170000,0.0009323842525482178,429.18855985339474
0.0014698505401611328,0.001385948657989502,2.349395990371704,1000,345.36633,8174,8174000,0.0009361093044281006,425.733080239794
0.0018911361694335938,0.001445781946182251,2.344817638397217,1000,963.8015,8179,8179000,0.000871018648147583,426.57849044875167
0.0010251998901367188,0.0017177422046661377,2.7192881107330322,1000,999.24744,8184,8184000,0.0009705231189727783,367.8678690530913
0.0012829303741455078,0.0016219732761383057,2.6461517810821533,1000,518.7543,8188,8188000,0.000994110107421875,377.99200578716625
0.0021109580993652344,0.001551896333694458,2.569103240966797,1000,355.88135,8192,8192000,0.0009868488311767579,389.5471837566326
0.0008981227874755859,0.0014954140186309813,2.463155746459961,1000,521.8738,8196,8196000,0.0009416382312774658,406.0806213957995
0.0022640228271484375,0.0014799458980560302,2.4893505573272705,1000,650.28156,8200,8200000,0.0009797120094299316,401.80698491867304
0.0012989044189453125,0.0014217836856842041,2.370485544204712,1000,494.12592,8205,8205000,0.0009214861392974853,421.9556781470064
0.0022323131561279297,0.00165482234954834,2.662322998046875,1000,765.8089,8209,8209000,0.0009776334762573243,375.7064026963625
0.001081228256225586,0.0015932490825653076,2.625629186630249,1000,342.6098,8213,8213000,0.0010041782855987548,380.94182811395785
0.0011959075927734375,0.0015517795085906983,2.524845600128174,1000,658.8186,8218,8218000,0.000946493148803711,396.1528544267392
0.0010821819305419922,0.0015928175449371339,2.646367073059082,1000,997.3629,8223,8223000,0.0010262887477874756,377.9597492129563
0.0012238025665283203,0.001583730697631836,2.6171669960021973,1000,422.01956,8227,8227000,0.001004410982131958,382.17359555916215
0.0011904239654541016,0.001678051471710205,2.71089243888855,1000,995.3244,8232,8232000,0.0010049569606781006,368.96687438389023
0.002394437789916992,0.001457859754562378,2.454014539718628,1000,336.13687,8236,8236000,0.0009677178859710693,407.58698202840776
0.0013353824615478516,0.0014758808612823486,2.40231990814209,1000,734.104,8241,8241000,0.0008996214866638184,416.3593335556932
0.0020406246185302734,0.0016721210479736328,2.613154888153076,1000,990.0933,8245,8245000,0.0009114155769348144,382.7636691434992
0.0011494159698486328,0.0015769190788269044,2.529752731323242,1000,728.7709,8250,8250000,0.0009253792762756348,395.4088012901799
0.001367807388305664,0.0016137964725494384,2.655410051345825,1000,987.6573,8255,8255000,0.0010123460292816163,376.6730042649693
0.0015747547149658203,0.001471440553665161,2.5310468673706055,1000,988.9825,8259,8259000,0.0010302948951721191,395.18776465249834
0.0016810894012451172,0.0015265691280364991,2.473745584487915,1000,696.9271,8264,8264000,0.0009191832542419433,404.36216732439044
0.001958608627319336,0.0015508489608764648,2.5681521892547607,1000,516.13275,8268,8268000,0.0009886705875396728,389.4706072218254
0.0011627674102783203,0.00151298189163208,2.536151647567749,1000,275.8039,8272,8272000,0.000994814395904541,394.3894318063212
0.0009877681732177734,0.0015960004329681396,2.571073532104492,1000,465.26816,8276,8276000,0.0009479374885559082,389.0359184723665
0.0028400421142578125,0.0016280231475830078,2.5689778327941895,1000,973.3439,8281,8281000,0.0009121410846710205,389.3537567407901
0.002022981643676758,0.0016781723499298096,2.617997884750366,1000,982.6157,8286,8286000,0.0009106242656707764,382.0601423284942
0.0014126300811767578,0.001590064525604248,2.573247194290161,1000,235.97263,8291,8291000,0.0009557392597198486,388.71002480372215
0.0013544559478759766,0.0015086967945098877,2.5003652572631836,1000,462.47675,8296,8296000,0.0009637055397033692,400.0346404508142
0.0012133121490478516,0.0013479008674621583,2.3019938468933105,1000,406.87048,8301,8301000,0.0009237496852874756,434.51709422163157
0.0012967586517333984,0.001473309278488159,2.4655771255493164,1000,464.56476,8306,8306000,0.000963477373123169,405.70515130815437
0.001199483871459961,0.001900209903717041,3.052116632461548,1000,756.6284,8310,8310000,0.001121875286102295,327.7077271459765
0.0025696754455566406,0.0015544590950012207,2.5803003311157227,1000,287.23666,8314,8314000,0.0009959263801574707,387.64183159966916
0.0018191337585449219,0.0016101295948028563,2.661872625350952,1000,707.05334,8318,8318000,0.0010226953029632568,375.7631856531579
0.0034368038177490234,0.0015962131023406982,2.6342906951904297,1000,481.28104,8323,8323000,0.0010071680545806884,379.70869382977355
0.002092599868774414,0.0017803454399108888,2.88862943649292,1000,394.3556,8327,8327000,0.001076951265335083,346.2656176641115
0.0025238990783691406,0.001452305793762207,2.4567677974700928,1000,131.05063,8331,8331000,0.0009747443199157714,407.1351623773029
0.0011789798736572266,0.0014648869037628173,2.43284010887146,1000,412.98264,8335,8335000,0.0009408378601074218,411.1414995696266
0.0014290809631347656,0.0018721060752868652,2.900496006011963,1000,996.5601,8339,8339000,0.000999427318572998,344.82862379860313
0.0013918876647949219,0.001471865177154541,2.392474889755249,1000,974.6339,8343,8343000,0.0008938429355621338,418.0833771671053
0.0012717247009277344,0.0014076919555664061,2.401064395904541,1000,436.2375,8348,8348000,0.0009662532806396485,416.58479259871666
0.0015535354614257812,0.0015049765110015868,2.4615964889526367,1000,779.2311,8352,8352000,0.0009284236431121826,406.33956151640666
0.0017387866973876953,0.0015882277488708497,2.632965326309204,1000,677.19104,8356,8356000,0.0010151424407958984,379.87840968012915
0.0014774799346923828,0.001920323371887207,3.1020190715789795,1000,383.19476,8360,8360000,0.00115045428276062,322.4328586467319
0.001684427261352539,0.0014240827560424805,2.414268970489502,1000,625.9221,8364,8364000,0.0009628767967224121,414.32279432073176
0.0017964839935302734,0.0018146235942840575,2.832392692565918,1000,995.15845,8368,8368000,0.0009849936962127686,353.1365072565387
0.001165628433227539,0.001573960065841675,2.6283586025238037,1000,407.4671,8372,8372000,0.001026820182800293,380.5503335244718
0.002240896224975586,0.0014808754920959473,2.389744758605957,1000,811.3091,8377,8377000,0.0008808772563934326,418.55265323090947
0.002358675003051758,0.0016380715370178222,2.6503467559814453,1000,428.84863,8381,8381000,0.0009835028648376464,377.4078816741982
0.002758026123046875,0.0015404870510101318,2.5601139068603516,1000,765.1088,8385,8385000,0.0009882586002349853,390.70262224058325
0.0009467601776123047,0.001537132740020752,2.5342228412628174,1000,642.6185,8389,8389000,0.0009687461853027343,394.70025798577245
0.0010225772857666016,0.0013025414943695069,2.2612574100494385,1000,354.13855,8394,8394000,0.0009322488307952881,442.3501072837464
0.0012564659118652344,0.0016734888553619385,2.660496473312378,1000,973.292,8398,8398000,0.0009584555625915528,375.9513618375357
0.0017948150634765625,0.0014356460571289063,2.442950487136841,1000,567.915,8403,8403000,0.0009784986972808838,409.42615381671925
0.0034368038177490234,0.0014233770370483398,2.406233072280884,1000,501.87473,8407,8407000,0.0009529612064361572,415.7008154241774
0.0009558200836181641,0.0014253334999084473,2.3512256145477295,1000,418.01624,8412,8412000,0.0008990726470947265,425.41695243809943
0.0011022090911865234,0.0014488191604614257,2.4004273414611816,1000,525.67865,8417,8417000,0.0009231443405151367,416.6999320254103
0.0027055740356445312,0.0012995939254760742,2.2576284408569336,1000,360.15668,8422,8422000,0.0009298148155212402,443.0367258642234
0.0010595321655273438,0.0012855427265167237,2.209456205368042,1000,300.53516,8427,8427000,0.0008968510627746582,452.7249714881656
0.0011565685272216797,0.0014643776416778565,2.47346568107605,1000,447.65857,8432,8432000,0.0009812307357788086,404.39164101880795
0.0011212825775146484,0.0012789185047149658,2.161782741546631,1000,390.5566,8437,8437000,0.0008563506603240967,462.69767612208466
0.0017561912536621094,0.0015153114795684814,2.396134614944458,1000,968.2162,8442,8442000,0.0008533897399902344,417.4343956935517
0.0017802715301513672,0.00112082839012146,1.9761443138122559,1000,435.28632,8447,8447000,0.0008308508396148681,506.1868835895583
0.0015704631805419922,0.0013706734180450439,2.349386692047119,1000,205.37814,8452,8452000,0.0009497458934783936,425.74993399527204
0.0012209415435791016,0.001974196434020996,3.042301893234253,1000,769.8012,8456,8456000,0.0010381851196289062,328.75982190880393
0.001035928726196289,0.0018611080646514892,2.9018373489379883,1000,993.47675,8460,8460000,0.0010126008987426758,344.6804758415318
0.0019195079803466797,0.0015496728420257568,2.495997428894043,1000,760.68823,8464,8464000,0.0009178619384765625,400.7302047751081
0.0024619102478027344,0.0012943239212036132,2.255943775177002,1000,402.86896,8469,8469000,0.0009333674907684327,443.40682598272934
0.0010221004486083984,0.0014080262184143065,2.335864782333374,1000,476.73956,8474,8474000,0.0009011814594268799,428.2140551637351
0.0018472671508789062,0.001762993097305298,2.864008903503418,1000,335.03418,8479,8479000,0.0010706899166107178,349.23139690760274
0.0023956298828125,0.0015883245468139649,2.5505521297454834,1000,968.7727,8484,8484000,0.000933434247970581,392.17106021007027
0.002858877182006836,0.0014055843353271485,2.395958423614502,1000,438.6991,8489,8489000,0.0009618773460388183,417.4737423171338
0.0012919902801513672,0.0013389914035797118,2.2786662578582764,1000,199.85278,8494,8494000,0.0009124288558959961,438.9672521092763
0.0013256072998046875,0.0015487761497497558,2.545781135559082,1000,420.19937,8499,8499000,0.0009677581787109375,392.90933426460646
0.001708984375,0.0016011700630187988,2.6307973861694336,1000,659.1751,8504,8504000,0.0009999592304229736,380.1873478941604
0.002750396728515625,0.0014855146408081054,2.4245028495788574,1000,991.05133,8509,8509000,0.000911102294921875,412.55293627581403
0.0015625953674316406,0.0016287391185760497,2.6324987411499023,1000,999.9923,8513,8513000,0.0009749200344085693,379.9568018435175
0.0010008811950683594,0.0016096525192260743,2.5507900714874268,1000,971.0395,8517,8517000,0.0009133191108703613,392.1263666048478
0.0012531280517578125,0.0016334364414215088,2.616917610168457,1000,998.9558,8521,8521000,0.0009510054588317871,382.2169198100682
0.0012862682342529297,0.0014280319213867188,2.4048233032226562,1000,806.5604,8525,8525000,0.0009486019611358642,415.9439577461716
0.0019495487213134766,0.0015872995853424073,2.526177167892456,1000,978.26935,8530,8530000,0.0009096086025238038,395.94197387784214
0.0009655952453613281,0.0013885054588317872,2.354036331176758,1000,866.1793,8534,8534000,0.000938115119934082,424.91111603011444
0.0016481876373291016,0.0014605908393859864,2.4230339527130127,1000,607.4895,8539,8539000,0.0009350929260253906,412.79407477743314
0.0010802745819091797,0.0014295628070831298,2.3943533897399902,1000,749.01196,8544,8544000,0.0009373154640197754,417.83881018811246
0.0014100074768066406,0.0012093832492828368,2.1089494228363037,1000,422.87228,8549,8549000,0.0008709638118743896,474.2871649261001
0.0013942718505859375,0.001584536075592041,2.5287654399871826,1000,999.97205,8554,8554000,0.0009163072109222413,395.53711064956934
0.003019571304321289,0.0014296154975891114,2.388381004333496,1000,722.583,8558,8558000,0.0009292716979980469,418.7960914399051
0.0015511512756347656,0.0015884015560150145,2.60050892829895,1000,609.1314,8563,8563000,0.0009829223155975342,384.62964793623644
0.002087116241455078,0.0014289801120758057,2.3731613159179688,1000,680.61804,8568,8568000,0.0009164671897888184,421.4753562811405
0.0009148120880126953,0.0013235032558441163,2.266247510910034,1000,309.45605,8573,8573000,0.0009167919158935547,441.360778498091
0.0012116432189941406,0.0013639929294586182,2.336789608001709,1000,486.61514,8578,8578000,0.000946580171585083,428.0454568880575
0.001840353012084961,0.0014297101497650147,2.3718507289886475,1000,410.8053,8583,8583000,0.0009145736694335938,421.7088507497156
0.0012307167053222656,0.0015813910961151123,2.5164947509765625,1000,977.61694,8588,8588000,0.0009083871841430664,397.46877930871034
0.0018243789672851562,0.001371556043624878,2.328505277633667,1000,455.06677,8593,8593000,0.0009282279014587402,429.56504212586714
0.0012650489807128906,0.0014747846126556396,2.476452112197876,1000,341.82117,8597,8597000,0.0009725925922393799,403.89996178924923
0.0010073184967041016,0.0015704517364501954,2.538431406021118,1000,845.5003,8602,8602000,0.0009412415027618408,394.04222033931586
0.001725912094116211,0.001633462905883789,2.603010654449463,1000,991.2986,8607,8607000,0.0009403169155120849,384.2607785398306
0.00146484375,0.001760936975479126,2.753016710281372,1000,994.3386,8612,8612000,0.0009632315635681152,363.323953197842
0.0020494461059570312,0.0014272565841674805,2.3980140686035156,1000,517.0776,8617,8617000,0.0009426851272583008,417.1059104715332
0.0012748241424560547,0.0014601359367370605,2.4114274978637695,1000,637.2146,8621,8621000,0.0009249837398529053,414.79391655948143
0.0028676986694335938,0.001452463150024414,2.4202659130096436,1000,360.331,8626,8626000,0.000938554048538208,413.2765876272539
0.002067089080810547,0.0015924098491668702,2.568483591079712,1000,635.2184,8630,8630000,0.0009472992420196533,389.416728702055
0.0010509490966796875,0.0014230294227600099,2.39524245262146,1000,209.39476,8635,8635000,0.0009452059268951417,417.5902468183702
0.001363515853881836,0.001502260684967041,2.508687734603882,1000,394.75256,8640,8640000,0.0009771132469177247,398.7101132229935
0.0016875267028808594,0.0016549718379974365,2.758894443511963,1000,414.4712,8644,8644000,0.0010742380619049071,362.5431396363266
0.001760721206665039,0.001707150936126709,2.8047192096710205,1000,313.60226,8648,8648000,0.0010674192905426026,356.61862640359516
0.001407623291015625,0.001544734239578247,2.5272440910339355,1000,975.0658,8653,8653000,0.0009530825614929199,395.78467967591035
0.0024242401123046875,0.0015764930248260498,2.5496156215667725,1000,744.0482,8657,8657000,0.0009433047771453858,392.30145948200317
0.0010137557983398438,0.0015612406730651856,2.4450206756591797,1000,999.4947,8662,8662000,0.0008570148944854737,409.10304367575367
0.0017476081848144531,0.0014226126670837402,2.309844732284546,1000,987.34766,8667,8667000,0.0008596668243408204,433.03452606391886
0.0018267631530761719,0.001310316801071167,2.2006876468658447,1000,540.43164,8672,8672000,0.0008640997409820557,454.4928410646238
0.0013561248779296875,0.0014635448455810546,2.441681146621704,1000,549.487,8677,8677000,0.0009490108489990235,409.7737937095782
0.0010132789611816406,0.0014310438632965088,2.4000165462493896,1000,510.3355,8682,8682000,0.0009405879974365235,416.7634887590818
0.0015430450439453125,0.0014535934925079346,2.4052467346191406,1000,986.4346,8687,8687000,0.0009221405982971191,415.85883795609783
0.0027768611907958984,0.001507232666015625,2.502889633178711,1000,606.5448,8692,8692000,0.0009651017189025879,399.6315728745481
0.001016378402709961,0.0013615798950195313,2.2717907428741455,1000,337.34592,8697,8697000,0.0008850283622741699,440.2908060107411
0.0010704994201660156,0.0014409739971160888,2.7213573455810547,1000,454.53918,8702,8702000,0.001253739833831787,367.59682196404475
0.0011146068572998047,0.001430851936340332,2.4372153282165527,1000,435.1579,8707,8707000,0.000977574348449707,410.4088340507792
0.0009806156158447266,0.0014341137409210206,2.3845670223236084,1000,924.6384,8712,8712000,0.0009231805801391601,419.4635795691439
0.0016312599182128906,0.0015126700401306152,2.4604382514953613,1000,724.52814,8717,8717000,0.0009199063777923584,406.5496074764036
0.0025568008422851562,0.0014740810394287109,2.446441888809204,1000,871.65155,8722,8722000,0.0009439465999603272,408.8544395556813
0.0018320083618164062,0.001598139762878418,2.491499185562134,1000,6.274213,8727,8727000,0.000863633394241333,401.4621966124368
0.0014119148254394531,0.0014394826889038085,2.3880107402801514,1000,999.9754,8732,8732000,0.0009208858013153076,418.8696173562834
0.0030815601348876953,0.0021485936641693114,3.3540332317352295,1000,970.68176,8736,8736000,0.00116968035697937,298.1999738791775
0.0013587474822998047,0.0014461150169372558,2.375092029571533,1000,371.37354,8740,8740000,0.0009027221202850342,421.13663507701455
0.0014810562133789062,0.0015014150142669677,2.5181117057800293,1000,520.1872,8744,8744000,0.0009889814853668213,397.2143597451951
0.0010404586791992188,0.0013176300525665284,2.244752883911133,1000,311.31836,8749,8749000,0.0008990490436553956,445.5970152900728
0.0010869503021240234,0.0015364336967468263,2.518004894256592,1000,671.0851,8754,8754000,0.0009553470611572266,397.2311002399788
0.0009403228759765625,0.001553037405014038,2.5202040672302246,1000,981.2174,8759,8759000,0.0009401779174804687,396.8845402344477
0.0011973381042480469,0.0013235180377960205,2.2375378608703613,1000,676.85693,8764,8764000,0.0008889307975769043,447.0372287661782
0.0012574195861816406,0.0015548222064971924,2.5515618324279785,1000,509.8556,8768,8768000,0.0009690959453582764,392.033602153804
0.002100229263305664,0.0015171918869018555,2.424774408340454,1000,987.0852,8773,8773000,0.000877190113067627,412.5069250211377
0.001094818115234375,0.0015246641635894775,2.5736966133117676,1000,542.1791,8778,8778000,0.0010201802253723144,388.64101513014174
0.0022161006927490234,0.001346411943435669,2.2896652221679688,1000,768.84814,8783,8783000,0.0009150300025939942,436.8540166565342
0.0011653900146484375,0.001741116762161255,2.832249164581299,1000,489.81793,8788,8788000,0.0010612354278564454,353.1468840582578
0.0015232563018798828,0.0014439346790313722,2.385533094406128,1000,719.9581,8793,8793000,0.0009141983985900879,419.2953868854229
0.0014598369598388672,0.0014720268249511718,2.47737193107605,1000,467.195,8798,8798000,0.000977252960205078,403.75707522400205
0.0010159015655517578,0.001681506633758545,2.7382829189300537,1000,326.71564,8803,8803000,0.0010284397602081299,365.2715824675381
0.000993967056274414,0.001278761863708496,2.2148001194000244,1000,817.6954,8808,8808000,0.0009101803302764892,451.6346125166511
0.0010221004486083984,0.0014455070495605468,2.466015338897705,1000,484.04227,8813,8813000,0.0009925940036773682,405.60887207516663
0.0014467239379882812,0.0015102555751800536,2.519645929336548,1000,210.00853,8818,8818000,0.000981189489364624,396.9781495174093
0.0012943744659423828,0.0014876518249511718,2.4402542114257812,1000,988.0919,8823,8823000,0.0009251420497894288,409.8922884267668
0.0010008811950683594,0.0014556055068969728,2.371476888656616,1000,972.39197,8827,8827000,0.0008889670372009277,421.7752171421802
0.002941608428955078,0.0015920631885528564,2.6602299213409424,1000,538.19745,8832,8832000,0.00103828763961792,375.99453386242465
0.0015606880187988281,0.0015117077827453613,2.55047869682312,1000,671.98914,8837,8837000,0.0010108246803283692,392.1763771906031
0.0013172626495361328,0.001550480842590332,2.590275287628174,1000,307.2603,8842,8842000,0.0010094938278198242,386.1457201325873
0.0010647773742675781,0.0016086833477020263,2.627199649810791,1000,962.9639,8847,8847000,0.000989821195602417,380.71803809173696
0.0009555816650390625,0.0015272059440612793,2.459017753601074,1000,744.90485,8852,8852000,0.0009050965309143066,406.8031883531979
0.001293182373046875,0.0016696257591247558,2.706430673599243,1000,977.9218,8857,8857000,0.0010075681209564208,369.5712799253721
0.0021855831146240234,0.0015607776641845704,2.5184319019317627,1000,939.8097,8862,8862000,0.0009295954704284668,397.166328001331
0.001171112060546875,0.0015899083614349366,2.571014642715454,1000,982.27716,8866,8866000,0.0009535071849822998,389.0356658817262
0.0017654895782470703,0.002027972459793091,3.159930467605591,1000,997.98505,8870,8870000,0.0011003923416137696,316.5236300893296
0.0010750293731689453,0.0021586792469024656,3.254316806793213,1000,995.9,8874,8874000,0.0010660760402679444,307.341214884378
0.002810239791870117,0.0014576480388641358,2.479438543319702,1000,647.1179,8878,8878000,0.000992103099822998,403.4315939644698
0.001909017562866211,0.001280893325805664,2.230375051498413,1000,422.70087,8883,8883000,0.0009215865135192872,448.4665938522616
0.001394510269165039,0.001679283380508423,2.6775665283203125,1000,977.46155,8887,8887000,0.0009706966876983642,373.555172567042
0.0015912055969238281,0.0014635183811187744,2.448669672012329,1000,581.02954,8892,8892000,0.0009549946784973145,408.4974955776095
0.0015230178833007812,0.0013702864646911621,2.244231939315796,1000,913.7181,8897,8897000,0.0008480463027954101,445.6996238393549
0.0012958049774169922,0.0014866957664489747,2.470090627670288,1000,428.89337,8901,8901000,0.000954585313796997,404.946594176761
0.00121307373046875,0.0016431858539581298,2.727651357650757,1000,604.49365,8905,8905000,0.0010544047355651855,366.6934628994573
0.0010080337524414062,0.0014974806308746338,2.457491874694824,1000,623.8375,8910,8910000,0.0009331719875335694,407.0222059451018
0.001375436782836914,0.001483386516571045,2.4730381965637207,1000,452.40363,8915,8915000,0.000962200403213501,404.452629339764
0.0014929771423339844,0.0015323503017425537,2.5735220909118652,1000,384.16345,8920,8920000,0.0010126070976257324,388.6561764285902
0.0011281967163085938,0.0014078769683837891,2.3493971824645996,1000,575.3067,8925,8925000,0.0009151437282562256,425.7505822432851
0.0011630058288574219,0.001505120038986206,2.4550652503967285,1000,722.21545,8930,8930000,0.0009217026233673095,407.4502621763086
0.0019106864929199219,0.0019767353534698487,3.1760244369506836,1000,508.80157,8934,8934000,0.0011666915416717529,314.91979437543256
0.002488374710083008,0.001926039695739746,3.08011531829834,1000,797.6655,8938,8938000,0.0011212108135223388,324.7367183095342
0.0013272762298583984,0.0014557192325592042,2.4433488845825195,1000,192.80655,8942,8942000,0.000958545446395874,409.40097675173143
0.0011942386627197266,0.0014395287036895752,2.4474263191223145,1000,390.1551,8947,8947000,0.0009790182113647461,408.695760629607
0.0021855831146240234,0.001263084650039673,2.1660640239715576,1000,784.20483,8952,8952000,0.000872051477432251,461.8095036237968
0.0016634464263916016,0.0014104156494140626,2.3574042320251465,1000,606.3621,8957,8957000,0.0009198246002197265,424.2927525145414
0.0010170936584472656,0.0013084475994110108,2.223385810852051,1000,387.38162,8962,8962000,0.0008901438713073731,449.87641630009153
0.0029647350311279297,0.00147098445892334,2.496845245361328,1000,387.0597,8967,8967000,0.000996593713760376,400.59754812719893
0.001790761947631836,0.001314586877822876,2.1867308616638184,1000,996.8683,8972,8972000,0.0008439815044403076,457.42249437287876
0.001634836196899414,0.0013046035766601564,2.229341745376587,1000,416.97363,8977,8977000,0.0008974363803863526,448.70763061136745
0.0014133453369140625,0.001434396982192993,2.4285833835601807,1000,483.68036,8982,8982000,0.0009661936759948731,411.8794955833692
0.0023908615112304688,0.0014744458198547364,2.4377763271331787,1000,509.6289,8986,8986000,0.0009342656135559082,410.30705843292066
0.0016367435455322266,0.0012535834312438964,2.1841089725494385,1000,345.8311,8991,8991000,0.0009043006896972656,457.97679555875504
0.0011219978332519531,0.0014450480937957763,2.4385263919830322,1000,493.20654,8996,8996000,0.0009652009010314941,410.1984330460229
0.002584695816040039,0.0015965855121612548,2.615493059158325,1000,395.7196,9001,9001000,0.0009883146286010743,382.42378565542447
0.0011665821075439453,0.0014694578647613526,2.4571380615234375,1000,510.89124,9006,9006000,0.0009600856304168701,407.0778268821739
0.001348733901977539,0.0014722981452941894,2.4647204875946045,1000,760.65686,9011,9011000,0.0009642982482910156,405.81784898265045
0.0018260478973388672,0.0016178901195526123,2.6493194103240967,1000,785.99475,9016,9016000,0.001001582384109497,377.5284426451286
0.0011975765228271484,0.0015634093284606933,2.5078282356262207,1000,992.7721,9020,9020000,0.0009144642353057862,398.85024582095815
0.0014026165008544922,0.0015811309814453124,2.600764274597168,1000,463.91095,9024,9024000,0.0009914793968200683,384.6310588068718
0.0016832351684570312,0.0016635007858276367,2.7483763694763184,1000,625.07214,9028,9028000,0.001055464744567871,363.93184850530207
0.0014259815216064453,0.001414165735244751,2.325623035430908,1000,979.0155,9033,9033000,0.0008844118118286133,430.0973298982731
0.0010461807250976562,0.0015441231727600098,2.5245397090911865,1000,836.5636,9038,9038000,0.0009536468982696534,396.20243778140826
0.0014984607696533203,0.0015374867916107177,2.507767677307129,1000,988.81396,9043,9043000,0.000942246437072754,398.86833829267437
0.0016312599182128906,0.0016556246280670167,2.6378445625305176,1000,970.0209,9048,9048000,0.0009520244598388672,379.1939412924839
0.001428842544555664,0.0019008305072784424,2.9714818000793457,1000,821.77844,9052,9052000,0.0010414185523986816,336.60054558399895
0.0025136470794677734,0.0016380105018615723,2.692626714706421,1000,497.94617,9056,9056000,0.0010254123210906982,371.4558383949453
0.0010900497436523438,0.0017177138328552245,2.769212007522583,1000,447.74487,9060,9060000,0.0010205793380737304,361.19098961827706
0.0011026859283447266,0.0014377715587615967,2.42055082321167,1000,955.27356,9065,9065000,0.0009558372497558594,413.2229239146616
0.0012645721435546875,0.0017494804859161377,2.8596606254577637,1000,651.9124,9069,9069000,0.0010794308185577393,349.76818904592756
0.0017735958099365234,0.0019343037605285645,3.129606008529663,1000,581.0819,9073,9073000,0.0011621263027191161,319.6103627025129
0.0011088848114013672,0.0021181879043579103,3.3237836360931396,1000,747.9624,9076,9076000,0.0011710588932037354,300.9148684288784
0.002048015594482422,0.002176248550415039,3.3331801891326904,1000,910.8465,9080,9080000,0.0011241741180419921,300.06160331883854
0.0015299320220947266,0.0016101670265197753,2.5702590942382812,1000,981.859,9084,9084000,0.0009330625534057617,389.15008692615424
0.0010833740234375,0.0013688783645629883,2.3348138332366943,1000,296.87595,9089,9089000,0.000938481092453003,428.41192753724
0.0015883445739746094,0.0016055727005004883,2.5722506046295166,1000,983.52637,9093,9093000,0.0009392616748809814,388.8660351621043
0.0019421577453613281,0.0014746105670928955,2.460678815841675,1000,657.0066,9098,9098000,0.0009574830532073974,406.49196403087916
0.0017900466918945312,0.0013719115257263183,2.3082828521728516,1000,677.49054,9103,9103000,0.0009069840908050537,433.32836739614976
0.0012049674987792969,0.0015174465179443358,2.495687246322632,1000,604.4791,9108,9108000,0.0009506304264068604,400.80514522352104
0.001430511474609375,0.0015021052360534668,2.4877729415893555,1000,982.70514,9113,9113000,0.000958125114440918,402.0568018881688
0.0010073184967041016,0.0016971955299377442,2.709195375442505,1000,997.4086,9117,9117000,0.0009844045639038086,369.1860275769192
0.0014553070068359375,0.0014602172374725342,2.3861913681030273,1000,682.3034,9122,9122000,0.0008986954689025879,419.1773007458097
0.0014748573303222656,0.0016607799530029296,2.592663049697876,1000,970.75073,9127,9127000,0.000904547929763794,385.80743625348344
0.0009620189666748047,0.0014311168193817138,2.3709168434143066,1000,402.23672,9132,9132000,0.0009128992557525634,421.8808103105266
0.0012354850769042969,0.0016889147758483887,2.6978330612182617,1000,966.77576,9136,9136000,0.0009788026809692382,370.7619932678957
0.0010976791381835938,0.001366487741470337,2.3089747428894043,1000,318.43515,9141,9141000,0.0009153110980987548,433.2119553289007
0.0012774467468261719,0.001551138162612915,2.563868761062622,1000,435.73444,9146,9146000,0.0009852352142333985,390.12183401267964
0.001383066177368164,0.002096362829208374,3.2070367336273193,1000,992.54865,9150,9150000,0.0010817606449127198,311.87319444159414
0.0026540756225585938,0.0017903389930725097,2.889291763305664,1000,629.6157,9154,9154000,0.0010692319869995118,346.1744797607426
0.001074075698852539,0.0015615146160125732,2.56992244720459,1000,576.37756,9159,9159000,0.0009798929691314697,389.2061308606585
0.0022759437561035156,0.0015106863975524903,2.426466226577759,1000,962.6221,9164,9164000,0.0008876721858978271,412.27369962091063
0.0011250972747802734,0.001439526319503784,2.413921356201172,1000,559.40674,9168,9168000,0.0009477965831756592,414.36217054716934
0.0014367103576660156,0.001308671236038208,2.2275359630584717,1000,443.60596,9173,9173000,0.0008926692008972168,449.06606595674975
0.0008728504180908203,0.0015703823566436768,2.575420379638672,1000,656.4291,9178,9178000,0.0009782514572143554,388.3765850153432
0.0011594295501708984,0.0014668128490447998,2.441453456878662,1000,416.36316,9183,9183000,0.0009473590850830079,409.686738364138
0.001132965087890625,0.0014783148765563966,2.434253454208374,1000,560.2094,9187,9187000,0.0009284815788269043,410.9007174566756
0.0012025833129882812,0.0015115272998809815,2.4716951847076416,1000,646.7987,9192,9192000,0.0009334716796875,404.67540852707185
0.0013775825500488281,0.0016233930587768554,2.579037666320801,1000,633.3834,9196,9196000,0.0009275250434875489,387.8285762896169
0.0009093284606933594,0.0014757122993469239,2.434929132461548,1000,721.1842,9201,9201000,0.0009323539733886719,410.7942317857451
0.0009350776672363281,0.0014162282943725585,2.358896017074585,1000,438.1918,9206,9206000,0.0009170358180999756,424.03718235279905
0.0023987293243408203,0.0015488917827606202,2.4994616508483887,1000,993.13525,9211,9211000,0.0009211971759796142,400.1748276601325
0.0013778209686279297,0.0014616494178771972,2.4211435317993164,1000,91.92657,9216,9216000,0.0009306261539459229,413.1321182311426
0.001123666763305664,0.0014564230442047118,2.413972854614258,1000,541.6696,9221,9221000,0.0009289777278900146,414.3694162606177
0.0017158985137939453,0.0014758484363555909,2.4611315727233887,1000,563.93317,9226,9226000,0.0009573917388916016,406.41602414986573
0.0010275840759277344,0.0012159247398376464,2.1488075256347656,1000,295.31873,9231,9231000,0.0009072425365447999,465.51793218470243
0.0012750625610351562,0.0014874832630157472,2.481776714324951,1000,617.8967,9236,9236000,0.0009664256572723389,403.0288584838008
0.0012514591217041016,0.0016113929748535155,2.570291757583618,1000,895.6669,9241,9241000,0.0009297952651977539,389.1478122877366
0.0017681121826171875,0.0015715031623840332,2.5595180988311768,1000,910.6814,9246,9246000,0.0009577498435974121,390.7970153247666
0.0013685226440429688,0.0028346123695373537,3.9709770679473877,1000,531.3749,9250,9250000,0.001105205774307251,251.86482960783752
0.0013318061828613281,0.001580972194671631,2.583191394805908,1000,722.1731,9254,9254000,0.0009744970798492432,387.20438570885483
0.000986337661743164,0.001563305139541626,2.5676491260528564,1000,358.87805,9258,9258000,0.0009765620231628418,389.55123588106824
0.0016672611236572266,0.0017088980674743652,2.7308475971221924,1000,966.75543,9263,9263000,0.0009917492866516114,366.27170290723905
0.0009083747863769531,0.0014983742237091064,2.399195671081543,1000,969.4909,9268,9268000,0.0008739147186279297,416.91154551545924
0.0016851425170898438,0.0017635841369628906,2.7831263542175293,1000,5.893172,9273,9273000,0.0009870686531066894,359.3894968534705
0.0014019012451171875,0.001494842290878296,2.4861958026885986,1000,392.04074,9278,9278000,0.0009631285667419434,402.32992960408
0.0011348724365234375,0.001618748426437378,2.671292304992676,1000,258.56952,9283,9283000,0.0010245277881622313,374.4335251012968
0.0012826919555664062,0.0016941988468170165,2.732497215270996,1000,863.9394,9288,9288000,0.0010108904838562012,366.0394470115578
0.0018916130065917969,0.0012939419746398925,2.2253241539001465,1000,431.14578,9293,9293000,0.0009048004150390625,449.478004608048
0.0030717849731445312,0.0014036297798156738,2.369126081466675,1000,327.127,9298,9298000,0.0009362778663635254,422.19365748826067
0.0014011859893798828,0.0014082248210906983,2.3432016372680664,1000,967.99414,9303,9303000,0.0009091575145721435,426.870626966844
0.0012886524200439453,0.0015097908973693848,2.4952635765075684,1000,469.0114,9308,9308000,0.0009579944610595703,400.8460545424589
0.0011816024780273438,0.001565319299697876,2.5517513751983643,1000,375.9084,9312,9312000,0.0009540619850158692,392.02898523632757
0.0024461746215820312,0.0014486062526702882,2.4043726921081543,1000,643.20355,9317,9317000,0.0009272449016571045,416.0022915165289
0.005260467529296875,0.0014881103038787843,2.4643990993499756,1000,668.9678,9322,9322000,0.0009443235397338868,405.8713345647936
0.001445770263671875,0.0015269391536712647,2.4760854244232178,1000,780.171,9327,9327000,0.0009206540584564209,403.9602182922158
0.0011255741119384766,0.0016995272636413574,2.688947916030884,1000,988.9209,9331,9331000,0.0009620401859283447,371.9783494847799
0.0013108253479003906,0.0013481395244598388,2.3124897480010986,1000,280.7322,9336,9336000,0.0009361169338226318,432.5416010098093
0.0014460086822509766,0.0015223758220672607,2.536310911178589,1000,626.006,9341,9341000,0.0009856693744659424,394.3616205075745
0.0019292831420898438,0.0015909624099731444,2.546172857284546,1000,1000.0,9346,9346000,0.000926804542541504,392.84570609272265
0.0018622875213623047,0.0014592998027801514,2.4688596725463867,1000,626.04913,9351,9351000,0.0009809095859527588,405.1426788035808
0.0027031898498535156,0.0014489169120788575,2.4315218925476074,1000,243.8359,9356,9356000,0.0009536397457122803,411.3636412674731
0.001360177993774414,0.0012980501651763917,2.231971263885498,1000,1000.0,9361,9361000,0.0009076466560363769,448.15661136953105
0.0010623931884765625,0.0014001269340515137,2.383915424346924,1000,477.0667,9366,9366000,0.0009572257995605469,419.57914080541553
0.0013315677642822266,0.0014360828399658204,2.3807859420776367,1000,279.1635,9371,9371000,0.0009165685176849366,420.1255818002048
0.0013659000396728516,0.0014143307209014892,2.2766239643096924,1000,1000.0,9376,9376000,0.0008348698616027832,439.3506921890596
0.0025484561920166016,0.0017583580017089843,2.8138270378112793,1000,961.4662,9381,9381000,0.0010253334045410157,355.4518411223396
0.0009455680847167969,0.0013855576515197753,2.3166720867156982,1000,793.78156,9386,9386000,0.0009060320854187012,431.7569308486497
0.0011281967163085938,0.0013104455471038819,2.266953706741333,1000,555.04736,9391,9391000,0.000929309606552124,441.2333735506182
0.0023915767669677734,0.001541417360305786,2.5538203716278076,1000,526.718,9395,9395000,0.0009817194938659668,391.65767976732326
0.0011661052703857422,0.0015696594715118408,2.529935121536255,1000,1000.0,9400,9400000,0.0009309494495391846,395.35233576535006
0.0012345314025878906,0.0016442177295684815,2.6913182735443115,1000,671.7379,9404,9404000,0.0010175542831420898,371.6533903692216
0.0030524730682373047,0.001517066478729248,2.4894261360168457,1000,464.38483,9409,9409000,0.0009430129528045654,401.7877396374248
0.001310586929321289,0.0016326653957366944,2.6269497871398926,1000,797.12067,9413,9413000,0.0009668757915496826,380.7602724971116
0.0011124610900878906,0.0014564874172210693,2.3965845108032227,1000,580.5073,9418,9418000,0.0009130468368530273,417.3803944545968
0.0014412403106689453,0.001502959966659546,2.4998011589050293,1000,363.01614,9422,9422000,0.0009691741466522217,400.140391969877
0.002588987350463867,0.0014070310592651366,2.3503029346466064,1000,536.1101,9427,9427000,0.0009147562980651856,425.5729497271823
0.0009889602661132812,0.0013917467594146728,2.341686487197876,1000,773.53265,9432,9432000,0.0009250280857086182,427.1539847757222
0.001004934310913086,0.001417464017868042,2.3677027225494385,1000,527.83685,9437,9437000,0.0009242968559265137,422.45364728140464
0.001504659652709961,0.001489616870880127,2.4720726013183594,1000,505.50018,9442,9442000,0.0009543163776397706,404.61513365078304
0.0021283626556396484,0.0015344908237457276,2.5625619888305664,1000,281.26196,9446,9446000,0.0009983518123626708,390.330518237416
0.0021708011627197266,0.0014910602569580078,2.4476425647735596,1000,549.4404,9451,9451000,0.0009280643463134765,408.656538162237
0.0014717578887939453,0.001564401388168335,2.620401620864868,1000,437.7669,9455,9455000,0.0010273866653442382,381.70392879016634
0.0011510848999023438,0.0017569096088409424,2.7518162727355957,1000,984.8827,9460,9460000,0.000964961051940918,363.4735395449873
0.0015871524810791016,0.0019491636753082276,3.0479090213775635,1000,618.47095,9464,9464000,0.0010671241283416748,328.16062713100195
0.003724336624145508,0.0013724324703216554,2.3471455574035645,1000,841.1476,9469,9469000,0.000944119930267334,426.1639177496193
0.003124237060546875,0.001420872449874878,2.3985583782196045,1000,584.2087,9474,9474000,0.0009468374252319336,417.02367297850645
0.0008866786956787109,0.0014954650402069093,2.50009822845459,1000,225.96376,9478,9478000,0.0009721813201904296,400.0783310712518
0.0020682811737060547,0.0015245816707611084,2.5658743381500244,1000,292.62567,9483,9483000,0.0010112924575805663,389.817920640348
0.0024178028106689453,0.0013702068328857423,2.3041181564331055,1000,762.28046,9488,9488000,0.0009066700935363769,434.11377759046434
0.000835418701171875,0.001557929754257202,2.5335233211517334,1000,980.8722,9493,9493000,0.0009480271339416504,394.8113091216264
0.0011212825775146484,0.0014759933948516846,2.434431552886963,1000,965.05414,9498,9498000,0.0009322681427001953,410.8648941198367
0.0010044574737548828,0.001288806200027466,2.2523858547210693,1000,370.02917,9503,9503000,0.0009388642311096192,444.07529082229394
0.0012614727020263672,0.0015636935234069824,2.494807481765747,1000,992.8512,9507,9507000,0.0009028544425964355,400.9418103915935
0.0010063648223876953,0.0015685949325561523,2.5572266578674316,1000,1000.0,9512,9512000,0.000962069034576416,391.12908189242773
0.001566171646118164,0.0021470348834991453,3.41074275970459,1000,977.52466,9516,9516000,0.0012299480438232421,293.2430689291496
0.0016472339630126953,0.001442206621170044,2.453465461730957,1000,536.66406,9520,9520000,0.0009841442108154297,407.6815477790207
0.002165079116821289,0.0014748165607452392,2.485304594039917,1000,495.90295,9524,9524000,0.0009820079803466797,402.4585228616623
0.0012614727020263672,0.0016174731254577637,2.637385845184326,1000,597.57007,9529,9529000,0.0009915008544921875,379.2516805355362
0.0013129711151123047,0.0016918752193450927,2.6740686893463135,1000,980.95825,9533,9533000,0.0009518790245056152,374.0568213021781
0.0009031295776367188,0.0014159295558929443,2.3322103023529053,1000,836.5333,9538,9538000,0.0008912677764892578,428.8870594397039
0.0015358924865722656,0.0019756438732147215,3.1852705478668213,1000,618.256,9542,9542000,0.0011776196956634522,314.0114260730379
0.0010890960693359375,0.0014910664558410644,2.469050407409668,1000,420.68445,9546,9546000,0.0009500055313110352,405.1057786459244
0.0035278797149658203,0.0014390096664428711,2.3964405059814453,1000,548.88556,9551,9551000,0.0009279782772064209,417.39351962423376
0.0011894702911376953,0.001357274055480957,2.2798569202423096,1000,544.8583,9556,9556000,0.0008961701393127441,438.7253661114344
0.001188516616821289,0.0012331111431121825,2.1537625789642334,1000,617.7064,9561,9561000,0.0008905518054962158,464.4347804326128
0.0015494823455810547,0.0014691493511199952,2.4118831157684326,1000,566.13367,9566,9566000,0.0009154219627380371,414.7067655285996
0.0010101795196533203,0.001442647695541382,2.4005110263824463,1000,717.8269,9571,9571000,0.0009314484596252441,416.6729418057181
0.0010139942169189453,0.0015516488552093507,2.522932529449463,1000,682.07605,9576,9576000,0.0009442908763885498,396.45203977466065
0.00109100341796875,0.0014330124855041503,2.4013493061065674,1000,522.4384,9581,9581000,0.0009417507648468018,416.5329551109527
0.0024313926696777344,0.0014887325763702393,2.48472261428833,1000,167.94418,9586,9586000,0.0009675686359405518,402.55265533048964
0.0014545917510986328,0.0013542706966400146,2.326749563217163,1000,609.2469,9591,9591000,0.000946239709854126,429.885076084861
0.001291036605834961,0.0012725458145141603,2.180870532989502,1000,796.9562,9596,9596000,0.0008817224502563477,458.65142634191744
0.0010919570922851562,0.0014107410907745362,2.386514663696289,1000,584.2244,9601,9601000,0.000948188066482544,419.1293812783659
0.001508951187133789,0.0013946070671081543,2.28589129447937,1000,999.706,9606,9606000,0.000864715576171875,437.58821030421547
0.002497434616088867,0.0016083738803863525,2.5859193801879883,1000,826.37714,9610,9610000,0.0009484074115753174,386.79207264671743
0.002574443817138672,0.0014481418132781983,2.4041953086853027,1000,421.23453,9615,9615000,0.000925832748413086,416.0350547114886
0.0012054443359375,0.0014216864109039306,2.4008071422576904,1000,327.2642,9620,9620000,0.0009522733688354492,416.6199650398343
0.0014376640319824219,0.0014915549755096435,2.391674280166626,1000,922.7942,9625,9625000,0.0008733973503112793,418.22123875451297
0.0013861656188964844,0.0019457817077636718,3.168745756149292,1000,823.728,9629,9629000,0.001188880443572998,315.6506522823485
0.001659393310546875,0.0020421667098999025,3.2660529613494873,1000,263.85425,9632,9632000,0.001190150499343872,306.2482006301655
0.0022211074829101562,0.0020455770492553713,3.273634672164917,1000,561.1705,9636,9636000,0.0011951372623443604,305.5796000111615
0.006616115570068359,0.00198861289024353,3.192946195602417,1000,259.61154,9640,9640000,0.0011668224334716796,313.26402987279596
0.0011751651763916016,0.0020498607158660888,3.308354139328003,1000,337.60965,9644,9644000,0.0012278060913085938,302.3178908188228
0.0009832382202148438,0.0014220235347747804,2.3701515197753906,1000,720.2648,9648,9648000,0.0009226510524749756,422.01948956850276
0.002167224884033203,0.0014370908737182616,2.2985754013061523,1000,930.90985,9653,9653000,0.0008356306552886963,435.1557540301124
0.00205230712890625,0.001409400463104248,2.3821210861206055,1000,507.25302,9658,9658000,0.0009447340965270996,419.8940470067048
0.0009210109710693359,0.0013144192695617675,2.248891830444336,1000,563.3898,9663,9663000,0.0009090888500213623,444.7880326120315
0.0012035369873046875,0.0015474727153778076,2.487476348876953,1000,997.96796,9667,9667000,0.000913137674331665,402.10648645471997
0.0010929107666015625,0.0014098742008209228,2.3560588359832764,1000,682.67944,9672,9672000,0.0009207732677459717,424.54162645757333
0.001890420913696289,0.0011106224060058593,1.9493930339813232,1000,502.56067,9677,9677000,0.0008131697177886963,513.1210743394198
0.0010781288146972656,0.0013764457702636719,2.294487237930298,1000,672.2317,9682,9682000,0.0008913311958312989,435.9947563840172
0.001371145248413086,0.0014538950920104981,2.4074718952178955,1000,795.5494,9687,9687000,0.0009260189533233643,415.47676465521744
0.00128173828125,0.0014635679721832276,2.48420786857605,1000,505.8371,9691,9691000,0.0009933595657348633,402.6326851647329
0.0018308162689208984,0.0014744818210601807,2.4658987522125244,1000,935.8763,9696,9696000,0.0009642832279205322,405.6288382167899
0.002307891845703125,0.001205324411392212,2.0687644481658936,1000,324.64127,9701,9701000,0.0008364558219909668,483.51449210622394
0.0010747909545898438,0.0015232291221618653,2.4775094985961914,1000,772.9845,9706,9706000,0.0009273512363433838,403.7213596627082
0.0012907981872558594,0.0014794564247131348,2.44377064704895,1000,983.2031,9711,9711000,0.0009357025623321533,409.29846214858895
0.0010716915130615234,0.0014908947944641112,2.484135627746582,1000,540.3245,9716,9716000,0.00096669340133667,402.6499241462141
0.0012619495391845703,0.0014812541007995605,2.4804322719573975,1000,868.20917,9721,9721000,0.000969984769821167,403.2648432097055
0.0012464523315429688,0.0017449219226837159,2.6999590396881104,1000,585.26556,9725,9725000,0.000927417516708374,370.4554814825872
0.00159454345703125,0.0014414205551147462,2.420471429824829,1000,956.4818,9730,9730000,0.0009513180255889893,413.24043027092875
0.0010461807250976562,0.0015652391910552978,2.5642871856689453,1000,681.3967,9734,9734000,0.000972580909729004,390.06374857386885
0.0015532970428466797,0.0015547020435333252,2.4937644004821777,1000,801.4463,9739,9739000,0.0009090468883514404,401.0947543974739
0.0008785724639892578,0.0018294825553894043,2.8814492225646973,1000,672.4725,9743,9743000,0.0010209896564483643,347.1158000807561
0.0010426044464111328,0.0015146806240081787,2.496504545211792,1000,407.2575,9748,9748000,0.0009536223411560059,400.6526898620819
0.001972198486328125,0.0016109545230865478,2.611478567123413,1000,666.4666,9752,9752000,0.0009710052013397216,383.0210683759942
0.0011725425720214844,0.0016016318798065185,2.629478931427002,1000,687.4877,9756,9756000,0.0009991211891174317,380.38681283441275
0.0016667842864990234,0.0014737634658813477,2.4855635166168213,1000,379.70184,9760,9760000,0.0009839341640472412,402.41531469782086
0.0014154911041259766,0.001863900899887085,3.016004800796509,1000,547.49274,9764,9764000,0.0011225295066833495,331.63796962134893
0.0016632080078125,0.002085507392883301,3.2600700855255127,1000,423.9443,9768,9768000,0.0011395421028137208,306.91200773883196
0.0010371208190917969,0.0015000758171081544,2.466090679168701,1000,941.65393,9772,9772000,0.0009368185997009278,405.59588925385145
0.0009768009185791016,0.001412964105606079,2.3628427982330322,1000,515.30347,9777,9777000,0.0009237840175628662,423.3188375138674
0.002040863037109375,0.0014249265193939209,2.3616273403167725,1000,594.5641,9781,9781000,0.0009094119071960449,423.55185604562314
0.001953125,0.0014498224258422852,2.429074764251709,1000,394.75626,9786,9786000,0.000950329065322876,411.7821639773664
0.001455068588256836,0.0017268013954162597,2.795132875442505,1000,784.0323,9791,9791000,0.0010383286476135253,357.84135774657165
0.002408742904663086,0.0020152204036712647,3.203254461288452,1000,632.7125,9795,9795000,0.0011554036140441894,312.2440913726451
0.0020112991333007812,0.0015947868824005126,2.6369755268096924,1000,604.8715,9799,9799000,0.0010126094818115234,379.31053505225543
0.003560304641723633,0.0016351988315582275,2.698367118835449,1000,669.183,9803,9803000,0.0010306205749511718,370.68489189406074
0.0017075538635253906,0.001899435043334961,3.0828938484191895,1000,515.886,9807,9807000,0.0011515264511108398,324.44201796662776
0.00193023681640625,0.0019990940093994143,3.1776010990142822,1000,901.6482,9811,9811000,0.0011461644172668457,314.7884773252394
0.0018398761749267578,0.0016530377864837646,2.7153513431549072,1000,528.10254,9815,9815000,0.0010322675704956055,368.36961885817385
0.0013642311096191406,0.0015698974132537843,2.544891595840454,1000,922.5185,9819,9819000,0.0009457201957702637,393.0278870275714
0.0009832382202148438,0.001492776870727539,2.4400782585144043,1000,988.22485,9824,9824000,0.0009207727909088135,409.9202501954652
0.0009946823120117188,0.0017029612064361572,2.7513246536254883,1000,956.75037,9828,9828000,0.0010162217617034912,363.55567390050146
0.0009906291961669922,0.0013516600131988526,2.294020414352417,1000,569.92725,9833,9833000,0.0009156918525695801,436.05699144978547
0.0014982223510742188,0.0014003186225891113,2.3728017807006836,1000,462.66345,9838,9838000,0.0009458935260772705,421.5419881269254
0.0014789104461669922,0.0014611868858337403,2.392526388168335,1000,739.07227,9842,9842000,0.000904141902923584,418.0782096465402
0.0013005733489990234,0.00154024338722229,2.540989398956299,1000,776.8037,9847,9847000,0.0009738805294036866,393.6330295927892
0.0009245872497558594,0.0013620636463165282,2.3062398433685303,1000,541.90796,9852,9852000,0.0009189012050628662,433.7171738208096
0.00156402587890625,0.0014817237854003907,2.468515157699585,1000,393.44128,9857,9857000,0.0009581034183502198,405.1955168182111
0.0012934207916259766,0.0015806715488433838,2.5500235557556152,1000,983.3114,9862,9862000,0.0009415199756622315,392.24551105960524
0.0009407997131347656,0.001474238634109497,2.4776017665863037,1000,438.43567,9867,9867000,0.0009760966300964355,403.7167353676525
0.0015892982482910156,0.00164925479888916,2.6156420707702637,1000,998.02106,9872,9872000,0.0009368977546691895,382.4031447780591
0.0012235641479492188,0.0015044009685516357,2.5231270790100098,1000,420.93152,9877,9877000,0.0009910757541656493,396.4215763600154
0.0014176368713378906,0.0015723772048950196,2.538661479949951,1000,847.5909,9881,9881000,0.0009378547668457032,393.98533022952256
0.0009171962738037109,0.0017938768863677978,2.8789846897125244,1000,809.65063,9885,9885000,0.0010569674968719483,347.4130906930107
0.0012750625610351562,0.0017373456954956055,2.757627248764038,1000,992.8407,9889,9889000,0.0009903278350830078,362.7064170082971
0.0011489391326904297,0.0015357024669647218,2.5562493801116943,1000,639.25525,9894,9894000,0.0009922983646392823,391.2943047575476
0.0014102458953857422,0.0018080880641937257,2.88185977935791,1000,509.50116,9898,9898000,0.0010449554920196533,347.073059707217
0.0019299983978271484,0.0021470534801483155,3.36972713470459,1000,885.406,9902,9902000,0.0011891567707061769,296.87604844009104
0.0021691322326660156,0.0017894852161407472,2.8984005451202393,1000,496.38028,9906,9906000,0.0010772571563720703,345.09653692668473
0.002627134323120117,0.001794456720352173,2.8932840824127197,1000,897.8174,9910,9910000,0.001068387508392334,345.6977391572394
0.0011012554168701172,0.0016757915019989015,2.768798589706421,1000,159.5535,9914,9914000,0.0010636484622955323,361.2418204337981
0.0016663074493408203,0.001479980707168579,2.4728481769561768,1000,700.7394,9918,9918000,0.0009618473052978516,404.51028099178654
0.0021910667419433594,0.0017476868629455566,2.848996639251709,1000,724.96045,9922,9922000,0.0010718119144439698,351.0782989321347
0.0013051033020019531,0.0019008734226226807,3.0125443935394287,1000,609.5992,9926,9926000,0.001081951141357422,332.00283250555
0.002254009246826172,0.002099571466445923,3.2836101055145264,1000,650.94147,9930,9930000,0.001151128053665161,304.5998284807503
0.002553224563598633,0.0014588596820831298,2.4428212642669678,1000,256.16852,9934,9934000,0.0009544703960418701,409.4803949354246
0.0013034343719482422,0.0017051794528961182,2.7349236011505127,1000,858.65735,9938,9938000,0.0010027499198913574,365.7162946538926
0.0019795894622802734,0.0016830239295959472,2.7242114543914795,1000,988.48016,9943,9943000,0.0010110180377960205,367.1555620955202
0.002118349075317383,0.0021999361515045164,3.4284918308258057,1000,913.32355,9947,9947000,0.001196115732192993,291.73265648472466
0.0018067359924316406,0.001903665542602539,3.1063642501831055,1000,496.12378,9951,9951000,0.0011726136207580566,321.9763894953336
0.001486063003540039,0.002006772756576538,3.1733641624450684,1000,259.12195,9955,9955000,0.0011349575519561768,315.1903129814354
0.0015347003936767578,0.0020427298545837402,3.2461042404174805,1000,628.723,9958,9958000,0.001168604612350464,308.13911715211344
0.001371622085571289,0.002158312797546387,3.3223936557769775,1000,679.2322,9962,9962000,0.0011327645778656005,301.0615274484832
0.0030078887939453125,0.001989255905151367,3.1856813430786133,1000,679.7526,9966,9966000,0.0011626741886138917,313.9736284261929
0.0013947486877441406,0.0020776474475860595,3.289240837097168,1000,343.54025,9970,9970000,0.0011799328327178956,304.08751285608247
0.0018036365509033203,0.0018958830833435058,3.0279018878936768,1000,342.81702,9974,9974000,0.0010995538234710694,330.34240493578005
0.0010967254638671875,0.001375122308731079,2.304877996444702,1000,818.28864,9978,9978000,0.0009039325714111328,433.9642534146859
0.0009322166442871094,0.0014167623519897462,2.4214067459106445,1000,303.07874,9983,9983000,0.0009771881103515625,413.07739360950393
0.0021932125091552734,0.0015379722118377685,2.5642483234405518,1000,554.6353,9988,9988000,0.000997833251953125,390.0580897057423
0.0009698867797851562,0.0013979372978210449,2.362063407897949,1000,373.1065,9993,9993000,0.0009386608600616455,423.4594045041548
0.0009427070617675781,0.0014979147911071777,2.4149134159088135,1000,780.7475,9998,9998000,0.0008908822536468506,414.2016836265716
0.0013751983642578125,0.0014122827053070068,2.398671865463257,1000,377.0579,10003,10003000,0.0009589328765869141,416.99693100970666
0.0010156631469726562,0.0016812667846679687,2.7163562774658203,1000,454.278,10007,10007000,0.001006361722946167,368.22008167502185
0.0012097358703613281,0.001766683578491211,2.820823907852173,1000,988.8523,10012,10012000,0.0010244190692901612,354.5894018762287
0.0010600090026855469,0.0014918341636657715,2.4470484256744385,1000,942.365,10016,10016000,0.0009288017749786377,408.750326226167
0.0009245872497558594,0.0015700044631958008,2.5005011558532715,1000,992.8711,10021,10021000,0.0009044952392578125,400.0087358475217
0.0008399486541748047,0.0013913190364837646,2.3411784172058105,1000,528.161,10026,10026000,0.0009243879318237305,427.2333471286224
0.002188444137573242,0.0012876050472259521,2.2041916847229004,1000,649.24677,10031,10031000,0.0008898236751556396,453.79615599545804
0.002040863037109375,0.0013184561729431153,2.2714877128601074,1000,411.08624,10036,10036000,0.0009204580783843994,440.41738966081186
0.0033087730407714844,0.0018309366703033448,2.9593915939331055,1000,496.28464,10041,10041000,0.0010955960750579834,337.97326627002946
0.0013875961303710938,0.0019760372638702394,3.1504390239715576,1000,762.0239,10045,10045000,0.0011420700550079346,317.48897593003943
0.0013744831085205078,0.0022922656536102297,3.513058662414551,1000,991.71765,10049,10049000,0.0011864876747131347,284.7221265259854
0.0021295547485351562,0.0018078348636627198,2.9429657459259033,1000,491.50317,10053,10053000,0.001103853702545166,339.8647899667906
0.0014841556549072266,0.0017524631023406983,2.8647639751434326,1000,511.82663,10057,10057000,0.001080672264099121,349.15371739345426
0.0011463165283203125,0.0016996581554412841,2.8304853439331055,1000,993.42786,10061,10061000,0.0011009624004364013,353.3763403463427
0.0016558170318603516,0.0021440863609313967,3.306058883666992,1000,986.6079,10065,10065000,0.0011291801929473877,302.54147435504876
0.001718759536743164,0.0018911564350128174,3.061744213104248,1000,673.532,10069,10069000,0.0011396245956420898,326.6900271271712
0.0026569366455078125,0.0018824474811553955,3.0818681716918945,1000,652.7377,10073,10073000,0.001165482759475708,324.546051480075
0.0016961097717285156,0.0018103213310241698,2.95353364944458,1000,443.2122,10077,10077000,0.0011127784252166748,338.65124195418446
0.0024209022521972656,0.001957359313964844,3.1762399673461914,1000,233.446,10081,10081000,0.0011863963603973389,314.9142378895758
0.0016791820526123047,0.0018384516239166259,2.9714250564575195,1000,695.89514,10085,10085000,0.0011020877361297607,336.62396731789937
0.0010793209075927734,0.0017878410816192626,2.909820795059204,1000,347.09973,10089,10089000,0.0010924084186553955,343.7466372599101
0.0024254322052001953,0.0019332206249237061,3.116565465927124,1000,600.225,10093,10093000,0.0011513996124267577,320.93040729880886
0.0014624595642089844,0.0017753763198852539,2.911898374557495,1000,424.7757,10097,10097000,0.0011064121723175049,343.4952456709756
0.001943826675415039,0.001957892656326294,3.1391758918762207,1000,696.84607,10101,10101000,0.0011460440158843994,318.61723155215356
0.001697540283203125,0.0016684041023254394,2.7853095531463623,1000,431.51904,10105,10105000,0.0010859601497650146,359.1180959113164
0.0014965534210205078,0.0020110225677490235,3.185288429260254,1000,461.75256,10109,10109000,0.0011422045230865478,314.0176795460984
0.0012927055358886719,0.002003164768218994,3.2119505405426025,1000,452.18695,10113,10113000,0.0011775355339050293,311.39838925006535
0.002206087112426758,0.002126903057098389,3.356274366378784,1000,647.9524,10117,10117000,0.001193894863128662,298.0057301907873
0.0012688636779785156,0.001294858455657959,2.2553842067718506,1000,456.8308,10121,10121000,0.0009346127510070801,443.49975246598234
0.003498077392578125,0.0013701765537261963,2.343251943588257,1000,523.16736,10126,10126000,0.0009441189765930176,426.875145220154
0.0020771026611328125,0.0013706624507904054,2.310281991958618,1000,684.9352,10131,10131000,0.0009108390808105468,432.9633626407158
0.0012705326080322266,0.0012899484634399413,2.2063164710998535,1000,558.67834,10136,10136000,0.0008894171714782715,453.358283165608
0.0009148120880126953,0.0013869192600250244,2.2715237140655518,1000,994.6914,10141,10141000,0.0008591969013214112,440.345998259951
0.000982522964477539,0.0014986581802368165,2.4798545837402344,1000,586.20605,10146,10146000,0.0009539861679077148,403.35729740578506
0.0012288093566894531,0.0017045986652374267,2.6493115425109863,1000,977.7981,10150,10150000,0.0009169609546661377,377.5302436603774
0.0012023448944091797,0.0014753398895263673,2.513256311416626,1000,735.4696,10155,10155000,0.001009333610534668,398.00729892859914
0.0012772083282470703,0.0014020249843597413,2.3069422245025635,1000,906.1405,10160,10160000,0.0008786411285400391,433.5901088248833
0.0009944438934326172,0.0012402968406677246,2.158230781555176,1000,291.38138,10165,10165000,0.0008922202587127685,463.4730377472202
0.0012001991271972656,0.001867069959640503,3.0012967586517334,1000,841.1842,10169,10169000,0.0011008336544036865,333.27617565893553
0.0012905597686767578,0.0014239070415496826,2.399388074874878,1000,593.57697,10173,10173000,0.0009487664699554443,416.8767795988891
0.0014514923095703125,0.0019155628681182862,3.1317784786224365,1000,335.2136,10177,10177000,0.0011855781078338623,319.3650563047603
0.001230478286743164,0.0019847393035888673,3.150740146636963,1000,658.9767,10181,10181000,0.0011351385116577148,317.4490871351237
0.0035965442657470703,0.0020395784378051756,3.2487285137176514,1000,452.6004,10185,10185000,0.0011747357845306396,307.8706408706309
0.001375436782836914,0.0014351129531860352,2.4146227836608887,1000,20.438482,10189,10189000,0.0009521174430847167,414.25785218032087
0.0009472370147705078,0.0015424959659576416,2.494133472442627,1000,975.6888,10193,10193000,0.0009258403778076172,401.03922250307596
0.0009472370147705078,0.0015707037448883057,2.545574903488159,1000,874.62354,10197,10197000,0.0009485304355621338,392.9220329253042
0.0017631053924560547,0.0013924994468688964,2.3560709953308105,1000,695.6405,10202,10202000,0.0009363155364990234,424.53634102716785
0.0018074512481689453,0.0018354740142822266,2.9245479106903076,1000,999.26917,10207,10207000,0.001058225154876709,342.0010815387596
0.002717256546020508,0.002005494832992554,3.1506905555725098,1000,716.9303,10211,10211000,0.0011131370067596436,317.4508170435876
0.001794576644897461,0.0020138022899627685,3.217700719833374,1000,959.0754,10215,10215000,0.0011712963581085205,310.85541223858894
0.0009613037109375,0.0014463343620300293,2.4054195880889893,1000,488.8537,10219,10219000,0.0009330956935882568,415.82733927068733
0.0012226104736328125,0.0015982489585876466,2.500333547592163,1000,999.5366,10224,10224000,0.0008751580715179444,400.0420805373032
0.002254962921142578,0.001583434820175171,2.5853679180145264,1000,983.9698,10229,10229000,0.0009734869003295898,386.883193634102
0.0018086433410644531,0.0016053495407104491,2.6102824211120605,1000,832.5591,10234,10234000,0.0009767959117889405,383.1882625352818
0.0010921955108642578,0.001450913667678833,2.4347612857818604,1000,609.218,10239,10239000,0.0009567151069641113,410.81893669468695
0.0012240409851074219,0.0016953182220458985,2.6499526500701904,1000,7.396173,10243,10243000,0.0009263439178466797,377.4459881452394
0.0021610260009765625,0.001444545030593872,2.404547929763794,1000,665.3955,10248,10248000,0.0009329280853271484,415.9921417500078
0.001277923583984375,0.0013620576858520508,2.3426284790039062,1000,247.34015,10253,10253000,0.0009550626277923584,426.98400320713614
0.0011980533599853516,0.0016478099822998047,2.598590135574341,1000,999.0879,10257,10257000,0.000922959566116333,384.904751696615
0.001550912857055664,0.0013923370838165284,2.2220277786254883,1000,946.84467,10262,10262000,0.0008040294647216797,450.1496955860623
0.0014865398406982422,0.0015781953334808349,2.604092836380005,1000,987.1494,10267,10267000,0.00099705171585083,384.08853212534007
0.0010497570037841797,0.0016266274452209472,2.638963460922241,1000,939.9636,10272,10272000,0.0009842307567596434,379.0216852645531
0.0009658336639404297,0.0015229663848876952,2.521505355834961,1000,508.81256,10276,10276000,0.0009723424911499024,396.6830845369311
0.0011296272277832031,0.001434912919998169,2.4418070316314697,1000,839.819,10281,10281000,0.0009786393642425538,409.62712179575954
0.0009093284606933594,0.0014830520153045655,2.4710946083068848,1000,369.4984,10286,10286000,0.0009611601829528809,404.78815981044085
0.0012788772583007812,0.0017093744277954103,2.769545793533325,1000,558.9775,10291,10291000,0.0010320286750793457,361.1426607293399
0.0015828609466552734,0.0015132963657379151,2.4926648139953613,1000,793.0312,10296,10296000,0.0009503417015075683,401.27253681820065
0.002363443374633789,0.0017677226066589355,2.8445799350738525,1000,633.96265,10300,10300000,0.0010470097064971923,351.62373588315
0.001341104507446289,0.002148451805114746,3.2180418968200684,1000,985.4828,10304,10304000,0.0010393967628479005,310.8047124479306
0.0012869834899902344,0.0014003589153289795,2.363626718521118,1000,961.86224,10308,10308000,0.0009364590644836425,423.18011435729716
0.0009989738464355469,0.0018262941837310792,2.957118511199951,1000,995.6442,10312,10312000,0.0011019525527954102,338.2391934200875
0.0024178028106689453,0.0015132887363433838,2.4972925186157227,1000,615.62756,10316,10316000,0.0009556567668914795,400.5314057270503
0.0008611679077148438,0.0015584511756896974,2.5020034313201904,1000,974.0189,10321,10321000,0.0009169704914093017,399.7659908626637
0.0015492439270019531,0.001987809658050537,3.150456666946411,1000,985.58545,10325,10325000,0.0011305773258209228,317.4871254449531
0.0012278556823730469,0.0016477515697479249,2.6293318271636963,1000,693.4817,10329,10329000,0.0009537405967712402,380.4069605981733
0.002008199691772461,0.0016685397624969483,2.740208148956299,1000,795.45044,10334,10334000,0.0010397920608520507,365.01025461753676
0.0013697147369384766,0.002257030248641968,3.481231212615967,1000,966.1074,10338,10338000,0.0011902368068695069,287.2986289779739
0.0015399456024169922,0.0020854382514953612,3.3118298053741455,1000,886.2715,10341,10341000,0.0011925063133239747,302.0101299269482
0.0012786388397216797,0.0020888090133666993,3.3366408348083496,1000,793.1288,10345,10345000,0.0012151546478271485,299.75841680137785
0.0017924308776855469,0.002241278886795044,3.464040994644165,1000,975.2305,10349,10349000,0.0011895964145660401,288.72935044666167
0.0017116069793701172,0.0019415819644927979,3.1217100620269775,1000,324.2801,10353,10353000,0.0011489489078521729,320.40304606808246
0.0015926361083984375,0.0020485215187072752,3.279435873031616,1000,468.83026,10357,10357000,0.0011981735229492187,304.998877606946
0.0018737316131591797,0.00206744384765625,3.2916359901428223,1000,371.05566,10360,10360000,0.001193028450012207,303.8552113875578
0.0012676715850830078,0.001468330144882202,2.4089515209198,1000,716.6477,10364,10364000,0.0009131286144256591,415.2253300376428
0.0012874603271484375,0.0014227921962738036,2.384032964706421,1000,585.7888,10369,10369000,0.0009341654777526855,419.6672602016578
0.0009796619415283203,0.0012807526588439941,2.2540862560272217,1000,955.76245,10374,10374000,0.0009470908641815186,443.75688625009866
0.0011408329010009766,0.001156743049621582,2.031559944152832,1000,731.84064,10379,10379000,0.0008501288890838623,492.376754786796
0.0014581680297851562,0.0015700039863586425,2.5869176387786865,1000,999.51984,10384,10384000,0.0009869253635406494,386.6488419167027
0.0009362697601318359,0.0014395852088928223,2.394327402114868,1000,822.6201,10389,10389000,0.000927647590637207,417.74804507288246
0.002195596694946289,0.001681166648864746,2.64603590965271,1000,967.84424,10393,10393000,0.0009363503456115723,378.01050385670743
0.0014777183532714844,0.001660813808441162,2.6659295558929443,1000,987.19556,10398,10398000,0.0009772512912750244,375.18021925610213
0.0018720626831054688,0.0016095476150512695,2.621706485748291,1000,554.2489,10403,10403000,0.000984025239944458,381.5282747539462
0.0010037422180175781,0.0015212602615356445,2.534392833709717,1000,499.2687,10407,10407000,0.0009860396385192871,394.6578454391389
0.0015668869018554688,0.001675593614578247,2.6087710857391357,1000,771.60425,10412,10412000,0.0009055588245391845,383.4039968020903
0.0011832714080810547,0.001542313814163208,2.495236396789551,1000,761.6626,10417,10417000,0.0009266870021820068,400.86321749219644
0.001007080078125,0.0014878811836242676,2.458608388900757,1000,222.78348,10422,10422000,0.0009440014362335205,406.8375570952313
0.0012502670288085938,0.0015389492511749267,2.5411136150360107,1000,632.2741,10427,10427000,0.0009753508567810059,393.617182012229
0.0016078948974609375,0.0012660930156707763,2.1691904067993164,1000,265.58966,10432,10432000,0.0008768293857574463,461.12287044342975
0.0015518665313720703,0.001476006031036377,2.4613394737243652,1000,988.161,10437,10437000,0.0009570403099060058,406.3851915210591
0.0009272098541259766,0.001414527416229248,2.375800371170044,1000,470.1948,10442,10442000,0.0009349672794342041,421.01357946421723
0.0014624595642089844,0.00152561092376709,2.517789602279663,1000,495.47803,10447,10447000,0.0009633774757385254,397.26654207760265
0.0014731884002685547,0.0014438159465789795,2.3935320377349854,1000,914.848,10452,10452000,0.0009233255386352539,417.8925970321813
0.0010714530944824219,0.001657764434814453,2.6356425285339355,1000,997.50256,10457,10457000,0.0009507303237915039,379.50526921250946
0.0025746822357177734,0.001727205753326416,2.742375373840332,1000,998.2108,10461,10461000,0.0009857125282287597,364.73930899519866
0.001934051513671875,0.0012945263385772704,2.268665075302124,1000,404.8401,10466,10466000,0.0009436066150665284,440.9015562570739
0.00098419189453125,0.0012874033451080323,2.1460092067718506,1000,704.09,10471,10471000,0.0008343453407287598,466.1242058737173
0.0017533302307128906,0.0015025691986083984,2.535642147064209,1000,503.7784,10476,10476000,0.0010037825107574463,394.4708116518646
0.002222776412963867,0.001447354555130005,2.4431679248809814,1000,327.47687,10480,10480000,0.000967930555343628,409.39797968834324
0.0013079643249511719,0.001513808012008667,2.505556344985962,1000,527.5442,10485,10485000,0.0009637212753295898,399.20013477024816
0.0022232532501220703,0.001522768497467041,2.5097270011901855,1000,968.17773,10489,10489000,0.0009578137397766113,398.5462951516471
0.0010128021240234375,0.001649796724319458,2.6173481941223145,1000,989.75946,10494,10494000,0.0009412927627563477,382.15879651847047
0.0028731822967529297,0.0013563776016235353,2.3017845153808594,1000,362.9072,10499,10499000,0.0009169728755950928,434.5822401784953
0.0009775161743164062,0.0013889217376708985,2.3420865535736084,1000,772.9653,10504,10504000,0.0009276304244995117,427.07234716571384
0.0018422603607177734,0.0014240970611572265,2.38228702545166,1000,298.46683,10509,10509000,0.0009299802780151367,419.8895071871584
0.0020720958709716797,0.00144273042678833,2.411898374557495,1000,664.9371,10513,10513000,0.0009400632381439209,414.70955379438163
0.0017101764678955078,0.0015282514095306397,2.4952244758605957,1000,488.22913,10518,10518000,0.0009391021728515625,400.8498088121313
0.0016436576843261719,0.0013892197608947755,2.335439682006836,1000,687.05316,10523,10523000,0.000915111780166626,428.30177176846297
0.0026869773864746094,0.002064049482345581,3.2529397010803223,1000,831.07983,10527,10527000,0.0011558475494384765,307.4792836735789
0.0012564659118652344,0.0012313854694366456,2.155471086502075,1000,730.3728,10532,10532000,0.0008980438709259033,464.0548416862314
0.001165151596069336,0.0016975138187408448,2.6502625942230225,1000,989.9589,10537,10537000,0.0009254772663116455,377.4048592977575
0.0016369819641113281,0.0013844356536865234,2.3740642070770264,1000,334.14227,10542,10542000,0.0009626893997192383,421.3343678749903
0.0019838809967041016,0.0015409705638885498,2.5400938987731934,1000,983.2992,10547,10547000,0.000970508337020874,393.79024462422325
0.0011494159698486328,0.0013596720695495605,2.2334024906158447,1000,991.5352,10552,10552000,0.0008480198383331299,447.86843318060926
0.001016855239868164,0.0014246833324432374,2.360511302947998,1000,641.59045,10557,10557000,0.0009091241359710693,423.75456104270415
0.0019021034240722656,0.0013937420845031739,2.334491014480591,1000,491.44577,10562,10562000,0.0009120519161224365,428.4563033316141
0.0017364025115966797,0.0014167943000793458,2.3766345977783203,1000,583.59827,10567,10567000,0.0009328854084014892,420.87015471225516
0.0010085105895996094,0.001491532564163208,2.489576578140259,1000,617.2062,10571,10571000,0.0009715645313262939,401.7862770714298
0.0024268627166748047,0.0015345087051391601,2.5117838382720947,1000,962.293,10576,10576000,0.0009490160942077637,398.20261670601883
0.0009737014770507812,0.0014481182098388672,2.397946834564209,1000,623.3927,10581,10581000,0.000923729419708252,417.12200511151235
0.0009586811065673828,0.0015282742977142333,2.509740114212036,1000,202.46606,10585,10585000,0.000954554557800293,398.5350858864478
0.0008504390716552734,0.0015281941890716553,2.4179553985595703,1000,944.9468,10590,10590000,0.0008640835285186767,413.68155023272584
0.0010647773742675781,0.0014223604202270508,2.329522132873535,1000,998.1102,10594,10594000,0.0008815107345581055,429.38408120155765
0.0009799003601074219,0.0015155327320098876,2.548556327819824,1000,370.67847,10599,10599000,0.0010064029693603515,392.4824013316111
0.001477956771850586,0.0017581093311309815,2.742659330368042,1000,990.26434,10604,10604000,0.0009555387496948243,364.6995073000698
0.0013823509216308594,0.0014171016216278076,2.398634910583496,1000,419.32297,10608,10608000,0.0009524590969085693,417.0339560748117
0.00113677978515625,0.0015401370525360107,2.53731632232666,1000,695.5942,10612,10612000,0.0009708831310272217,394.20042934093505
0.0010848045349121094,0.0014361112117767334,2.4203879833221436,1000,230.83945,10616,10616000,0.0009582395553588868,413.26180632175766
0.0009176731109619141,0.0013563618659973144,2.316176652908325,1000,399.52606,10621,10621000,0.000934295654296875,431.84392640199593
0.0013599395751953125,0.001563215970993042,2.591850757598877,1000,349.93317,10626,10626000,0.001000533103942871,385.9102723359285
0.0012412071228027344,0.001257920503616333,2.1545588970184326,1000,396.1036,10631,10631000,0.0008703761100769043,464.2682687225523
0.0017960071563720703,0.0015362634658813476,2.5367136001586914,1000,609.35223,10636,10636000,0.0009725604057312012,394.3090122598276
0.0010528564453125,0.0014837429523468018,2.4149391651153564,1000,958.10394,10640,10640000,0.0009039652347564698,414.1888402269282
0.0019009113311767578,0.0016742279529571532,2.7125918865203857,1000,979.54443,10645,10645000,0.0010083885192871094,368.72888742759915
0.002046346664428711,0.0017293195724487306,2.791064739227295,1000,513.3932,10649,10649000,0.0010319817066192626,358.36166597559884
0.0013003349304199219,0.0015443036556243898,2.464940309524536,1000,970.10364,10653,10653000,0.0008938055038452148,405.78589002644964
0.0018603801727294922,0.001845095157623291,2.964646816253662,1000,388.3704,10657,10657000,0.0010890567302703858,337.37876982791147
0.0012416839599609375,0.001780473232269287,2.835338830947876,1000,996.3507,10661,10661000,0.0010267851352691651,352.7708842637068
0.0016896724700927734,0.0017488007545471192,2.7130556106567383,1000,985.8801,10665,10665000,0.0009350442886352539,368.67194196747204
0.001600027084350586,0.001503213405609131,2.4873523712158203,1000,724.7903,10670,10670000,0.0009555175304412842,402.1259550518277
0.000946044921875,0.0014388923645019531,2.3421542644500732,1000,671.35596,10675,10675000,0.000878406286239624,427.06260666882116
0.002796173095703125,0.0013012235164642334,2.2218146324157715,1000,536.6278,10680,10680000,0.000891984224319458,450.2007670461467
0.0009832382202148438,0.0016766290664672852,2.68560791015625,1000,985.19934,10684,10684000,0.0009810264110565185,372.4480521908064
0.0015113353729248047,0.001444037675857544,2.3828673362731934,1000,640.626,10688,10688000,0.0009114100933074952,419.7779341516842
0.0009930133819580078,0.0014873385429382325,2.463364362716675,1000,849.89813,10693,10693000,0.0009494166374206543,406.03726094764204
0.0016322135925292969,0.001293994426727295,2.1348764896392822,1000,842.29675,10697,10697000,0.00081410551071167,468.5387944121694
0.0026559829711914062,0.0015398569107055663,2.527127265930176,1000,554.50757,10702,10702000,0.0009574868679046631,395.80178543303987
0.0020258426666259766,0.0018691716194152832,3.0210561752319336,1000,948.5936,10706,10706000,0.001120603084564209,331.0865442808787
0.0009710788726806641,0.001768380641937256,2.828692674636841,1000,611.95044,10710,10710000,0.00103267502784729,353.5959296757607
0.0012288093566894531,0.0014150099754333496,2.371732711791992,1000,414.57428,10714,10714000,0.0009287304878234864,421.7379391339715
0.0009953975677490234,0.00161366605758667,2.5789079666137695,1000,991.0349,10718,10718000,0.0009391396045684814,387.8517437360565
0.0014853477478027344,0.0015142734050750733,2.4743540287017822,1000,618.1571,10723,10723000,0.0009325861930847168,404.2416661799541
0.0013012886047363281,0.0014424252510070801,2.455150604248047,1000,331.63956,10728,10728000,0.000985579252243042,407.4315411141872
0.0018587112426757812,0.0016292388439178467,2.6636433601379395,1000,487.28607,10733,10733000,0.0010067405700683594,375.5097304941579
0.0013666152954101562,0.0014846141338348388,2.4626429080963135,1000,484.4899,10737,10737000,0.0009503855705261231,406.16265025064735
0.001561880111694336,0.00148604679107666,2.46120023727417,1000,667.2422,10742,10742000,0.0009481637477874756,406.3936966065582
0.0011174678802490234,0.0015646400451660156,2.552349805831909,1000,721.456,10747,10747000,0.0009587409496307374,391.9088370625824
0.0011739730834960938,0.0013623991012573242,2.292619466781616,1000,472.9395,10752,10752000,0.0009034333229064941,436.2947632611928
0.0010082721710205078,0.0014395148754119873,2.321411609649658,1000,977.1624,10757,10757000,0.0008565816879272461,430.88225942635586
0.002604246139526367,0.0016125099658966064,2.614410638809204,1000,754.5403,10761,10761000,0.000971031904220581,382.59967212289297
0.001283884048461914,0.0015683960914611816,2.5218677520751953,1000,654.84424,10766,10766000,0.0009265482425689697,396.62077868018065
0.001020193099975586,0.0015048246383666992,2.516557455062866,1000,375.3678,10771,10771000,0.000985034227371216,397.4635815089539
0.0011866092681884766,0.0017959210872650147,2.854527473449707,1000,999.869,10776,10776000,0.0010307624340057373,350.3973262795572
0.0017032623291015625,0.0014229485988616944,2.350322723388672,1000,500.4204,10781,10781000,0.0009002611637115479,425.59000672635113
0.0017588138580322266,0.0016113133430480956,2.537125825881958,1000,996.71545,10786,10786000,0.0008989286422729492,394.2270321828171
0.002464771270751953,0.0015702390670776368,2.5522608757019043,1000,945.46484,10791,10791000,0.0009523465633392334,391.91158353040396
0.0014886856079101562,0.0012888174057006836,2.264551877975464,1000,294.1619,10796,10796000,0.0009480640888214111,441.70333482909035
0.002135753631591797,0.0014712769985198975,2.4758596420288086,1000,336.0563,10800,10800000,0.0009745216369628906,404.00095704877594
0.0025801658630371094,0.0017472028732299805,2.8381266593933105,1000,547.9222,10804,10804000,0.0010591871738433838,352.4213262130452
0.0010676383972167969,0.0014925951957702637,2.4486427307128906,1000,976.8441,10809,10809000,0.0009297616481781006,408.4913687861391
0.002009868621826172,0.0014212048053741455,2.380703926086426,1000,502.15808,10814,10814000,0.000932227373123169,420.1522215165655
0.0009233951568603516,0.0014971058368682861,2.4559221267700195,1000,628.77905,10819,10819000,0.0009299721717834472,407.276535095002
0.0015537738800048828,0.0013495926856994629,2.268789529800415,1000,738.1865,10823,10823000,0.0008929424285888672,440.8813034676995
0.0019168853759765625,0.0015787513256072998,2.5606884956359863,1000,781.8865,10828,10828000,0.0009543747901916504,390.6170417197005
0.0015659332275390625,0.0016189541816711427,2.606642246246338,1000,584.86884,10833,10833000,0.0009589002132415771,383.73407490927
0.0015835762023925781,0.0018817026615142822,2.975224494934082,1000,970.66345,10837,10837000,0.001063530683517456,336.1773284624016
0.0011403560638427734,0.00137570858001709,2.2756690979003906,1000,583.28973,10842,10842000,0.0008736021518707275,439.54710856288676
0.0009593963623046875,0.0014893381595611572,2.465794086456299,1000,432.55585,10846,10846000,0.0009486367702484131,405.65410271396195
0.0018393993377685547,0.0018496229648590089,2.8897511959075928,1000,979.86456,10850,10850000,0.0010115542411804198,346.12674368102466
0.0013856887817382812,0.0015630054473876954,2.522099018096924,1000,992.8448,10855,10855000,0.0009324753284454346,396.5807647119003
0.0021533966064453125,0.002132150888442993,3.3897666931152344,1000,474.92352,10859,10859000,0.001222316265106201,295.08369490895103
0.0013756752014160156,0.0021779346466064453,3.4098384380340576,1000,746.74713,10863,10863000,0.0011992847919464111,293.3493076122265
0.001306295394897461,0.002009991645812988,3.1862964630126953,1000,587.88513,10867,10867000,0.0011454355716705323,313.9151164395475
0.0013153553009033203,0.0015677344799041749,2.5988755226135254,1000,628.0252,10871,10871000,0.0010031366348266602,384.87112798524197
0.002608776092529297,0.0013956964015960694,2.315864324569702,1000,852.78986,10876,10876000,0.0008919019699096679,431.9019132671187
0.0017287731170654297,0.0013835029602050782,2.3723981380462646,1000,474.88617,10881,10881000,0.0009613656997680665,421.6263989362194
0.0013427734375,0.0015832324028015137,2.5482709407806396,1000,992.5931,10885,10885000,0.0009371705055236816,392.512519437039
0.0013263225555419922,0.0017224748134613036,2.789180040359497,1000,641.34326,10890,10890000,0.001033595085144043,358.6023660739897
0.0010454654693603516,0.0014222872257232666,2.4013688564300537,1000,319.5007,10895,10895000,0.0009531004428863525,416.53891183571005
0.0010972023010253906,0.0013660435676574707,2.2959072589874268,1000,444.8014,10900,10900000,0.0009033644199371338,435.667465020848
0.0030672550201416016,0.0015474324226379395,2.5598645210266113,1000,749.9863,10904,10904000,0.0009823751449584961,390.7428420242627
0.0013022422790527344,0.0013849766254425049,2.394340991973877,1000,470.82565,10909,10909000,0.0009822940826416016,417.7553680761618
0.0009019374847412109,0.001514674425125122,2.5300841331481934,1000,532.7311,10913,10913000,0.0009888715744018554,395.3562859638331
0.0024771690368652344,0.0016173741817474365,2.653839349746704,1000,969.0683,10918,10918000,0.0010064992904663087,376.89842982051533
0.0015425682067871094,0.0015037512779235839,2.5030460357666016,1000,444.14496,10923,10923000,0.0009711332321166992,399.604920938933
0.0010647773742675781,0.0015407390594482423,2.5317368507385254,1000,967.88214,10928,10928000,0.0009644372463226318,395.07761808258067
0.0011413097381591797,0.0014569315910339356,2.437932252883911,1000,800.59686,10932,10932000,0.0009552567005157471,410.28422105888893
0.0010690689086914062,0.0015312469005584718,2.5200369358062744,1000,784.94476,10936,10936000,0.0009613893032073974,396.91391046464236
0.0013263225555419922,0.0014974160194396974,2.4493496417999268,1000,505.91977,10941,10941000,0.0009242303371429444,408.37237044147463
0.001161813735961914,0.0015433053970336913,2.537801742553711,1000,520.4513,10945,10945000,0.0009669189453125,394.1291603148407
0.001699686050415039,0.001417017936706543,2.3704640865325928,1000,803.45245,10950,10950000,0.0009275519847869873,421.9612391199939
0.0010340213775634766,0.0014614908695220947,2.460223436355591,1000,499.35104,10955,10955000,0.0009712209701538086,406.5647007027321
0.00109100341796875,0.0014893410205841064,2.468780517578125,1000,619.209,10960,10960000,0.000951385498046875,405.15121023148066
0.0017788410186767578,0.001416618585586548,2.3820016384124756,1000,534.4539,10965,10965000,0.0009375872611999511,419.92393660268914
0.0012593269348144531,0.0014796540737152099,2.475996732711792,1000,749.0196,10970,10970000,0.0009664745330810547,403.97056757025655
0.0022478103637695312,0.0015322444438934325,2.495570182800293,1000,828.8209,10974,10974000,0.0009356956481933594,400.80614104410364
0.00167083740234375,0.0014918620586395264,2.4772579669952393,1000,412.60663,10979,10979000,0.000957261323928833,403.76846355960123
0.0010221004486083984,0.0016391046047210694,2.6072890758514404,1000,998.36707,10984,10984000,0.0009412798881530762,383.6290968805459
0.002086162567138672,0.0015166821479797364,2.477494239807129,1000,721.53217,10989,10989000,0.0009328405857086182,403.73220191268945
0.0009965896606445312,0.0015603857040405273,2.5174560546875,1000,981.32446,10993,10993000,0.0009286880493164062,397.3225018855821
0.002362966537475586,0.0015021278858184815,2.4857988357543945,1000,230.94237,10998,10998000,0.0009533834457397461,402.391918974848
0.0017347335815429688,0.001451300859451294,2.364805221557617,1000,904.64667,11003,11003000,0.0008865330219268799,422.97015261318927
0.0010457038879394531,0.0014258098602294921,2.3689186573028564,1000,482.825,11008,11008000,0.000916532039642334,422.2450007258383
0.0018160343170166016,0.001528287410736084,2.5654618740081787,1000,469.6295,11012,11012000,0.0010093412399291993,389.88582676250434
0.0020568370819091797,0.0015717074871063233,2.546719551086426,1000,590.2468,11016,11016000,0.0009451792240142823,392.7617219733226
0.0009484291076660156,0.0015230698585510254,2.497614860534668,1000,787.9417,11021,11021000,0.0009482543468475341,400.47564732664165
0.0019183158874511719,0.0013888492584228516,2.327503204345703,1000,592.6444,11026,11026000,0.0009108445644378662,429.7615672434351
0.0015366077423095703,0.001474179983139038,2.438328266143799,1000,389.83716,11031,11031000,0.0009367368221282959,410.2247514647552
0.001371145248413086,0.0014047467708587647,2.342466115951538,1000,510.04614,11036,11036000,0.0009111645221710205,427.0167366414992
0.0017762184143066406,0.0015348780155181885,2.504601001739502,1000,921.344,11040,11040000,0.0009427034854888916,399.35521280738556
0.0013856887817382812,0.0018209221363067627,2.8869340419769287,1000,1000.0,11045,11045000,0.0010360879898071288,346.4571091744841
0.0017442703247070312,0.0016100912094116212,2.524914026260376,1000,992.68756,11050,11050000,0.0008868541717529297,396.13066755646366
0.0018761157989501953,0.0015218279361724854,2.5220799446105957,1000,530.7134,11055,11055000,0.000971447229385376,396.5888268582182
0.002112150192260742,0.0015194556713104249,2.5724503993988037,1000,484.75763,11060,11060000,0.0010244479179382323,388.8255880236308
0.001611471176147461,0.0014679434299468995,2.4351673126220703,1000,640.3217,11065,11065000,0.0009377784729003906,410.7455549123772
0.001363515853881836,0.0014383327960968018,2.416137933731079,1000,581.9551,11070,11070000,0.0009509575366973877,413.984843370307
0.0012221336364746094,0.0015263819694519042,2.476881742477417,1000,974.34015,11074,11074000,0.0009230353832244873,403.83917890059524
0.0009434223175048828,0.0014516854286193849,2.4384520053863525,1000,627.32556,11079,11079000,0.000960080623626709,410.2182517851367
0.001814126968383789,0.0014055557250976564,2.4082860946655273,1000,569.2697,11084,11084000,0.0009754233360290528,415.3370868740218
0.0023179054260253906,0.001990264892578125,3.180288791656494,1000,673.98663,11088,11088000,0.0011554358005523681,314.50633694834437
0.0010988712310791016,0.0015243809223175048,2.517866611480713,1000,475.50873,11093,11093000,0.0009657609462738037,397.2558938121224
0.001252889633178711,0.001395737648010254,2.3511481285095215,1000,540.73456,11098,11098000,0.0009282891750335693,425.43313388923696
0.0017595291137695312,0.0014723551273345948,2.4366886615753174,1000,972.8097,11103,11103000,0.0009361557960510254,410.4896882951193
0.0014810562133789062,0.0015062508583068848,2.4133830070495605,1000,1000.0,11108,11108000,0.0008804235458374024,414.46400220082813
0.0013225078582763672,0.0013771169185638427,2.3560049533843994,1000,458.73807,11113,11113000,0.0009518444538116455,424.5555926590204
0.0009198188781738281,0.0014066863059997558,2.381035327911377,1000,751.0867,11117,11117000,0.0009485464096069336,420.10988572917836
0.0011615753173828125,0.0019477458000183106,3.182421922683716,1000,67.96039,11121,11121000,0.0012027812004089355,314.2910302341194
0.0021581649780273438,0.0013719780445098878,2.3317973613739014,1000,380.47595,11125,11125000,0.0009322514533996582,428.95193182101747
0.0011205673217773438,0.001480944871902466,2.3796191215515137,1000,1000.0,11130,11130000,0.000871239423751831,420.37161203935614
0.0013573169708251953,0.0017412984371185302,2.7363779544830322,1000,984.20325,11135,11135000,0.0009670407772064209,365.52121167861077
0.0011782646179199219,0.0013250398635864258,2.2154288291931152,1000,1000.0,11139,11139000,0.0008653755187988282,451.4927027963823
0.0013959407806396484,0.0015541572570800782,2.557823657989502,1000,973.0872,11143,11143000,0.0009742038249969482,391.06176295468356
0.0024704933166503906,0.0015334525108337401,2.522184371948242,1000,897.9338,11147,11147000,0.0009590563774108887,396.5805397264719
0.0010385513305664062,0.0015127017498016357,2.524470567703247,1000,679.1334,11151,11151000,0.0009846029281616211,396.2134787837109
0.0010013580322265625,0.001514003276824951,2.502725601196289,1000,373.28488,11156,11156000,0.0009617452621459961,399.6557911443877
0.0010042190551757812,0.0014935081005096435,2.477083921432495,1000,622.8457,11160,11160000,0.0009565043449401855,403.7985505125579
0.0012848377227783203,0.0016725924015045166,2.638103723526001,1000,981.6106,11165,11165000,0.0009380156993865966,379.13457461228074
0.0022940635681152344,0.002098515510559082,3.327357530593872,1000,654.2496,11169,11169000,0.0011953210830688476,300.5944013369676
0.0012569427490234375,0.0015517580509185791,2.565532684326172,1000,636.1194,11173,11173000,0.000985727310180664,389.88318109718597
0.0010590553283691406,0.001589935541152954,2.542353391647339,1000,958.9153,11178,11178000,0.0009259614944458008,393.4264093615567
0.0009799003601074219,0.0015301196575164796,2.5028910636901855,1000,979.287,11183,11183000,0.0009463193416595459,399.64074957794935
0.0015439987182617188,0.0015473151206970214,2.521293878555298,1000,998.71014,11187,11187000,0.0009457235336303711,396.7121247776341
0.001758575439453125,0.0016838541030883788,2.739832639694214,1000,64.80488,11192,11192000,0.0010269763469696045,365.0659155592541
0.0019571781158447266,0.0014530794620513916,2.4100234508514404,1000,281.8036,11197,11197000,0.0009292452335357666,415.0313170579757
0.001119375228881836,0.0015992133617401124,2.550227642059326,1000,999.4399,11202,11202000,0.0009236679077148437,392.2145903538849
0.0010211467742919922,0.0015271694660186767,2.552574396133423,1000,502.896,11206,11206000,0.0009971225261688232,391.91469624047056
0.00124359130859375,0.001449009656906128,2.4567246437072754,1000,574.7867,11210,11210000,0.0009811561107635498,407.14753252406086
0.0011501312255859375,0.0015652189254760742,2.552584409713745,1000,819.28467,11215,11215000,0.0009605023860931397,391.84721644682367
0.0009815692901611328,0.0016491942405700683,2.6465909481048584,1000,964.8822,11220,11220000,0.0009702911376953125,377.9380208548277
0.0023124217987060547,0.0018042523860931396,2.8694868087768555,1000,636.8632,11224,11224000,0.0010352106094360352,348.58577846511037
0.0015854835510253906,0.0014850592613220215,2.431252956390381,1000,846.55396,11228,11228000,0.0009191792011260986,411.40568526548554
0.0012743473052978516,0.0014892845153808593,2.4499189853668213,1000,795.9115,11232,11232000,0.0009336166381835937,408.27498023261035
0.002897024154663086,0.0019523921012878419,3.1521105766296387,1000,432.37244,11236,11236000,0.0011665363311767578,317.3158207466534
0.0011715888977050781,0.001620978355407715,2.532550096511841,1000,997.5479,11241,11241000,0.0008848216533660888,394.9473380510771
0.0009799003601074219,0.0013408546447753907,2.2727065086364746,1000,752.1941,11246,11246000,0.0009038214683532715,440.12757527850164
0.0013179779052734375,0.0013533737659454346,2.2551329135894775,1000,387.23135,11251,11251000,0.0008748774528503418,443.5428062867266
0.0017523765563964844,0.0014508750438690186,2.404196262359619,1000,993.4946,11256,11256000,0.0009251613616943359,416.04541291597434
0.0012521743774414062,0.0014342284202575684,2.3738760948181152,1000,999.99945,11261,11261000,0.000913454532623291,421.3528222515226
0.0012781620025634766,0.001550894260406494,2.511064291000366,1000,870.13745,11265,11265000,0.0009319791793823242,398.3174633593962
0.0014197826385498047,0.0015619990825653076,2.5071260929107666,1000,687.9115,11270,11270000,0.0009182381629943847,398.9507423807738
0.001313924789428711,0.0015108537673950194,2.526520013809204,1000,452.65393,11275,11275000,0.0009882960319519043,395.8839360734369
0.0013306140899658203,0.0014839961528778076,2.487603187561035,1000,477.63943,11280,11280000,0.0009764132499694824,402.0882146746193
0.002450704574584961,0.0014327683448791505,2.3788440227508545,1000,684.16376,11285,11285000,0.0009177474975585937,420.47174031205685
0.0010807514190673828,0.0014532191753387452,2.3961565494537354,1000,681.33435,11290,11290000,0.0009162478446960449,417.4404197748911
0.0009493827819824219,0.0013802342414855958,2.354036569595337,1000,427.92047,11294,11294000,0.0009486484527587891,424.90784453309163
0.0007500648498535156,0.0013585095405578614,2.346047878265381,1000,255.4515,11298,11298000,0.0009619007110595703,426.35768919089804
0.0012285709381103516,0.001349560022354126,2.2820749282836914,1000,475.6596,11302,11302000,0.0009061312675476075,438.3088898568002
0.0017528533935546875,0.0015032064914703369,2.4902241230010986,1000,550.99854,11307,11307000,0.0009584147930145263,401.6669983323505
0.0012600421905517578,0.0015564663410186767,2.4325244426727295,1000,10.046682,11312,11312000,0.0008497567176818847,411.19966306424095
0.0020983219146728516,0.0015360708236694335,2.466557502746582,1000,335.07727,11316,11316000,0.0009020197391510009,405.52553760386974
0.0013742446899414062,0.001617072582244873,2.5981240272521973,1000,999.8083,11321,11321000,0.0009532368183135986,384.97979048484115
0.0010924339294433594,0.001274165391921997,2.2106003761291504,1000,440.23926,11326,11326000,0.000910768985748291,452.48555581782614
0.0017096996307373047,0.0014211111068725586,2.4058544635772705,1000,257.93393,11331,11331000,0.0009574046134948731,415.74671778176645
0.0013420581817626953,0.0015636394023895263,2.5446925163269043,1000,945.3275,11336,11336000,0.0009536337852478027,393.07002361997814
0.0012180805206298828,0.0015391151905059814,2.53442120552063,1000,544.4145,11341,11341000,0.0009670977592468262,394.6628215706649
0.001669168472290039,0.0012401583194732665,2.155996561050415,1000,557.78986,11346,11346000,0.0008895442485809326,463.9497156550553
0.0020313262939453125,0.0016649799346923828,2.6004693508148193,1000,10.098935,11351,11351000,0.0009069831371307373,384.64615577058555
0.0018239021301269531,0.0014396650791168213,2.337282419204712,1000,979.4603,11355,11355000,0.0008689732551574707,427.95356601613395
0.002086639404296875,0.0016635198593139648,2.6235158443450928,1000,999.8483,11360,11360000,0.0009320099353790283,381.250766377574
0.0015408992767333984,0.0016080670356750488,2.522951126098633,1000,148.64107,11364,11364000,0.0008877108097076416,396.4513652572333
0.0015366077423095703,0.001465362548828125,2.4598546028137207,1000,468.921,11368,11368000,0.0009670300483703613,406.6228378278026
0.0009474754333496094,0.001533151149749756,2.4720160961151123,1000,714.8629,11373,11373000,0.0009127423763275146,404.62957612383894
0.0010752677917480469,0.0022434365749359132,3.3395066261291504,1000,589.92554,11377,11377000,0.0010674328804016113,299.5020942204998
0.0018169879913330078,0.001495290994644165,2.4641964435577393,1000,915.12915,11382,11382000,0.0009405863285064697,405.91391319588166
0.0022149085998535156,0.001434016466140747,2.43959903717041,1000,459.4182,11386,11386000,0.0009765663146972655,410.0073647391461
0.0011277198791503906,0.00218183970451355,3.243481159210205,1000,988.36957,11390,11390000,0.0010320055484771729,308.37051303429
0.0014946460723876953,0.0019569871425628663,3.013437271118164,1000,798.0094,11394,11394000,0.0010274572372436523,331.9153435066902
0.0015387535095214844,0.0013994553089141846,2.344604253768921,1000,868.34204,11398,11398000,0.0009190485477447509,426.618755380662
0.0012421607971191406,0.0014129581451416016,2.3584110736846924,1000,435.44632,11403,11403000,0.0009168033599853515,424.2393653256489
0.0016138553619384766,0.0014430115222930908,2.3708674907684326,1000,1000.0,11408,11408000,0.0009012258052825927,421.897742376969
0.0012164115905761719,0.0015604972839355468,2.578690528869629,1000,780.33453,11413,11413000,0.0009903807640075683,387.88162163456855
0.002779722213745117,0.001540928363800049,2.510436773300171,1000,978.9581,11417,11417000,0.0009404711723327636,398.440476034412
0.0021123886108398438,0.0013460030555725098,2.3086998462677,1000,268.4389,11422,11422000,0.0009334588050842285,433.24972309250944
0.0008780956268310547,0.0012214181423187255,2.1033241748809814,1000,408.46912,11427,11427000,0.0008571193218231201,475.59595144555834
0.0009737014770507812,0.0014507670402526855,2.430830717086792,1000,709.7827,11432,11432000,0.0009535818099975586,411.47813246418394
0.0009813308715820312,0.0014734666347503663,2.4864044189453125,1000,746.66656,11437,11437000,0.0009845280647277832,402.28119297173424
0.0010166168212890625,0.001514801502227783,2.5519156455993652,1000,597.63574,11442,11442000,0.0010096194744110107,391.95494620355043
0.0016651153564453125,0.0015490708351135255,2.5386128425598145,1000,845.1492,11447,11447000,0.0009621841907501221,394.0164567448915
0.0011305809020996094,0.0014085218906402588,2.372835397720337,1000,578.0875,11452,11452000,0.0009373183250427246,421.54266599074646
0.0011675357818603516,0.0015257368087768556,2.4426169395446777,1000,994.66797,11457,11457000,0.0008906495571136475,409.49146876501675
0.0012085437774658203,0.0015523302555084228,2.49959397315979,1000,712.2152,11462,11462000,0.000920356035232544,400.1536005251039
0.0012998580932617188,0.0014618148803710938,2.3526554107666016,1000,992.71906,11467,11467000,0.0008645901679992675,425.1552428921152
0.0009639263153076172,0.001222752571105957,2.1448371410369873,1000,562.7756,11472,11472000,0.000897113561630249,466.3686304544441
0.002148151397705078,0.0016151151657104491,2.5890393257141113,1000,908.504,11477,11477000,0.0009444661140441895,386.3263998573441
0.0010502338409423828,0.001413093090057373,2.359055757522583,1000,417.55038,11482,11482000,0.0009192922115325928,423.99628883558375
0.0011053085327148438,0.001402470588684082,2.379544496536255,1000,430.39435,11487,11487000,0.0009506449699401855,420.3513477678245
0.0019183158874511719,0.0015870521068572997,2.566100597381592,1000,991.3011,11492,11492000,0.0009503405094146728,389.7937932114441
0.0012784004211425781,0.0015458154678344726,2.5502138137817383,1000,537.3574,11497,11497000,0.0009766576290130616,392.2137101204656
0.0011544227600097656,0.001334772825241089,2.175245761871338,1000,988.3584,11502,11502000,0.0008137421607971191,459.8401902552301
0.0014882087707519531,0.0013813416957855224,2.3393473625183105,1000,523.6569,11507,11507000,0.000931389331817627,427.578114765922
0.0011265277862548828,0.0015781333446502686,2.6035149097442627,1000,299.11218,11512,11512000,0.0009989240169525147,384.1835916400602
0.0011398792266845703,0.0015415961742401123,2.509401798248291,1000,352.34967,11517,11517000,0.000940708875656128,398.59163094268547
0.0016751289367675781,0.0013381986618041992,2.281154155731201,1000,462.9668,11522,11522000,0.0009168133735656738,438.48205045857986
0.0009140968322753906,0.0013883893489837647,2.3480000495910645,1000,232.85599,11527,11527000,0.0009340567588806152,425.9981411414196
0.0014307498931884766,0.001247628688812256,2.167590379714966,1000,338.43146,11532,11532000,0.0008926849365234375,461.469688732979
0.0014710426330566406,0.001532280683517456,2.5380699634552,1000,403.74014,11536,11536000,0.0009763638973236084,394.0890180124339
0.0018126964569091797,0.0012881758213043213,2.222940683364868,1000,331.75708,11541,11541000,0.0009075291156768799,449.9679230668552
0.001665353775024414,0.0014101827144622802,2.3509957790374756,1000,448.89456,11546,11546000,0.0009123828411102295,425.45971729165524
0.0012133121490478516,0.0015843102931976318,2.5403788089752197,1000,656.8568,11551,11551000,0.0009291601181030273,393.719936911751
0.0016660690307617188,0.0014770302772521972,2.4246387481689453,1000,483.14178,11556,11556000,0.0009206733703613281,412.5250199338218
0.0014324188232421875,0.0018216359615325927,2.9530272483825684,1000,530.96924,11560,11560000,0.0011022646427154541,338.7057452330864
0.0013320446014404297,0.0014332914352416992,2.4182355403900146,1000,204.95619,11564,11564000,0.0009575455188751221,413.62896423631076
0.0013213157653808594,0.0014325680732727051,2.404177188873291,1000,606.0827,11569,11569000,0.0009431712627410889,416.0419876358982
0.0011720657348632812,0.0014808969497680665,2.4838156700134277,1000,323.27826,11573,11573000,0.000975773811340332,402.6990594768556
0.0012941360473632812,0.001383314609527588,2.319016456604004,1000,523.5841,11578,11578000,0.0009092173576354981,431.32216782810474
0.0015408992767333984,0.0016598265171051025,2.7116568088531494,1000,619.40234,11582,11582000,0.001022050380706787,368.8499671233749
0.0015301704406738281,0.001544778823852539,2.4745264053344727,1000,969.2261,11586,11586000,0.0009032261371612549,404.21404521761457
0.001013040542602539,0.0012623095512390137,2.1683716773986816,1000,573.0651,11591,11591000,0.0008801102638244628,461.2959607304357
0.002130746841430664,0.0019199175834655761,3.0401978492736816,1000,880.1358,11596,11596000,0.0010900216102600097,328.9934549637153
0.0013532638549804688,0.0013575682640075684,2.314767837524414,1000,566.729,11600,11600000,0.000929755687713623,432.1165200059878
0.0010294914245605469,0.0016472365856170655,2.543851137161255,1000,9.230885,11604,11604000,0.0008699924945831299,393.19350195930974
0.0012617111206054688,0.001544503688812256,2.5292017459869385,1000,654.39136,11609,11609000,0.0009564981460571289,395.48609015750407
0.0010974407196044922,0.0015475866794586182,2.5530264377593994,1000,770.1301,11614,11614000,0.0009779434204101563,391.7933371750086
0.0009715557098388672,0.0016286740303039552,2.6672635078430176,1000,593.068,11619,11619000,0.0010108017921447753,375.0048839191876
0.0010037422180175781,0.001708672285079956,2.637310743331909,1000,984.5416,11623,11623000,0.0009035160541534424,379.24880001410554
0.0009493827819824219,0.0012286741733551025,2.1142311096191406,1000,480.77606,11628,11628000,0.0008607892990112304,473.1225732934333
0.0015823841094970703,0.0012655930519104004,2.1735661029815674,1000,442.03583,11633,11633000,0.0008809189796447754,460.1874540970502
0.0013930797576904297,0.0016603338718414306,2.6731269359588623,1000,662.11597,11637,11637000,0.0009833352565765381,374.1748165413962
0.0012025833129882812,0.0017022171020507812,2.679962158203125,1000,988.72504,11641,11641000,0.0009496791362762451,373.23094104063733
0.0009636878967285156,0.0013931639194488526,2.344938039779663,1000,308.62225,11645,11645000,0.0009257445335388183,426.5853887498852
0.0012805461883544922,0.0014288811683654786,2.3995723724365234,1000,730.3937,11649,11649000,0.0009439671039581298,416.8468664908629
0.0016357898712158203,0.0015280680656433105,2.5096359252929688,1000,458.43005,11654,11654000,0.0009530391693115234,398.5571263244246
0.0022177696228027344,0.001666879653930664,2.598188877105713,1000,992.61414,11659,11659000,0.0009026100635528564,384.9726174340672
0.002074718475341797,0.0014594814777374268,2.4276351928710938,1000,999.88245,11664,11664000,0.0009405441284179687,412.01839508167814
0.0011036396026611328,0.0014774129390716553,2.36456561088562,1000,981.9878,11669,11669000,0.0008608536720275878,423.0460903247879
0.0017521381378173828,0.0015124669075012207,2.411860227584839,1000,12.0675535,11673,11673000,0.0008707370758056641,414.7168936732671
0.003175020217895508,0.001464972734451294,2.4459173679351807,1000,501.294,11677,11677000,0.0009512221813201905,408.9439325269967
0.0014448165893554688,0.0016332497596740722,2.6374194622039795,1000,967.1002,11682,11682000,0.0009762978553771972,379.2574417096706
0.0013887882232666016,0.0014895663261413575,2.3894262313842773,1000,992.46716,11687,11687000,0.0008731250762939453,418.6050364496323
0.0020728111267089844,0.001420905590057373,2.387941598892212,1000,431.26172,11692,11692000,0.0009394316673278809,418.8669401920537
0.0017614364624023438,0.0014649388790130616,2.4160044193267822,1000,459.43805,11696,11696000,0.0009233081340789795,413.99722462321233
0.0009584426879882812,0.0017113697528839112,2.7342801094055176,1000,968.47156,11701,11701000,0.000994840383529663,365.81785457709714
0.0011899471282958984,0.0014885516166687012,2.4208900928497314,1000,419.19675,11706,11706000,0.0009058220386505127,413.15287262279475
0.0018448829650878906,0.0016213467121124268,2.580228567123413,1000,977.2495,11711,11711000,0.0009306373596191407,387.649964329361
0.0008575916290283203,0.0014860258102416992,2.4340367317199707,1000,842.8722,11716,11716000,0.0009220409393310547,410.94616975765143
0.0018873214721679688,0.0016221206188201905,2.577568292617798,1000,997.5623,11720,11720000,0.0009275543689727784,388.0463375530854
0.0018646717071533203,0.0016514911651611328,2.672703742980957,1000,735.7447,11725,11725000,0.0009922661781311035,374.23427616166606
0.0015244483947753906,0.0016159093379974365,2.5564217567443848,1000,996.47864,11729,11729000,0.000913224458694458,391.25922701772845
0.0012145042419433594,0.0016650052070617675,2.6777005195617676,1000,638.0651,11733,11733000,0.0009840092658996583,373.540900387407
0.0014498233795166016,0.0014488487243652344,2.3940229415893555,1000,497.92056,11738,11738000,0.0009183776378631592,417.8296111935951
0.0013184547424316406,0.0016856923103332519,2.680938720703125,1000,787.98553,11743,11743000,0.000966261863708496,373.0973768725569
0.0009813308715820312,0.0013053820133209228,2.226766347885132,1000,504.74774,11748,11748000,0.0008967258930206299,449.19471565111644
0.0014481544494628906,0.0015023014545440675,2.500352144241333,1000,464.71927,11752,11752000,0.0009701921939849853,400.05318395027416
0.0011973381042480469,0.0013315472602844238,2.214920997619629,1000,783.4459,11757,11757000,0.0008562269210815429,451.6044632169845
0.0012469291687011719,0.001656789779663086,2.631781816482544,1000,4.833364,11762,11762000,0.0009472174644470215,380.06119139732135
0.0010466575622558594,0.0016015734672546386,2.6089186668395996,1000,604.9378,11767,11767000,0.000978846788406372,383.38815612072216
0.0012023448944091797,0.0018732497692108155,3.032107353210449,1000,753.51746,11771,11771000,0.0011290540695190429,329.8881890655576
0.0021371841430664062,0.0016732125282287599,2.674748659133911,1000,673.5415,11775,11775000,0.0009731414318084716,373.9496023083696
0.0021643638610839844,0.0016828720569610595,2.6402995586395264,1000,994.6836,11779,11779000,0.0009296603202819824,378.8267968469516
0.00142669677734375,0.0016156611442565917,2.5706703662872314,1000,995.25494,11784,11784000,0.0009267759323120117,389.0930484668674
0.0020012855529785156,0.001959596633911133,3.177591562271118,1000,512.93835,11788,11788000,0.0011851575374603272,314.76816085903715
0.0020406246185302734,0.001943988561630249,3.1471290588378906,1000,400.0981,11792,11792000,0.0011695687770843506,317.80919403701625
0.0019762516021728516,0.0014565088748931885,2.447003126144409,1000,990.5901,11796,11796000,0.0009636237621307374,408.7803235952752
0.0010442733764648438,0.00171840238571167,2.636526346206665,1000,988.34894,11800,11800000,0.0008876757621765136,379.37380001430915
0.001964569091796875,0.0015920107364654542,2.597487211227417,1000,998.4486,11804,11804000,0.0009772820472717285,385.0849434528966
0.000993967056274414,0.0013958892822265624,2.4147145748138428,1000,260.74182,11808,11808000,0.0009907701015472413,414.2386639766479
0.002613544464111328,0.001480525255203247,2.4161059856414795,1000,465.11322,11813,11813000,0.0009064483642578125,413.9929340061761
0.0012650489807128906,0.0014761552810668946,2.444337844848633,1000,539.7925,11817,11817000,0.0009406578540802002,409.2116884788136
0.0018341541290283203,0.001567769765853882,2.540302038192749,1000,938.3462,11821,11821000,0.0009423570632934571,393.75553121178257
0.001589059829711914,0.0015808687210083008,2.4979183673858643,1000,1000.0,11825,11825000,0.000889007568359375,400.4226568189308
0.0011603832244873047,0.0020807528495788573,3.2964086532592773,1000,779.321,11829,11829000,0.0011841325759887696,303.41974261395757
0.0014901161193847656,0.0013035957813262939,2.201366901397705,1000,493.67432,11833,11833000,0.0008703608512878418,454.3972695671882
0.0009806156158447266,0.0015750205516815185,2.5986852645874023,1000,883.52844,11837,11837000,0.000996065616607666,384.89973602233397
0.0015857219696044922,0.0012847883701324462,2.209313154220581,1000,445.65512,11842,11842000,0.0008988583087921143,452.76206400926617
0.0022385120391845703,0.001376312494277954,2.32924485206604,1000,655.2063,11847,11847000,0.0009233524799346924,429.44215677782415
0.001066446304321289,0.0015104775428771973,2.5684974193573,1000,396.98145,11852,11852000,0.001029308557510376,389.42508070421593
0.0010390281677246094,0.001586437463760376,2.5282323360443115,1000,821.11127,11857,11857000,0.0009149279594421386,395.63493673035293
0.0021364688873291016,0.0014666879177093505,2.403287887573242,1000,973.9698,11862,11862000,0.0009089739322662353,416.1913905034072
0.0012493133544921875,0.002067906618118286,3.2939035892486572,1000,537.12866,11866,11866000,0.001190744400024414,303.6488504169403
0.0014033317565917969,0.002282475233078003,3.5420761108398438,1000,852.1983,11869,11869000,0.0012277185916900635,282.37201964773647
0.001689910888671875,0.0018171920776367187,2.886946439743042,1000,712.1929,11873,11873000,0.0010391709804534912,346.45839698859106
0.002180814743041992,0.00149739670753479,2.4974005222320557,1000,495.2198,11877,11877000,0.0009705450534820557,400.5315204722759
0.0009062290191650391,0.0016005444526672363,2.5745489597320557,1000,992.095,11881,11881000,0.0009478106498718262,388.50904297169166
0.0010564327239990234,0.0013837084770202638,2.351233959197998,1000,252.78046,11886,11886000,0.0009399883747100831,425.4377512223602
0.001295328140258789,0.0017322163581848145,2.730475664138794,1000,887.25854,11891,11891000,0.0009696180820465088,366.35849887056384
0.0020847320556640625,0.0015337960720062257,2.5431480407714844,1000,707.26776,11896,11896000,0.000980370283126831,393.30743168700997
0.0029087066650390625,0.0013830716609954834,2.3590404987335205,1000,322.34442,11901,11901000,0.0009458863735198975,424.0138626510996
0.0016703605651855469,0.001475684881210327,2.443089246749878,1000,470.12482,11906,11906000,0.0009405510425567627,409.41668208131415
0.0014891624450683594,0.001367185354232788,2.2984471321105957,1000,261.88965,11911,11911000,0.0009043633937835694,435.18776565644157
0.0011816024780273438,0.001511603593826294,2.4723615646362305,1000,620.27234,11916,11916000,0.0009336659908294678,404.6079908627346
0.0017066001892089844,0.001487567663192749,2.457298755645752,1000,454.97925,11921,11921000,0.0009417614936828614,407.0454321584315
0.0014996528625488281,0.0015478720664978028,2.5252747535705566,1000,737.87915,11926,11926000,0.000949399471282959,396.0893684343431
0.0010554790496826172,0.0016653943061828613,2.691579580307007,1000,740.1045,11930,11930000,0.0009972679615020753,371.645552751236
0.0015888214111328125,0.0014372780323028565,2.4359254837036133,1000,486.52823,11934,11934000,0.0009695737361907959,410.62724982997014
0.001104116439819336,0.0015302941799163819,2.489150047302246,1000,1000.0,11939,11939000,0.0009298028945922852,401.8522955897081
0.0020754337310791016,0.0013998496532440187,2.356903076171875,1000,623.08057,11944,11944000,0.0009288926124572754,424.4203095797289
0.0020728111267089844,0.0016273512840270996,2.556856393814087,1000,958.8935,11949,11949000,0.000900970458984375,391.207005325029
0.0017561912536621094,0.0015234560966491699,2.5169551372528076,1000,924.9225,11954,11954000,0.0009650588035583496,397.3992229200681
0.0012974739074707031,0.0018594303131103515,2.9856488704681396,1000,675.34845,11958,11958000,0.001095263957977295,335.01807360997344
0.001520395278930664,0.0014764995574951172,2.409891366958618,1000,799.47705,11962,11962000,0.0009061784744262695,415.0562878053347
0.0015943050384521484,0.0015044817924499511,2.440640926361084,1000,870.4496,11966,11966000,0.0009084444046020508,409.8273661393591
0.0009262561798095703,0.0016214380264282227,2.6562838554382324,1000,597.9663,11971,11971000,0.001005678653717041,376.5703997794251
0.0019237995147705078,0.0018999483585357667,3.0109052658081055,1000,24.37669,11975,11975000,0.001080767869949341,332.1994699766986
0.0010564327239990234,0.001447650909423828,2.3275089263916016,1000,993.1166,11980,11980000,0.0008548829555511475,429.7396390715059
0.0025565624237060547,0.0013753085136413575,2.2836244106292725,1000,602.14764,11985,11985000,0.0008788695335388184,438.0116422867605
0.00107574462890625,0.0018923251628875733,3.0192909240722656,1000,554.1487,11989,11989000,0.0010970115661621093,331.2687272920847
0.0016219615936279297,0.0020094749927520752,3.159327507019043,1000,996.4708,11993,11993000,0.0011182618141174316,316.59788672263267
0.0018448829650878906,0.001487974166870117,2.4951272010803223,1000,479.1115,11997,11997000,0.0009755074977874755,400.86750845927793
0.001302480697631836,0.001222991704940796,2.114868640899658,1000,235.8222,12002,12002000,0.0008659379482269287,472.9836417484151
0.0016117095947265625,0.001484065055847168,2.4508771896362305,1000,586.6854,12007,12007000,0.000938988447189331,408.112739930081
0.0015292167663574219,0.0015170116424560547,2.4850010871887207,1000,798.47864,12011,12011000,0.0009398436546325683,402.51622543919694
0.0012974739074707031,0.00144675612449646,2.379476308822632,1000,462.59186,12015,12015000,0.0009056704044342041,420.36440767741846
0.0017786026000976562,0.0015940656661987305,2.586249351501465,1000,992.365,12020,12020000,0.0009620122909545899,386.76214837532945
0.0012378692626953125,0.0015363368988037108,2.44218111038208,1000,997.23224,12024,12024000,0.0008790638446807862,409.5760014061676
0.0011899471282958984,0.0015322616100311279,2.5038442611694336,1000,608.8777,12029,12029000,0.0009441044330596924,399.4798185879707
0.0010216236114501953,0.0011908395290374757,2.0703842639923096,1000,800.8938,12034,12034000,0.0008546733856201172,483.14316565541094
0.0014994144439697266,0.0016042115688323976,2.680523157119751,1000,805.00464,12039,12039000,0.001047281265258789,373.1510832073721
0.0011210441589355469,0.0015796627998352051,2.5525972843170166,1000,635.1819,12043,12043000,0.000945526123046875,391.84963257650674
0.0010912418365478516,0.0013271327018737793,2.23701548576355,1000,470.50452,12048,12048000,0.0008846266269683838,447.1464603417619
0.0008249282836914062,0.0015250420570373535,2.404348611831665,1000,999.7383,12053,12053000,0.0008534243106842041,416.0387274819489
0.0010225772857666016,0.001406412124633789,2.346801280975342,1000,434.71344,12058,12058000,0.0009140985012054444,426.2178337590461
0.0013070106506347656,0.0015018026828765869,2.4721262454986572,1000,854.33887,12063,12063000,0.0009388136863708496,404.6113865829823
0.001161813735961914,0.0015699217319488526,2.513446569442749,1000,775.09717,12068,12068000,0.0009128735065460205,397.9549595835533
0.0015342235565185547,0.0014742419719696045,2.4152042865753174,1000,978.92487,12073,12073000,0.0009121499061584472,414.19366663401286
0.000934600830078125,0.0013977925777435302,2.3424413204193115,1000,177.9495,12078,12078000,0.0009186863899230957,427.0250403424912
0.0011248588562011719,0.0014746100902557372,2.418869972229004,1000,966.4751,12083,12083000,0.0009178833961486817,413.5067503978506
0.0010159015655517578,0.0014836101531982423,2.4263060092926025,1000,443.284,12087,12087000,0.0009152195453643798,412.2412830409211
0.0010559558868408203,0.001487957000732422,2.456491708755493,1000,751.7176,12091,12091000,0.0009398729801177978,407.1776113201539
0.0009222030639648438,0.001389070987701416,2.258822202682495,1000,658.70557,12096,12096000,0.0008439085483551025,442.8235270269586
0.0012302398681640625,0.00144291353225708,2.4393632411956787,1000,882.719,12101,12101000,0.0009684195518493652,410.0605973623889
0.0019023418426513672,0.001669865608215332,2.7790474891662598,1000,507.09613,12106,12106000,0.0010799884796142579,359.9134554112936
0.0017461776733398438,0.0015839288234710694,2.6183340549468994,1000,593.61365,12110,12110000,0.0010069141387939453,382.0321288140101
0.001775503158569336,0.0015262048244476319,2.540255069732666,1000,629.1605,12114,12114000,0.0009855384826660157,393.7458835227507
0.0014772415161132812,0.0015989835262298583,2.5134339332580566,1000,1000.0,12119,12119000,0.0008863608837127685,397.9601702432571
0.0028760433197021484,0.0017832419872283935,2.9081270694732666,1000,465.09668,12123,12123000,0.0010932557582855225,343.9384261996812
0.0014679431915283203,0.0019847710132598877,3.2227725982666016,1000,319.05777,12127,12127000,0.0012047328948974608,310.42419789211044
0.00189971923828125,0.0018426082134246826,2.91125226020813,1000,947.925,12131,12131000,0.0010373046398162841,343.55824200703415
0.0014014244079589844,0.0019067680835723876,3.084094762802124,1000,411.42853,12135,12135000,0.0011465590000152587,324.3157310338535
0.0017991065979003906,0.001421964168548584,2.391883373260498,1000,408.28345,12140,12140000,0.0009409313201904297,418.18671271638146
0.0012469291687011719,0.0018122074604034423,2.890453815460205,1000,429.58505,12144,12144000,0.00104903507232666,346.0502391566821
0.0015151500701904297,0.0015979263782501221,2.5679821968078613,1000,803.1819,12148,12148000,0.0009418416023254394,389.5018925318286
0.0015840530395507812,0.001972616195678711,3.154972791671753,1000,496.26828,12152,12152000,0.0011490073204040527,317.0195489533331
0.0014636516571044922,0.0019919590950012206,3.112542152404785,1000,978.9501,12156,12156000,0.001090312957763672,321.3432122737162
0.0013709068298339844,0.0014332823753356934,2.4201059341430664,1000,340.66318,12160,12160000,0.000958965539932251,413.3040356105484
0.001967191696166992,0.001650275230407715,2.6042990684509277,1000,994.86755,12165,12165000,0.0009264752864837646,384.05473436308216
0.0020287036895751953,0.0016667749881744385,2.675642728805542,1000,999.5242,12170,12170000,0.000980994701385498,373.829083541625
0.0010056495666503906,0.001937976598739624,3.0742321014404297,1000,818.5145,12174,12174000,0.001105943441390991,325.3498090822178
0.0013692378997802734,0.0013980498313903808,2.386636972427368,1000,583.316,12179,12179000,0.0009625740051269531,419.1068495121766
0.0021889209747314453,0.0019417343139648438,3.0179026126861572,1000,995.9173,12183,12183000,0.0010451140403747558,331.4304985936955
0.00135040283203125,0.0014171469211578368,2.3994719982147217,1000,407.1394,12187,12187000,0.0009535956382751465,416.86700143477725
0.001117706298828125,0.0020548911094665527,3.273289680480957,1000,556.4846,12191,12191000,0.0011870172023773194,305.5597424712921
0.0016927719116210938,0.001486323118209839,2.4940378665924072,1000,559.1927,12195,12195000,0.0009794869422912597,401.0477353728106
0.0016205310821533203,0.001502323865890503,2.3843746185302734,1000,8.358771,12200,12200000,0.0008538553714752198,419.5155616590168
0.0010590553283691406,0.0015986745357513428,2.5520524978637695,1000,986.99146,12205,12205000,0.0009270229339599609,391.9402223281898
0.0023839473724365234,0.0016444752216339112,2.6392464637756348,1000,971.8519,12210,12210000,0.00096415114402771,379.0053484314843
0.001074075698852539,0.0014266538619995116,2.393632650375366,1000,589.31165,12215,12215000,0.0009409468173980713,417.8740698143833
0.0022110939025878906,0.0018444070816040039,2.932011127471924,1000,753.6483,12220,12220000,0.0010566151142120362,341.13913832417177
0.0009567737579345703,0.001637115716934204,2.6058504581451416,1000,1000.0,12225,12225000,0.0009427542686462402,383.832963316135
0.0010437965393066406,0.001741133689880371,2.7581167221069336,1000,948.41125,12230,12230000,0.000989302158355713,362.64259968749633
0.003038644790649414,0.0014282279014587401,2.380500555038452,1000,882.565,12234,12234000,0.0009215757846832276,420.1781490340209
0.0015790462493896484,0.00146510910987854,2.4496123790740967,1000,746.2938,12239,12239000,0.0009560489654541016,408.3474420746519
0.0016741752624511719,0.0014756908416748047,2.3746378421783447,1000,935.6987,12244,12244000,0.0008720567226409912,421.2205028931955
0.000997781753540039,0.0012112164497375488,2.1039366722106934,1000,719.51227,12249,12249000,0.000865208387374878,475.43282050991405
0.0023937225341796875,0.0016688122749328614,2.7490556240081787,1000,702.7959,12254,12254000,0.001050154447555542,363.84417841195
0.0010924339294433594,0.0015692291259765624,2.4624907970428467,1000,996.3413,12258,12258000,0.0008671083450317383,406.19742223757106
0.0011870861053466797,0.0015334701538085938,2.516556739807129,1000,700.67334,12262,12262000,0.0009558207988739014,397.459664416359
0.0011699199676513672,0.0013983430862426758,2.4128475189208984,1000,505.5113,12267,12267000,0.0009876158237457275,414.55252624468926
0.00214385986328125,0.0014195120334625244,2.3821520805358887,1000,974.9447,12272,12272000,0.00093292236328125,419.92019491534927
0.0018625259399414062,0.0015091328620910644,2.488616943359375,1000,654.54285,12277,12277000,0.0009506254196166992,401.9252298852392
0.0017223358154296875,0.0018706765174865722,3.0302910804748535,1000,716.1886,12282,12282000,0.0011285569667816163,330.0564061240935
0.0018811225891113281,0.002139778137207031,3.3868567943573,1000,864.54584,12286,12286000,0.0012102463245391845,295.32198536058286
0.0014829635620117188,0.0014018316268920898,2.3914682865142822,1000,671.34314,12290,12290000,0.0009616601467132568,418.24184033812713
0.0009572505950927734,0.0015881066322326661,2.6030123233795166,1000,778.22986,12295,12295000,0.0009871995449066162,384.25535719782533
0.0020215511322021484,0.001599403142929077,2.53243350982666,1000,952.5283,12300,12300000,0.0009049725532531738,394.97991860085915
0.0015349388122558594,0.0015002150535583497,2.4294862747192383,1000,999.9639,12305,12305000,0.0009005074501037598,411.7098117550632
0.0015137195587158203,0.0014463179111480712,2.379018545150757,1000,424.5946,12310,12310000,0.0009049046039581299,420.4413090835605
0.0012097358703613281,0.001630324125289917,2.5978691577911377,1000,999.9816,12314,12314000,0.0009405801296234131,385.0222689037832
0.0012547969818115234,0.0013133561611175537,2.2265748977661133,1000,457.7683,12319,12319000,0.0008879396915435792,449.2556756459162
0.0022957324981689453,0.0014948196411132813,2.457732915878296,1000,482.52673,12324,12324000,0.0009345390796661377,406.97564300207875
0.0010807514190673828,0.001434039831161499,2.3330485820770264,1000,989.8123,12329,12329000,0.0008729546070098877,428.7362050784692
0.001041412353515625,0.0014857308864593506,2.4641246795654297,1000,963.1428,12333,12333000,0.0009520909786224365,405.9216128688536
0.0011353492736816406,0.0013555622100830079,2.2769899368286133,1000,504.2147,12338,12338000,0.0008923168182373047,439.30324893261445
0.0012354850769042969,0.0014873750209808349,2.485623598098755,1000,954.8408,12342,12342000,0.0009712307453155518,402.4119943470681
0.0009911060333251953,0.0014286384582519532,2.310990333557129,1000,985.6437,12347,12347000,0.000856107234954834,432.8271356546418
0.0018320083618164062,0.0013842446804046631,2.3493645191192627,1000,464.07144,12352,12352000,0.0009375145435333252,425.7530023866426
0.001458883285522461,0.0015352296829223633,2.50547456741333,1000,866.45087,12357,12357000,0.0009432320594787598,399.2200829125915
0.0018503665924072266,0.0013908534049987794,2.342883586883545,1000,229.5926,12362,12362000,0.0009246900081634522,426.9382804367932
0.00201416015625,0.0016548566818237304,2.7317960262298584,1000,475.37735,12367,12367000,0.0010475566387176513,366.14550147255073
0.0013096332550048828,0.0020365495681762694,3.303704261779785,1000,288.15485,12371,12371000,0.0012352995872497558,302.7568218930011
0.0013992786407470703,0.0015494735240936279,2.4670441150665283,1000,994.0358,12376,12376000,0.0008912382125854492,405.4417278724272
0.0016667842864990234,0.001456575632095337,2.4671223163604736,1000,475.02325,12381,12381000,0.0009826543331146241,405.43063685114777
0.0011372566223144531,0.0015784060955047606,2.5062501430511475,1000,997.8414,12386,12386000,0.0008970983028411865,399.1014492974268
0.0011224746704101562,0.0014897010326385498,2.4782121181488037,1000,980.36774,12390,12390000,0.0009607241153717041,403.6186009460773
0.0016779899597167969,0.0015431997776031495,2.5289008617401123,1000,994.9148,12395,12395000,0.0009570174217224121,395.51775264128526
0.0010180473327636719,0.001503540515899658,2.4650213718414307,1000,923.3041,12400,12400000,0.0009352598190307617,405.7667720255214
0.0010619163513183594,0.0014157259464263915,2.411726713180542,1000,805.8421,12404,12404000,0.0009692378044128417,414.7386688090971
0.002006053924560547,0.0014706249237060546,2.4073128700256348,1000,981.23486,12409,12409000,0.0009063398838043213,415.50516426371706
0.001146078109741211,0.001285766839981079,2.2573230266571045,1000,995.57184,12414,12414000,0.0009458765983581543,443.1228493882411
0.0013701915740966797,0.0014788017272949218,2.4803731441497803,1000,536.25305,12418,12418000,0.0009725749492645264,403.2609660236399
0.001293182373046875,0.0016352968215942382,2.542090654373169,1000,999.34924,12423,12423000,0.000880612850189209,393.4744266257623
0.0011856555938720703,0.0013938236236572265,2.36851167678833,1000,491.94717,12428,12428000,0.0009487721920013427,422.31327937029334
0.002271413803100586,0.0014866468906402587,2.4625051021575928,1000,677.0305,12433,12433000,0.0009467649459838867,406.18845332730325
0.0009374618530273438,0.001390505313873291,2.3357436656951904,1000,464.23047,12438,12438000,0.000917858600616455,428.23762055179225
0.0027337074279785156,0.0016903448104858398,2.717594623565674,1000,975.2753,12442,12442000,0.000996873378753662,368.0519973973221
0.0015881061553955078,0.0012799172401428223,2.18243408203125,1000,970.80896,12447,12447000,0.000877058744430542,458.32831128311807
0.0016644001007080078,0.001957421064376831,3.044276475906372,1000,746.8063,12451,12451000,0.0010564191341400147,328.5465157676406
0.0014948844909667969,0.001480733871459961,2.491997241973877,1000,249.0213,12455,12455000,0.0009829769134521485,401.3767929543478
0.0010476112365722656,0.0014999115467071533,2.4535622596740723,1000,986.5476,12460,12460000,0.0009264414310455322,407.66942252864436
0.0016908645629882812,0.002109985113143921,3.3469488620758057,1000,649.04285,12464,12464000,0.0012034900188446045,298.8358714135615
0.001800537109375,0.0012994287014007567,2.175962448120117,1000,742.68335,12468,12468000,0.0008498494625091553,459.6921206655868
0.0018677711486816406,0.0013925955295562744,2.294813394546509,1000,729.4289,12473,12473000,0.0008749346733093262,435.85924242471475
0.0019478797912597656,0.0013843247890472413,2.3713676929473877,1000,649.6392,12478,12478000,0.000958594799041748,421.81513184790214
0.0012347698211669922,0.001376932144165039,2.3535659313201904,1000,523.4546,12483,12483000,0.0009475340843200684,424.99055138375365
0.0017113685607910156,0.0013283181190490722,2.2489452362060547,1000,562.9707,12488,12488000,0.0008939237594604492,444.75775289972916
0.0013179779052734375,0.0014469716548919677,2.3834450244903564,1000,979.5878,12493,12493000,0.0009089875221252442,419.67633032957315
0.0016551017761230469,0.001489933967590332,2.447963237762451,1000,534.82666,12498,12498000,0.0009277029037475586,408.6155318567931
0.0027120113372802734,0.0014193010330200194,2.314497232437134,1000,999.7437,12503,12503000,0.0008678405284881592,432.172843419074
0.00096893310546875,0.0014013922214508056,2.3634397983551025,1000,632.31287,12507,12507000,0.0009362490177154541,423.21026011721085
0.0013089179992675781,0.0014450793266296386,2.433716297149658,1000,727.0176,12512,12512000,0.000961724042892456,410.9963440242778
0.002312898635864258,0.001478382110595703,2.439088821411133,1000,975.5681,12517,12517000,0.0009321548938751221,410.1011323700534
0.0012307167053222656,0.0013311057090759277,2.2565500736236572,1000,434.33316,12522,12522000,0.0008972818851470947,443.2843275788051
0.002059459686279297,0.001488687038421631,2.4897348880767822,1000,739.7844,12527,12527000,0.0009700973033905029,401.7420972022808
0.002071857452392578,0.0014315595626831054,2.3995487689971924,1000,334.55865,12532,12532000,0.0009363503456115723,416.85506938136194
0.0014348030090332031,0.0013610708713531494,2.2485263347625732,1000,458.49673,12537,12537000,0.0008601582050323486,444.8612963828949
0.0010447502136230469,0.0012646780014038087,2.205855131149292,1000,819.98645,12542,12542000,0.0009165997505187988,453.4414566156411
0.0007674694061279297,0.0014444196224212647,2.2954516410827637,1000,958.52234,12547,12547000,0.0008265249729156494,435.7535990960586
0.0012974739074707031,0.001534334421157837,2.4899892807006836,1000,995.1837,12552,12552000,0.0009290332794189453,401.7123159095663
0.002453327178955078,0.0020161895751953126,3.217409133911133,1000,658.7774,12556,12556000,0.001167053461074829,310.87630969574724
0.0023674964904785156,0.0014459567070007325,2.407965660095215,1000,629.44275,12560,12560000,0.0009339711666107178,415.3866524768036
0.0025212764739990234,0.0013716137409210205,2.2838692665100098,1000,649.58405,12565,12565000,0.0008850460052490234,437.9749605913758
0.001146554946899414,0.0014354286193847656,2.3735721111297607,1000,991.378,12570,12570000,0.0009125015735626221,421.4186532058251
0.0009851455688476562,0.0014972488880157472,2.4781625270843506,1000,676.67523,12575,12575000,0.0009535324573516846,403.6150276712225
0.0012896060943603516,0.0015193634033203124,2.45592999458313,1000,999.9936,12579,12579000,0.000910637617111206,407.278987053856
0.0013566017150878906,0.0021953079700469972,3.427894115447998,1000,731.6532,12582,12582000,0.0012003908157348633,291.7754774433695
0.001390695571899414,0.0021857709884643556,3.4158389568328857,1000,1000.0,12586,12586000,0.0011972575187683106,292.79940198974674
0.0009062290191650391,0.0016903057098388672,2.71818470954895,1000,962.95734,12590,12590000,0.0009997172355651856,367.9741141867076
0.0011260509490966797,0.0013776078224182128,2.373964548110962,1000,269.1422,12594,12594000,0.0009697880744934082,421.3407166753343
0.0018663406372070312,0.0013095390796661376,2.184950351715088,1000,537.87317,12599,12599000,0.0008469474315643311,457.79274537315206
0.0021491050720214844,0.0019330902099609375,3.0937020778656006,1000,961.9081,12603,12603000,0.001128415822982788,323.3001916844646
0.0012009143829345703,0.0014836127758026123,2.4187660217285156,1000,828.245,12607,12607000,0.0009074118137359619,413.5353298129179
0.0008440017700195312,0.00137382173538208,2.2861685752868652,1000,953.0265,12612,12612000,0.0008864247798919678,437.5234379881556
0.0012288093566894531,0.001332066535949707,2.2423439025878906,1000,551.03595,12617,12617000,0.0008840923309326172,446.07565890298866
0.0011057853698730469,0.0016996657848358154,2.6907777786254883,1000,989.3144,12621,12621000,0.0009639656543731689,371.8221769204522
0.0009293556213378906,0.0018186881542205811,2.8229939937591553,1000,994.1315,12625,12625000,0.0009774341583251953,354.31424466421487
0.0009584426879882812,0.0013300156593322753,2.294665575027466,1000,412.0473,12630,12630000,0.0009385206699371337,435.90304531140436
0.0010056495666503906,0.001339615821838379,2.2989230155944824,1000,893.05756,12635,12635000,0.0009334332942962647,435.09535563666464
0.0017774105072021484,0.0013600361347198486,2.2987148761749268,1000,988.575,12640,12640000,0.0009116759300231934,435.14261662979186
0.0011146068572998047,0.0013801398277282714,2.305410861968994,1000,586.8413,12645,12645000,0.0008996884822845459,433.87761338265426
0.002580881118774414,0.0016170461177825927,2.6281845569610596,1000,435.3394,12650,12650000,0.0009807307720184327,380.5851403616767
0.0016543865203857422,0.0015236437320709229,2.4500064849853516,1000,687.7355,12655,12655000,0.000898362398147583,408.2603160994557
0.001046895980834961,0.0014067075252532958,2.3247413635253906,1000,998.3202,12660,12660000,0.0008925712108612061,430.2923560010046
0.0013017654418945312,0.001368936538696289,2.2921807765960693,1000,556.69604,12665,12665000,0.0008970928192138671,436.36784329017064
0.0012905597686767578,0.0013170301914215087,2.2375128269195557,1000,621.5382,12670,12670000,0.000894291877746582,447.05042712924046
0.0011799335479736328,0.0013011202812194824,2.1809334754943848,1000,739.5294,12675,12675000,0.0008550353050231933,458.62760442835514
0.002093791961669922,0.0016989097595214843,2.761842727661133,1000,633.09424,12679,12679000,0.0010329537391662598,362.1511288556716
0.0009157657623291016,0.001568955898284912,2.590121269226074,1000,592.88745,12684,12684000,0.0009943172931671143,386.1593719076805
0.0018019676208496094,0.0013710751533508301,2.289607524871826,1000,975.62964,12689,12689000,0.0008923125267028809,436.8883719660906
0.0018260478973388672,0.0012249164581298827,2.079409599304199,1000,683.03,12694,12694000,0.00082930588722229,481.05404905409307
0.0016100406646728516,0.001716623067855835,2.849872589111328,1000,636.3224,12699,12699000,0.0011039650440216064,350.964286909663
0.0010390281677246094,0.0014108397960662842,2.378387212753296,1000,528.5221,12703,12703000,0.0009405841827392578,420.5515483728071
0.001352071762084961,0.0013219969272613525,2.2244110107421875,1000,976.4214,12708,12708000,0.000876046895980835,449.67268688367466
0.002303600311279297,0.0014210937023162841,2.3805787563323975,1000,382.56918,12713,12713000,0.0009319868087768555,420.1778122925059
0.0009958744049072266,0.001536705493927002,2.5125746726989746,1000,580.3967,12718,12718000,0.0009484548568725586,398.0824711290116
0.0023949146270751953,0.0013743581771850585,2.2997066974639893,1000,561.044,12723,12723000,0.0008982162475585937,434.94132087933076
0.0011873245239257812,0.0015798079967498779,2.601461410522461,1000,986.91266,12727,12727000,0.0009943339824676513,384.4892475483941
0.0010099411010742188,0.0014388928413391114,2.3889241218566895,1000,722.8719,12732,12732000,0.0009242253303527832,418.70144079158183
0.0017518997192382812,0.001504366636276245,2.47989559173584,1000,517.38025,12737,12737000,0.0009474916458129883,403.3462813427784
0.001972198486328125,0.0012609927654266358,2.1475539207458496,1000,803.19214,12742,12742000,0.0008598666191101074,465.7661175155788
0.0013799667358398438,0.0014844522476196288,2.4837024211883545,1000,827.6074,12747,12747000,0.0009712703227996826,402.7208282120731
0.001214742660522461,0.0014759914875030517,2.4230716228485107,1000,411.89383,12752,12752000,0.0009200279712677002,412.80723811031055
0.001026153564453125,0.0015334169864654541,2.4977900981903076,1000,664.2969,12757,12757000,0.0009379196166992188,400.4429949513851
0.0019488334655761719,0.0015351324081420898,2.5321013927459717,1000,345.82007,12762,12762000,0.0009669616222381592,395.0183824689346
0.0010297298431396484,0.0013043944835662842,2.217874526977539,1000,540.1642,12767,12767000,0.0008874664306640625,451.0174038807912
0.0016891956329345703,0.0015563359260559082,2.4603354930877686,1000,993.1199,12772,12772000,0.0008775978088378906,406.5413716975633
0.00107574462890625,0.0013812382221221923,2.3428964614868164,1000,983.9094,12777,12777000,0.0009358124732971191,426.9146405637226
0.0010862350463867188,0.0012979059219360351,2.18583345413208,1000,296.38123,12782,12782000,0.0008629713058471679,457.62242340098794
0.0011184215545654297,0.00129764723777771,2.2201409339904785,1000,232.601,12787,12787000,0.0008968710899353027,450.53995889147706
0.0012023448944091797,0.0014106285572052,2.3484227657318115,1000,452.36877,12792,12792000,0.0009108960628509521,425.91447944360146
0.0012896060943603516,0.0014052939414978026,2.3625667095184326,1000,431.80994,12797,12797000,0.0009317946434020996,423.35917312661496
0.0018558502197265625,0.001510157585144043,2.4347352981567383,1000,888.4007,12802,12802000,0.0008964738845825195,410.81004419462874
0.0014510154724121094,0.001523519992828369,2.508460521697998,1000,521.29126,12807,12807000,0.0009577598571777344,398.7482077120338
0.003259897232055664,0.0018131656646728515,2.8592264652252197,1000,826.9221,12811,12811000,0.0010148029327392578,349.8146300323701
0.0014700889587402344,0.0015447261333465577,2.5229337215423584,1000,982.8315,12816,12816000,0.0009502105712890625,396.4772234010856
0.001146554946899414,0.0016043200492858887,2.5815236568450928,1000,519.0383,12820,12820000,0.0009502615928649903,387.45630462758714
0.0021517276763916016,0.0014358758926391602,2.404289960861206,1000,990.8412,12824,12824000,0.000941643238067627,416.02242747858094
0.0021982192993164062,0.001494739055633545,2.4100468158721924,1000,819.26843,12829,12829000,0.0008871216773986817,415.0299207562061
0.0013477802276611328,0.0015011930465698242,2.447421073913574,1000,561.51324,12833,12833000,0.0009182703495025635,408.68974735664426
0.0009970664978027344,0.0015030026435852051,2.523756504058838,1000,469.47504,12837,12837000,0.000993372917175293,396.32410990629796
0.0012278556823730469,0.0015753049850463867,2.568337917327881,1000,564.9411,12842,12842000,0.0009649055004119873,389.4390738224175
0.001216888427734375,0.0018482098579406738,2.9808199405670166,1000,463.89743,12846,12846000,0.001103982925415039,335.5438099734088
0.0012691020965576172,0.0015180649757385253,2.5183706283569336,1000,584.5191,12850,12850000,0.0009725465774536133,397.1801683774131
0.001215219497680664,0.0015689232349395752,2.557051420211792,1000,932.33386,12855,12855000,0.0009609904289245606,391.16114493913426
0.0010917186737060547,0.0013656749725341796,2.3383948802948,1000,232.17068,12860,12860000,0.0009459519386291504,427.7518415503361
0.001483917236328125,0.0014434902667999267,2.3590891361236572,1000,981.3712,12865,12865000,0.000888420581817627,423.98891683939877
0.0010051727294921875,0.0012581162452697753,2.164027214050293,1000,542.1056,12870,12870000,0.0008812801837921143,462.2197458658906
0.002397298812866211,0.0016250948905944824,2.622828483581543,1000,832.87604,12875,12875000,0.0009671001434326172,381.35912761102736
0.0009334087371826172,0.0014108550548553467,2.3322105407714844,1000,554.044,12880,12880000,0.0008938658237457275,428.91675179955064
0.0009057521820068359,0.0014717984199523926,2.408596992492676,1000,526.23724,12885,12885000,0.0009085061550140381,415.2881498778583
0.0015032291412353516,0.0014921183586120606,2.431478261947632,1000,392.15527,12889,12889000,0.0009112458229064941,411.36965279053476
0.0021677017211914062,0.001545278549194336,2.480576515197754,1000,760.3779,12894,12894000,0.0009077601432800293,403.23394410740434
0.003414154052734375,0.001435823678970337,2.3715550899505615,1000,968.74915,12899,12899000,0.0009072864055633545,421.76974589561
0.001413583755493164,0.0019195501804351806,3.0051629543304443,1000,995.0258,12904,12904000,0.0010558481216430664,332.82577246444856
0.0015316009521484375,0.0016629629135131835,2.691706418991089,1000,875.1199,12908,12908000,0.0009981789588928223,371.60383452477447
0.0019505023956298828,0.0021974000930786134,3.373671054840088,1000,988.46063,12912,12912000,0.0011438632011413574,296.46922545218
0.0015780925750732422,0.0021071109771728515,3.305366277694702,1000,373.39514,12915,12915000,0.0011649041175842286,302.5967833710518
0.003072500228881836,0.001689328670501709,2.7389564514160156,1000,963.2558,12919,12919000,0.0010179917812347412,365.1839652847884
0.0015130043029785156,0.001532439947128296,2.5007266998291016,1000,812.87933,12923,12923000,0.00094020676612854,399.97417616679525
0.0009605884552001953,0.001569204330444336,2.483351230621338,1000,988.9929,12927,12927000,0.0008885831832885742,402.77848999935276
0.001373291015625,0.0015789947509765624,2.6469616889953613,1000,418.58282,12932,12932000,0.0010393049716949463,377.8658039386186
0.0011970996856689453,0.0014980957508087158,2.4727983474731445,1000,931.693,12937,12937000,0.0009477794170379639,404.4943256761119
0.0010683536529541016,0.001539473295211792,2.483091354370117,1000,728.3651,12942,12942000,0.0009171161651611329,402.82343974374834
0.0012662410736083984,0.0014947142601013184,2.5314645767211914,1000,330.4894,12947,12947000,0.0010091967582702636,395.1312133389041
0.002230405807495117,0.0016762022972106935,2.649082660675049,1000,990.9668,12951,12951000,0.0009433960914611816,377.5735071713962
0.0009837150573730469,0.0015274462699890136,2.501401901245117,1000,754.84656,12955,12955000,0.0009464552402496338,399.881245594141
0.0010352134704589844,0.0017606050968170166,2.8475840091705322,1000,997.5701,12960,12960000,0.0010576176643371583,351.247323335988
0.0015933513641357422,0.0016876866817474366,2.6784162521362305,1000,805.8351,12965,12965000,0.0009628863334655762,373.44385188050165
0.001003265380859375,0.0014695932865142823,2.4512979984283447,1000,211.6979,12970,12970000,0.0009541654586791992,408.0655301461127
0.0013308525085449219,0.0014958693981170655,2.3846850395202637,1000,978.81134,12975,12975000,0.0008618526458740234,419.44268967080734
0.002763509750366211,0.0013609611988067627,2.2125704288482666,1000,984.4065,12980,12980000,0.0008212578296661377,452.08387585214973
0.0020089149475097656,0.0013850891590118407,2.345953941345215,1000,746.3814,12985,12985000,0.0009321081638336182,426.36900121507375
0.001415252685546875,0.0012375857830047607,2.1064798831939697,1000,457.8026,12990,12990000,0.0008439521789550781,474.85150644608916
0.0010759830474853516,0.0016410157680511474,2.6494133472442627,1000,731.7519,12995,12995000,0.0009804692268371583,377.54781295581046
0.0024874210357666016,0.0014764490127563477,2.4536359310150146,1000,550.47723,13000,13000000,0.0009472706317901612,407.65496034642524
0.003168821334838867,0.001564528226852417,2.570204257965088,1000,691.3063,13005,13005000,0.0009755618572235107,389.1696210269232
0.0009202957153320312,0.0015332298278808595,2.4553370475769043,1000,992.08307,13010,13010000,0.0008962299823760987,407.4079146607361
0.0014719963073730469,0.0015442292690277099,2.5424935817718506,1000,507.02777,13014,13014000,0.0009680304527282715,393.39714709257527
0.0012667179107666016,0.0018037986755371094,2.9122300148010254,1000,611.61145,13018,13018000,0.0010759191513061523,343.46607654398264
0.0016357898712158203,0.0015864696502685548,2.5213825702667236,1000,830.1537,13022,13022000,0.0009070317745208741,396.70413265944546
0.0012357234954833984,0.001662834644317627,2.665943145751953,1000,820.58417,13027,13027000,0.0009756059646606445,375.19314024184337
0.0016889572143554688,0.0015937192440032958,2.599426507949829,1000,389.48453,13031,13031000,0.0009757769107818603,384.7985674127126
0.0010383129119873047,0.0013849873542785645,2.328648090362549,1000,423.36688,13036,13036000,0.0009184596538543701,429.5412864330913
0.0010421276092529297,0.0014324815273284912,2.3767828941345215,1000,222.84613,13040,13040000,0.0009182629585266114,420.83303651069014
0.0010101795196533203,0.001436633586883545,2.3951098918914795,1000,547.34595,13045,13045000,0.0009324119091033935,417.6207241161873
0.0013613700866699219,0.002066642761230469,3.1888060569763184,1000,999.94666,13049,13049000,0.0010911905765533447,313.6594472141709
0.0012063980102539062,0.0018658485412597656,2.9167582988739014,1000,636.4592,13053,13053000,0.0010212712287902832,342.9422987030051
0.0013878345489501953,0.001884495496749878,2.903426170349121,1000,618.69196,13057,13057000,0.0009906492233276367,344.5030246963825
0.0011713504791259766,0.0017746975421905518,2.7902944087982178,1000,953.2733,13061,13061000,0.000987612009048462,358.4642058751563
0.001708984375,0.0014139761924743652,2.3862485885620117,1000,538.38196,13066,13066000,0.0009455611705780029,419.1729858693776
0.001074075698852539,0.0014210219383239747,2.373211622238159,1000,464.88895,13071,13071000,0.0009263226985931396,421.4741280468994
0.0009565353393554688,0.0013463585376739503,2.279376268386841,1000,729.7507,13075,13075000,0.0009072108268737793,438.8400771942637
0.0009720325469970703,0.001395113229751587,2.3275370597839355,1000,566.73175,13080,13080000,0.0009062974452972412,429.7595856901455
0.0018351078033447266,0.0016856975555419923,2.710798501968384,1000,998.369,13084,13084000,0.0009965672492980957,368.98871956382607
0.001894235610961914,0.001547837495803833,2.5366532802581787,1000,519.1438,13088,13088000,0.0009581425189971924,394.3121631690999
0.0030722618103027344,0.0020176990032196047,3.2085814476013184,1000,363.36334,13092,13092000,0.0011554756164550782,311.72804776808044
0.0010423660278320312,0.0015112810134887695,2.467808961868286,1000,667.3211,13096,13096000,0.0009305663108825684,405.3187024595573
0.0015833377838134766,0.0013909430503845214,2.3454396724700928,1000,395.12695,13101,13101000,0.0009271705150604248,426.47100990248003
0.0013468265533447266,0.0014211666584014893,2.4140853881835938,1000,197.90726,13106,13106000,0.0009651217460632325,414.33028423229933
0.0011754035949707031,0.0016322295665740967,2.6386513710021973,1000,975.6002,13110,13110000,0.000977410316467285,379.07063569623153
0.002242565155029297,0.0014369680881500244,2.390124797821045,1000,950.0765,13115,13115000,0.0009246165752410889,418.4888419544866
0.002163410186767578,0.0014584617614746094,2.452510356903076,1000,480.7672,13120,13120000,0.0009647421836853027,407.8587934555952
0.0020592212677001953,0.002109909534454346,3.3079378604888916,1000,984.3107,13124,13124000,0.001164808988571167,302.3635052794796
0.0012259483337402344,0.002103492498397827,3.3230161666870117,1000,344.4178,13128,13128000,0.0011873912811279296,300.98848246348894
0.0015692710876464844,0.0020684118270874025,3.2932260036468506,1000,479.86606,13131,13131000,0.0011931653022766112,303.71026084677175
0.0018932819366455078,0.0022908799648284914,3.501636505126953,1000,879.4144,13134,13134000,0.0011776821613311767,285.6354444489542
0.001898050308227539,0.0018841023445129394,3.0513134002685547,1000,919.1777,13138,13138000,0.0011356756687164306,327.7911160666104
0.0013611316680908203,0.0016217458248138428,2.6325571537017822,1000,665.1161,13142,13142000,0.000981743574142456,379.9439636860046
0.0010323524475097656,0.001652230978012085,2.629041910171509,1000,999.624,13146,13146000,0.0009492955207824707,380.4470554770246
0.0017631053924560547,0.0014817779064178467,2.4880213737487793,1000,404.41602,13151,13151000,0.000978614330291748,402.02832263492155
0.0016016960144042969,0.001435779094696045,2.321141004562378,1000,990.91113,13155,13155000,0.0008588616847991944,430.93737600146636
0.0015189647674560547,0.0013985054492950439,2.373615264892578,1000,405.91464,13160,13160000,0.0009476838111877441,421.3951125728597
0.0029408931732177734,0.001905378818511963,3.0239083766937256,1000,864.1357,13164,13164000,0.001086909294128418,330.7618476749419
0.0021440982818603516,0.0020484938621520995,3.185551643371582,1000,969.51337,13168,13168000,0.0011053040027618408,313.9809145779291
0.0010268688201904297,0.0014233808517456054,2.4059548377990723,1000,554.8061,13172,13172000,0.0009559218883514405,415.75541317631064
0.0012729167938232422,0.001507774829864502,2.525784730911255,1000,389.77545,13177,13177000,0.0009912457466125489,396.0127783702432
0.0015821456909179688,0.001634549856185913,2.5548934936523438,1000,988.07513,13181,13181000,0.0008931200504302978,391.48966515125534
0.0019235610961914062,0.0013271408081054687,2.247857093811035,1000,480.1753,13186,13186000,0.0008939621448516846,444.97909736474554
0.001847982406616211,0.0014798457622528076,2.423973798751831,1000,906.63855,13191,13191000,0.0009169211387634277,412.63735750212135
0.0009303092956542969,0.0014079411029815673,2.3814826011657715,1000,856.38196,13196,13196000,0.0009474303722381592,420.0100138190703
0.0010380744934082031,0.001418532133102417,2.380122661590576,1000,367.93115,13201,13201000,0.0009361095428466797,420.2318662152457
0.0010170936584472656,0.0013997600078582764,2.370556592941284,1000,461.73355,13206,13206000,0.0009447705745697022,421.9492683523562
0.0023050308227539062,0.0019816746711730955,3.1534149646759033,1000,981.3864,13210,13210000,0.0011395390033721925,317.18240235626604
0.0012540817260742188,0.001625488042831421,2.6929352283477783,1000,322.28943,13214,13214000,0.001037876844406128,371.4188660024235
0.0012907981872558594,0.0012633135318756102,2.175664186477661,1000,723.56616,13219,13219000,0.0008865056037902832,459.7384262608459
0.0010368824005126953,0.0012955248355865478,2.2243447303771973,1000,904.03253,13224,13224000,0.0009021897315979004,449.67394033557355
0.001990079879760742,0.0013549931049346923,2.358344554901123,1000,527.7626,13229,13229000,0.0009755754470825196,424.1292001699225
0.0012497901916503906,0.0012171995639801026,2.0771632194519043,1000,775.6443,13234,13234000,0.000834855318069458,481.54210891890494
0.0019369125366210938,0.001450404167175293,2.397307872772217,1000,463.67065,13239,13239000,0.0009201858043670655,417.2391434663435
0.0017497539520263672,0.0015710899829864502,2.576054096221924,1000,447.0111,13244,13244000,0.000975736379623413,388.28741925151314
0.0015554428100585938,0.001865401029586792,3.022225856781006,1000,400.123,13248,13248000,0.001124950647354126,330.95182072643473
0.0018601417541503906,0.0019703361988067628,3.1527981758117676,1000,449.5702,13252,13252000,0.0011496162414550782,317.2435545191639
0.0011034011840820312,0.0022453861236572266,3.473719835281372,1000,4.760723,13256,13256000,0.0011933786869049072,287.941626091854
0.0016214847564697266,0.0014806036949157715,2.4367151260375977,1000,616.18866,13260,13260000,0.0009280896186828613,410.4876796071505
0.0010874271392822266,0.0013891880512237548,2.3865227699279785,1000,259.30252,13265,13265000,0.0009697568416595459,419.1392239811003
0.0010602474212646484,0.0013826918601989747,2.2821948528289795,1000,499.08386,13270,13270000,0.0008732354640960693,438.280218610115
0.0017194747924804688,0.0014951863288879394,2.5060291290283203,1000,435.499,13275,13275000,0.0009830036163330077,399.1498363071362
0.00144195556640625,0.0014264986515045166,2.366765260696411,1000,543.0923,13279,13279000,0.0009145174026489258,422.61565418559684
0.0021126270294189453,0.001410801649093628,2.3895654678344727,1000,562.7881,13284,13284000,0.0009500710964202881,418.5838977835124
0.0011115074157714844,0.001552086591720581,2.5135879516601562,1000,740.2403,13289,13289000,0.0009336872100830078,397.9277002404186
0.0010030269622802734,0.001436403274536133,2.3656578063964844,1000,712.6056,13294,13294000,0.0009035875797271728,422.8201491356203
0.002761363983154297,0.0014759020805358886,2.4876604080200195,1000,888.49005,13299,13299000,0.0009825985431671143,402.0772292770765
0.0014727115631103516,0.0014213168621063233,2.406869649887085,1000,233.53625,13304,13304000,0.000957737922668457,415.56666889594
0.0028803348541259766,0.0012117171287536622,2.1507439613342285,1000,628.55927,13309,13309000,0.0009099278450012207,465.09516405946533
0.0012972354888916016,0.0013938975334167481,2.3711366653442383,1000,420.8803,13314,13314000,0.0009491465091705322,421.84016192499655
0.0010733604431152344,0.001606131076812744,2.603563070297241,1000,794.1226,13318,13318000,0.0009683024883270264,384.1811283646272
0.001192331314086914,0.0012979388236999511,2.217010259628296,1000,778.3014,13323,13323000,0.0008920853137969971,451.18381449664486
0.0011684894561767578,0.0015133616924285888,2.495927572250366,1000,570.4031,13328,13328000,0.0009550275802612305,400.792391497434
0.0015060901641845703,0.0018504805564880371,3.0121288299560547,1000,628.11035,13332,13332000,0.0011299979686737061,332.07254142807443
0.0012640953063964844,0.0015062463283538818,2.455368757247925,1000,848.41675,13337,13337000,0.0009227497577667237,407.3629646881534
0.0014204978942871094,0.0014884500503540038,2.5070865154266357,1000,443.73395,13342,13342000,0.0009872257709503175,398.96091246419934
0.0012738704681396484,0.0013395609855651855,2.2779488563537598,1000,464.05405,13347,13347000,0.0009121141433715821,439.10231546345756
0.0016629695892333984,0.001330254316329956,2.289979934692383,1000,389.58408,13352,13352000,0.0009328563213348389,436.79687595190916
0.001401662826538086,0.0012677254676818847,2.1955113410949707,1000,557.7289,13357,13357000,0.000900841236114502,455.60913698415567
0.0012221336364746094,0.0013326983451843262,2.2882192134857178,1000,764.0023,13362,13362000,0.0009288702011108398,437.12923830383636
0.0013153553009033203,0.0014462766647338867,2.429745674133301,1000,388.86276,13367,13367000,0.0009548001289367676,411.665887365227
0.001844644546508789,0.001369558334350586,2.26751708984375,1000,710.12744,13372,13372000,0.0008702273368835449,441.15336520191715
0.0019366741180419922,0.0014615340232849122,2.4479243755340576,1000,341.89313,13377,13377000,0.0009580409526824951,408.6081675183753
0.0009586811065673828,0.0014156620502471923,2.3656158447265625,1000,698.2164,13382,13382000,0.0009238755702972412,422.8469611614887
0.0010344982147216797,0.001481156349182129,2.4615061283111572,1000,337.5352,13387,13387000,0.0009495046138763428,406.3638909942473
0.0012400150299072266,0.0013964009284973145,2.35501766204834,1000,430.59476,13392,13392000,0.0009310867786407471,424.7321616814043
0.0013165473937988281,0.0013804044723510743,2.2414422035217285,1000,988.88525,13397,13397000,0.0008357536792755127,446.2567211615793
0.0009365081787109375,0.0014922399520874024,2.4689276218414307,1000,322.76443,13402,13402000,0.0009491972923278809,405.13050844347083
0.0015480518341064453,0.0014163374900817872,2.3987650871276855,1000,648.9545,13407,13407000,0.0009547767639160156,416.9792707527342
0.0009865760803222656,0.0015561811923980712,2.5555098056793213,1000,604.453,13412,13412000,0.0009730165004730224,391.3987721943366
0.0016694068908691406,0.0012802691459655761,2.1772797107696533,1000,611.69836,13417,13417000,0.000871089220046997,459.40250677142416
0.0017559528350830078,0.001526430368423462,2.4385616779327393,1000,991.1051,13422,13422000,0.0008850376605987549,410.17520663743295
0.0015912055969238281,0.0015181517601013184,2.468618869781494,1000,472.47363,13427,13427000,0.0009225699901580811,405.1805250774463
0.0016009807586669922,0.0014873888492584228,2.3907856941223145,1000,910.34143,13432,13432000,0.0008759899139404297,418.36165332042765
0.0019905567169189453,0.0013809998035430907,2.3530542850494385,1000,529.0011,13437,13437000,0.000943039894104004,425.08065711044344
0.0013990402221679688,0.0015990667343139648,2.5822739601135254,1000,823.4445,13441,13441000,0.0009549832344055175,387.35089018216087
0.0020148754119873047,0.001452951431274414,2.433823347091675,1000,450.3047,13446,13446000,0.0009525365829467774,410.9973508564519
0.0024013519287109375,0.0016844675540924072,2.7326278686523438,1000,991.7297,13451,13451000,0.0010177347660064698,366.04791249558076
0.0018374919891357422,0.0014081840515136718,2.359201669692993,1000,466.6852,13456,13456000,0.0009240553379058837,423.9851452195501
0.0018339157104492188,0.0013701939582824708,2.330747365951538,1000,331.3205,13461,13461000,0.0009332678318023682,429.1550974231176
0.0015568733215332031,0.0014272620677947998,2.3693408966064453,1000,640.23474,13466,13466000,0.0009158270359039307,422.15766516426066
0.0010166168212890625,0.0016292848587036134,2.608964204788208,1000,974.1643,13471,13471000,0.00095113205909729,383.37403378510726
0.0014069080352783203,0.001487818956375122,2.4584639072418213,1000,394.20276,13475,13475000,0.000942603588104248,406.8428845727611
0.0011563301086425781,0.0014223368167877197,2.3645920753479004,1000,390.91193,13480,13480000,0.0009150683879852294,423.011872318169
0.001293182373046875,0.0012957208156585693,2.2380247116088867,1000,420.66064,13485,13485000,0.0009156332015991211,446.9393374439395
0.0009696483612060547,0.0013594160079956055,2.3049604892730713,1000,688.766,13490,13490000,0.0009196336269378662,433.95172662815804
0.001009225845336914,0.0013879308700561525,2.335967779159546,1000,821.8425,13495,13495000,0.0009203612804412842,428.1985357774068
0.0014181137084960938,0.0013670082092285157,2.28493595123291,1000,591.68835,13500,13500000,0.0008908741474151612,437.7556390090699
0.001569509506225586,0.0014320731163024903,2.3883509635925293,1000,402.69244,13505,13505000,0.0009286167621612548,418.81687515957873
0.0017392635345458984,0.001258211374282837,2.155878782272339,1000,605.5771,13510,13510000,0.0008710358142852783,464.0031453460284
0.0026798248291015625,0.0014963879585266112,2.390512704849243,1000,7.4840755,13515,13515000,0.0008660833835601807,418.4343171081241
0.0012116432189941406,0.001555006980895996,2.548204183578491,1000,980.14734,13520,13520000,0.0009663016796112061,392.52655164494513
0.0015549659729003906,0.001436403274536133,2.416945695877075,1000,414.9186,13525,13525000,0.0009523582458496094,413.84457424360437
0.0009756088256835938,0.0015183687210083008,2.452988386154175,1000,992.65497,13530,13530000,0.0009076254367828369,407.76133088940554
0.001856088638305664,0.00161757493019104,2.622206926345825,1000,806.613,13535,13535000,0.0009749445915222168,381.4448271954633
0.0009119510650634766,0.0014755263328552245,2.428210973739624,1000,991.31256,13540,13540000,0.0009266209602355958,411.9851688230965
0.0015439987182617188,0.0014168634414672852,2.387728214263916,1000,427.13995,13545,13545000,0.0009434475898742676,418.9178540056241
0.0010218620300292969,0.0012742650508880615,2.1621670722961426,1000,454.4904,13550,13550000,0.000861954927444458,462.615511761373
0.0012428760528564453,0.0015360207557678222,2.55267071723938,1000,435.53683,13554,13554000,0.0009892666339874267,391.8539890068352
0.0010590553283691406,0.001329721689224243,2.2300329208374023,1000,784.51654,13559,13559000,0.0008745415210723877,448.53047406790967
0.0008788108825683594,0.0015630302429199218,2.489301919937134,1000,999.26794,13563,13563000,0.0009010341167449951,401.799671494619
0.0011088848114013672,0.001351895809173584,2.248619318008423,1000,594.52423,13568,13568000,0.0008711576461791992,444.8270910395579
0.001355886459350586,0.0014821679592132567,2.4354968070983887,1000,512.974,13572,13572000,0.0009257621765136718,410.69918181414045
0.0014815330505371094,0.0014765005111694336,2.434568166732788,1000,927.5162,13577,13577000,0.0009307646751403808,410.8502445772727
0.0017273426055908203,0.001620800256729126,2.6025547981262207,1000,957.2966,13582,13582000,0.000952831745147705,384.3295442872876
0.0014541149139404297,0.0013100929260253906,2.2310869693756104,1000,886.69714,13587,13587000,0.000894360065460205,448.3270031597601
0.001065969467163086,0.0015339522361755371,2.399705648422241,1000,997.5949,13592,13592000,0.0008392348289489746,416.816004972014
0.0011818408966064453,0.0012475578784942626,2.188974380493164,1000,970.8426,13597,13597000,0.0009154438972473145,456.94673197822243
0.0008983612060546875,0.0015844218730926513,2.5202715396881104,1000,739.0215,13602,13602000,0.0009092748165130615,396.8742128616909
0.0022258758544921875,0.0016909928321838378,2.674621343612671,1000,4.3900514,13606,13606000,0.0009529640674591065,373.9638723943009
0.0009951591491699219,0.0014126498699188232,2.386516571044922,1000,303.23282,13611,13611000,0.0009478914737701416,419.10597006856995
0.0012521743774414062,0.001418107271194458,2.336885452270508,1000,798.51465,13616,13616000,0.0008919222354888916,428.0298623586757
0.001909494400024414,0.0013605659008026124,2.2523622512817383,1000,618.66034,13621,13621000,0.0008638238906860351,444.0998819842986
0.0024995803833007812,0.001587656021118164,2.587319850921631,1000,612.97217,13626,13626000,0.0009711079597473144,386.58647683211564
0.0010411739349365234,0.0012882039546966552,2.2304039001464844,1000,418.75867,13631,13631000,0.0009158885478973388,448.46606638869633
0.0010044574737548828,0.001497406005859375,2.4675095081329346,1000,506.7702,13636,13636000,0.0009433197975158692,405.3658272574747
0.0013184547424316406,0.0016202130317687989,2.638746976852417,1000,330.26938,13640,13640000,0.0009899544715881348,379.0697792119246
0.0010967254638671875,0.0015082850456237793,2.4912731647491455,1000,692.20416,13645,13645000,0.0009561958312988281,401.4983590877363
0.0008952617645263672,0.0016599266529083252,2.6591036319732666,1000,999.147,13650,13650000,0.0009721252918243408,376.1495090411932
0.0012853145599365234,0.0015051445960998534,2.434121608734131,1000,946.9013,13655,13655000,0.0009004607200622559,410.92390532819167
0.0018513202667236328,0.0014206180572509765,2.3846518993377686,1000,794.90576,13660,13660000,0.0009373645782470703,419.4527148844318
0.000985860824584961,0.0014857337474822997,2.4464802742004395,1000,475.45688,13664,13664000,0.0009339871406555176,408.8485013191573
0.0012431144714355469,0.0016373965740203856,2.5962116718292236,1000,997.94824,13669,13669000,0.0009314866065979004,385.2527415579598
0.0011591911315917969,0.0013975281715393067,2.333991050720215,1000,340.1968,13674,13674000,0.0009094939231872558,428.55699256945843
0.0013463497161865234,0.0014911098480224609,2.453329086303711,1000,732.5958,13679,13679000,0.0009338605403900146,407.70092590198504
0.0014126300811767578,0.0013107025623321532,2.242006301879883,1000,534.7024,13684,13684000,0.0009057326316833496,446.1405206744126
0.0017571449279785156,0.0015225470066070556,2.4711499214172363,1000,975.5384,13688,13688000,0.0009195547103881836,404.7903865680326
0.0011029243469238281,0.001548933982849121,2.477663040161133,1000,986.3341,13692,13692000,0.0009014902114868164,403.7124220450662
0.00093841552734375,0.0015161783695220948,2.5304007530212402,1000,738.1328,13697,13697000,0.000988271951675415,395.2773342408158
0.0014193058013916016,0.001532224416732788,2.499131917953491,1000,615.32556,13701,13701000,0.0009390058517456055,400.2310369936869
0.0012483596801757812,0.0013970947265625,2.322375535964966,1000,563.55566,13706,13706000,0.0008958804607391357,430.69987764861486
0.0023653507232666016,0.0015143635272979736,2.4423787593841553,1000,965.16016,13711,13711000,0.0008995468616485596,409.5338506846648
0.002359151840209961,0.001787672996520996,2.889737844467163,1000,636.8816,13715,13715000,0.0010719089508056641,346.1243158062214
0.0014853477478027344,0.0013516089916229249,2.2363345623016357,1000,786.5717,13720,13720000,0.0008582563400268555,447.264997887002
0.001073598861694336,0.0015697836875915526,2.596580743789673,1000,562.9832,13725,13725000,0.0009999635219573974,385.20851412590594
0.0015795230865478516,0.001425525188446045,2.4012224674224854,1000,328.1698,13730,13730000,0.0009483175277709961,416.58003443041673
0.0024013519287109375,0.0018731839656829835,2.9785094261169434,1000,459.65173,13734,13734000,0.001073265552520752,335.82367156295294
0.0016617774963378906,0.0016661100387573241,2.7323970794677734,1000,597.62933,13738,13738000,0.0010364773273468018,366.0658350574884
0.002231597900390625,0.0017650177478790283,2.873561143875122,1000,550.2215,13743,13743000,0.0010791306495666504,348.07450080157554
0.0009145736694335938,0.0013283393383026123,2.2787909507751465,1000,474.0192,13748,13748000,0.0009246160984039307,438.9502085071678
0.0010676383972167969,0.0015577311515808105,2.6056816577911377,1000,830.1278,13753,13753000,0.0010193920135498048,383.85885268200786
0.00209808349609375,0.0016968209743499756,2.6837730407714844,1000,993.00574,13758,13758000,0.000958920955657959,372.697919662851
0.0012733936309814453,0.0014089608192443847,2.3707170486450195,1000,284.13202,13763,13763000,0.0009349374771118164,421.9154397485751
0.0010020732879638672,0.0013863461017608642,2.241647481918335,1000,967.7814,13768,13768000,0.0008299524784088134,446.2375401135174
0.002106189727783203,0.0015243604183197022,2.488450527191162,1000,656.513,13773,13773000,0.0009358789920806884,401.9611676537673
0.001070261001586914,0.0015512268543243408,2.4808764457702637,1000,995.9559,13778,13778000,0.000902766466140747,403.1607666304739
0.0017533302307128906,0.00177231764793396,2.771406412124634,1000,953.0989,13782,13782000,0.0009689366817474365,360.89782530507165
0.0014700889587402344,0.0016687924861907958,2.681563138961792,1000,700.48846,13787,13787000,0.000985605239868164,372.9956494109248
0.0010623931884765625,0.0014109437465667724,2.2946996688842773,1000,987.71765,13792,13792000,0.0008575835227966308,435.88592172850224
0.0011568069458007812,0.001507030725479126,2.4525232315063477,1000,991.63513,13797,13797000,0.0009193692207336426,407.8406296898516
0.002733945846557617,0.0013347208499908448,2.2950570583343506,1000,462.24634,13802,13802000,0.0009320194721221923,435.8327475371883
0.0019860267639160156,0.0017899744510650635,2.8164589405059814,1000,996.64746,13807,13807000,0.000996793031692505,355.1259657515399
0.0016717910766601562,0.001354722261428833,2.28800368309021,1000,613.903,13812,13812000,0.0009036648273468017,437.1647304716232
0.001924276351928711,0.0014777059555053712,2.4369776248931885,1000,685.41626,13817,13817000,0.000930755615234375,410.4390351878503
0.0009398460388183594,0.0013960213661193847,2.378375768661499,1000,381.90558,13822,13822000,0.0009544563293457032,420.5562290251002
0.002111673355102539,0.0017052557468414306,2.7581799030303955,1000,932.07135,13826,13826000,0.0010235016345977784,362.6487765986927
0.0016202926635742188,0.0012956109046936034,2.158630847930908,1000,525.13214,13831,13831000,0.000837555170059204,463.3918777069974
0.0009846687316894531,0.001515730619430542,2.510756015777588,1000,548.8131,13836,13836000,0.0009681768417358398,398.3802277916271
0.0009529590606689453,0.001475046396255493,2.4123799800872803,1000,985.5247,13841,13841000,0.0009090778827667236,414.90691880838347
0.0010652542114257812,0.0014238009452819825,2.361367702484131,1000,630.07166,13846,13846000,0.000911139726638794,423.5817125740823
0.001669168472290039,0.0015368325710296631,2.547821283340454,1000,717.3345,13851,13851000,0.0009816477298736572,392.58856985501484
0.0027222633361816406,0.001379101037979126,2.320573091506958,1000,1000.0,13856,13856000,0.0009127886295318603,431.05961243622704
0.0010683536529541016,0.0014611856937408448,2.4225375652313232,1000,671.7082,13860,13860000,0.0009345970153808594,412.89074732041615
0.0011463165283203125,0.0015304508209228517,2.5011942386627197,1000,618.85425,13865,13865000,0.0009430906772613525,399.91937355464034
0.0015878677368164062,0.0015862488746643066,2.6030328273773193,1000,669.1153,13869,13869000,0.000988769769668579,384.25352664935787
0.0010139942169189453,0.0013500916957855224,2.2553822994232178,1000,999.97595,13874,13874000,0.0008801088333129883,443.5106323808662
0.0017549991607666016,0.0014265108108520508,2.3578293323516846,1000,885.2842,13879,13879000,0.0009029009342193604,424.2241326995044
0.0010330677032470703,0.0013410654067993165,2.2512667179107666,1000,585.8704,13884,13884000,0.0008845047950744629,444.31610047129686
0.0019142627716064453,0.0013793365955352783,2.3469038009643555,1000,447.5856,13889,13889000,0.0009373869895935059,426.1812386749833
0.0009620189666748047,0.0013521559238433838,2.2576441764831543,1000,577.0109,13894,13894000,0.0008789410591125488,443.07697508321615
0.0015039443969726562,0.001504546880722046,2.4998488426208496,1000,701.74115,13899,13899000,0.0009657330513000488,400.1232908585323
0.0013232231140136719,0.0013649592399597168,2.3380684852600098,1000,516.9925,13904,13904000,0.0009459972381591797,427.8139709183064
0.0018658638000488281,0.0015982487201690674,2.5249061584472656,1000,993.457,13909,13909000,0.0008978726863861084,396.14525897890144
0.001630544662475586,0.0016276462078094482,2.5677928924560547,1000,995.33203,13914,13914000,0.0009117169380187988,389.5572418634273
0.0010445117950439453,0.0012115414142608643,2.115994691848755,1000,364.26288,13919,13919000,0.0008797345161437988,472.702560455673
0.0014202594757080078,0.0013395740985870362,2.2778310775756836,1000,705.1133,13924,13924000,0.0009105145931243896,439.130680592752
0.001956939697265625,0.0016593902111053467,2.7722132205963135,1000,352.65808,13929,13929000,0.0010834555625915526,360.7963714464047
0.0012803077697753906,0.0017826945781707763,2.8875272274017334,1000,544.35846,13933,13933000,0.0010744764804840087,346.39707904532156
0.0016145706176757812,0.001361689567565918,2.2867071628570557,1000,238.51898,13937,13937000,0.0008980443477630615,437.4341393330124
0.0014331340789794922,0.0014108669757843017,2.367896318435669,1000,933.528,13942,13942000,0.0009298336505889893,422.4191846994223
0.0016407966613769531,0.0015169279575347901,2.529834747314453,1000,316.64175,13947,13947000,0.0009827392101287842,395.37704443615957
0.001043558120727539,0.0017028176784515381,2.7327232360839844,1000,997.2483,13952,13952000,0.0010012540817260743,366.01782187359095
0.0017571449279785156,0.0013910531997680664,2.3442776203155518,1000,233.2472,13957,13957000,0.000922966480255127,426.68159774471275
0.002201557159423828,0.0015496175289154053,2.461851119995117,1000,8.372453,13962,13962000,0.0008845851421356201,406.2953192533891
0.0008840560913085938,0.0012619781494140625,2.166611671447754,1000,303.01987,13967,13967000,0.000880415678024292,461.6776948344498
0.0014612674713134766,0.0014721550941467286,2.431072950363159,1000,520.042,13972,13972000,0.0009320545196533204,411.43942351646325
0.0014750957489013672,0.0013814911842346192,2.257894277572632,1000,938.40955,13977,13977000,0.0008504140377044678,443.00177113931187
0.0012743473052978516,0.0014025092124938965,2.342120885848999,1000,792.4566,13982,13982000,0.0009135844707489014,427.07386915849025
0.0009407997131347656,0.0013123934268951417,2.1979897022247314,1000,682.6571,13987,13987000,0.0008608953952789307,455.0771877139801
0.0010716915130615234,0.0016257271766662597,2.6091816425323486,1000,999.88293,13992,13992000,0.0009565212726593017,383.34008136018286
0.0013532638549804688,0.0014066629409790038,2.3502941131591797,1000,208.64908,13997,13997000,0.0009165720939636231,425.5852133555479
0.0016126632690429688,0.0015126147270202637,2.432499885559082,1000,997.2914,14002,14002000,0.0008927302360534668,411.19337432551134
0.0017540454864501953,0.0013219058513641358,2.23652982711792,1000,765.79065,14007,14007000,0.0008867201805114746,447.2440609035296
0.0017766952514648438,0.0014659929275512695,2.4022092819213867,1000,702.59216,14012,14012000,0.0009081997871398926,416.38537376168085
0.0014870166778564453,0.0013923065662384032,2.354255437850952,1000,545.1103,14017,14017000,0.0009347958564758301,424.86695507038513
0.002583026885986328,0.0016567671298980712,2.6582822799682617,1000,995.7658,14022,14022000,0.0009707484245300293,376.26838963688067
0.001726388931274414,0.001623082160949707,2.651296615600586,1000,761.10785,14027,14027000,0.0009999918937683107,377.25699179053305
0.0016527175903320312,0.001378303050994873,2.2959909439086914,1000,483.33658,14031,14031000,0.000891521692276001,435.65067668971443
0.0023772716522216797,0.0013691773414611817,2.3258349895477295,1000,654.0896,14036,14036000,0.0009293441772460938,430.0462640464933
0.0009670257568359375,0.001521552801132202,2.4021003246307373,1000,989.1722,14041,14041000,0.0008547530174255371,416.4029837469661
0.0012664794921875,0.0014829957485198975,2.4834482669830322,1000,997.9262,14046,14046000,0.0009733047485351562,402.7613947094394
0.0012941360473632812,0.0013813138008117675,2.321770191192627,1000,529.927,14051,14051000,0.0009119794368743897,430.8065801192346
0.0011303424835205078,0.0015184497833251953,2.5030205249786377,1000,603.4066,14056,14056000,0.0009577605724334717,399.6095276622365
0.0017375946044921875,0.0013177924156188964,2.2845163345336914,1000,347.98904,14061,14061000,0.0009392561912536621,437.8533420800222
0.0010428428649902344,0.0016710669994354247,2.644758701324463,1000,902.1935,14066,14066000,0.0009430224895477295,378.1906054307986
0.0014643669128417969,0.001663919687271118,2.656385660171509,1000,747.12744,14071,14071000,0.000963822603225708,376.5362895783315
0.0012664794921875,0.0014191658496856688,2.352607011795044,1000,646.93933,14076,14076000,0.0009076023101806641,425.17058555856767
0.0010712146759033203,0.0013699464797973632,2.344330072402954,1000,264.2799,14081,14081000,0.0009465625286102294,426.6621094236766
0.0016469955444335938,0.00115972900390625,2.068650245666504,1000,397.19934,14086,14086000,0.0008834850788116455,483.52993229918764
0.000989675521850586,0.001976745843887329,3.1639082431793213,1000,353.56598,14090,14090000,0.0011570508480072022,316.1256804707504
0.0011568069458007812,0.0016974782943725585,2.7624826431274414,1000,411.85736,14094,14094000,0.001036243438720703,362.0669086371301
0.0011022090911865234,0.0015657048225402833,2.53554368019104,1000,835.7958,14099,14099000,0.0009419522285461425,394.4878040246878
0.0008614063262939453,0.001409186840057373,2.331117868423462,1000,434.65506,14104,14104000,0.0008962206840515137,429.07717039103346
0.0009944438934326172,0.0014532904624938966,2.39821195602417,1000,391.86493,14109,14109000,0.0009173741340637207,417.07049004617176
0.0013470649719238281,0.0013225622177124024,2.236623525619507,1000,509.47174,14114,14114000,0.000888906717300415,447.2437747624363
0.0010457038879394531,0.0012994236946105957,2.2797913551330566,1000,591.4657,14119,14119000,0.0009540917873382569,438.74927651889715
0.001949310302734375,0.0016208679676055907,2.6558640003204346,1000,390.29376,14124,14124000,0.001004000425338745,376.60519246506595
0.0009622573852539062,0.001391322135925293,2.3095176219940186,1000,661.14404,14128,14128000,0.0008923664093017579,433.0944877800106
0.0010595321655273438,0.001352238178253174,2.256746768951416,1000,973.4054,14133,14133000,0.0008795280456542968,443.2461485346091
0.001001596450805664,0.0014987387657165528,2.4542112350463867,1000,857.1228,14138,14138000,0.0009297733306884766,407.55751595665396
0.0011785030364990234,0.0013980343341827392,2.336038827896118,1000,767.7015,14143,14143000,0.0009114239215850831,428.1872576052857
0.0017383098602294922,0.0015013649463653563,2.483482837677002,1000,955.6033,14148,14148000,0.0009514939785003662,402.7417871931825
0.0014269351959228516,0.0013576450347900391,2.258615255355835,1000,990.0756,14153,14153000,0.0008747148513793946,442.8721545889802
0.002114534378051758,0.0014935743808746338,2.5083391666412354,1000,465.6916,14157,14157000,0.0009866583347320557,398.76265140640163
0.0012044906616210938,0.0016789157390594482,2.6524462699890137,1000,989.41626,14162,14162000,0.0009455583095550537,377.0887620949152
0.0009331703186035156,0.0013818016052246094,2.3320469856262207,1000,522.0431,14167,14167000,0.000923781156539917,428.927761385371
0.0015985965728759766,0.0018245553970336914,2.8821780681610107,1000,830.32654,14171,14171000,0.0010269341468811036,347.03426355052375
0.0009806156158447266,0.00157485032081604,2.539123773574829,1000,492.0944,14176,14176000,0.0009356367588043212,393.92446083266816
0.001107931137084961,0.0016239266395568848,2.588883638381958,1000,996.4197,14181,14181000,0.0009369018077850341,386.35298257346415
0.001344442367553711,0.0015421123504638671,2.4725019931793213,1000,762.0368,14186,14186000,0.0009030265808105469,404.54414632132637
0.0011494159698486328,0.0015043885707855225,2.4417545795440674,1000,804.38,14191,14191000,0.0009117112159729004,409.6602488608188
0.0011260509490966797,0.0017360262870788573,2.726353168487549,1000,5.439133,14195,14195000,0.0009634599685668945,366.88206523711995
0.0013022422790527344,0.00148233699798584,2.4835853576660156,1000,653.90173,14200,14200000,0.0009737944602966308,402.8072690590186
0.0015561580657958984,0.0018870515823364259,3.0501792430877686,1000,865.9508,14204,14204000,0.0011302597522735596,327.923354996024
0.0015561580657958984,0.001812295436859131,2.9668939113616943,1000,269.0269,14208,14208000,0.0011232824325561523,337.1301261726962
0.0021941661834716797,0.001937403917312622,3.116082191467285,1000,264.1194,14212,14212000,0.0011468019485473633,320.9851033605791
0.00151824951171875,0.002078590154647827,3.26941180229187,1000,668.46484,14215,14215000,0.0011586887836456299,305.93627256435593
0.0017504692077636719,0.0013398733139038087,2.2886860370635986,1000,414.0061,14219,14219000,0.0009206323623657226,437.0581801691253
0.0019273757934570312,0.0013973889350891112,2.3576927185058594,1000,446.4548,14224,14224000,0.0009329032897949219,424.2605211815477
0.001054525375366211,0.00146868896484375,2.4103729724884033,1000,571.1134,14229,14229000,0.0009147708415985108,414.97764833559427
0.001508951187133789,0.001517361879348755,2.5119588375091553,1000,747.0199,14234,14234000,0.0009661457538604737,398.1886293772417
0.0015177726745605469,0.001273188829421997,2.2041823863983154,1000,481.9795,14239,14239000,0.0009035530090332031,453.8010658250569
0.0009951591491699219,0.0015418469905853272,2.5353498458862305,1000,430.02924,14244,14244000,0.0009666407108306885,394.5242052780578
0.0008380413055419922,0.001579631805419922,2.5129220485687256,1000,993.0845,14249,14249000,0.0009059998989105225,398.0362689717819
0.0014541149139404297,0.001188786506652832,2.0305590629577637,1000,784.01575,14254,14254000,0.0008151063919067383,492.63774886739117
0.0012602806091308594,0.0013756747245788573,2.3510420322418213,1000,998.2405,14259,14259000,0.0009468822479248047,425.44996390429264
0.0009431838989257812,0.001473424196243286,2.4579997062683105,1000,485.27542,14264,14264000,0.0009573690891265869,406.9127861086124
0.0017194747924804688,0.0016931283473968506,2.6423842906951904,1000,996.744,14269,14269000,0.0009204995632171631,378.5403229038021
0.0017406940460205078,0.0016248323917388916,2.6029388904571533,1000,969.27,14274,14274000,0.0009490325450897217,384.26947412860113
0.0018248558044433594,0.0015073754787445067,2.531271457672119,1000,588.0159,14278,14278000,0.0009943745136260986,395.1603618630244
0.0016019344329833984,0.0014493083953857422,2.4258856773376465,1000,593.79626,14283,14283000,0.0009495160579681397,412.32095591759094
0.001377105712890625,0.0013233821392059327,2.2211873531341553,1000,411.6735,14288,14288000,0.0008720893859863281,450.32557123802746
0.000978708267211914,0.0016911461353302,2.714895009994507,1000,984.0962,14292,14292000,0.0009936122894287109,368.416406499856
0.001615762710571289,0.0013423361778259278,2.3128597736358643,1000,541.7498,14297,14297000,0.0009438879489898682,432.4738992975953
0.0016863346099853516,0.0014489822387695312,2.368483781814575,1000,998.6133,14302,14302000,0.0008920485973358155,422.3052004213483
0.0013604164123535156,0.0013671617507934571,2.294442653656006,1000,499.57382,14307,14307000,0.0009007360935211181,435.939652614331
0.0013904571533203125,0.0014245390892028808,2.418843984603882,1000,298.85913,14312,14312000,0.0009669880867004395,413.5292955988745
0.001346588134765625,0.0014934632778167724,2.4555277824401855,1000,716.2396,14317,14317000,0.0009351587295532227,407.35754445498753
0.0011777877807617188,0.0014409980773925782,2.405712842941284,1000,393.40234,14322,14322000,0.000936739444732666,415.77824546961943
0.0017199516296386719,0.0014301500320434571,2.390214681625366,1000,540.8123,14327,14327000,0.0009332962036132812,418.4690928000198
0.001422882080078125,0.0016022534370422363,2.606009006500244,1000,986.6678,14332,14332000,0.000974135160446167,383.8188784388031
0.0012054443359375,0.0018715322017669677,2.917891025543213,1000,1000.0,14337,14337000,0.0010149703025817871,342.78447660097515
0.0015091896057128906,0.0013714683055877685,2.311297655105591,1000,473.6111,14342,14342000,0.0009116461277008057,432.7656404446618
0.0010836124420166016,0.0014111528396606446,2.3661015033721924,1000,486.50018,14347,14347000,0.00092923903465271,422.73653791573133
0.0009596347808837891,0.001408367872238159,2.333040714263916,1000,679.7348,14352,14352000,0.0008992102146148682,428.72800998861817
0.0020341873168945312,0.0016329441070556641,2.6526381969451904,1000,483.2058,14357,14357000,0.0009902236461639404,377.08730430798664
0.0010557174682617188,0.0016972770690917968,2.7176573276519775,1000,998.80194,14361,14361000,0.0009923896789550781,368.0488323457253
0.0010373592376708984,0.0015433688163757325,2.5607688426971436,1000,720.3073,14365,14365000,0.000990206241607666,390.62897416848114
0.0015349388122558594,0.001669234275817871,2.715989112854004,1000,475.3143,14369,14369000,0.001017974853515625,368.2777606998491
0.0012443065643310547,0.0016030387878417968,2.573570728302002,1000,849.6015,14373,14373000,0.0009433219432830811,388.6532593172726
0.0018351078033447266,0.001551614999771118,2.5562610626220703,1000,679.52185,14378,14378000,0.0009758377075195313,391.29817427944874
0.0011746883392333984,0.0013069515228271485,2.245551586151123,1000,367.34625,14383,14383000,0.0009130849838256836,445.43938284460506
0.002176523208618164,0.001731464147567749,2.804969310760498,1000,960.12805,14388,14388000,0.0010437018871307373,356.5853063835366
0.0017766952514648438,0.002075695514678955,3.2542428970336914,1000,95.37664,14392,14392000,0.0011457595825195312,307.34754332872245
0.0011434555053710938,0.0014511587619781493,2.385668992996216,1000,873.1127,14396,14396000,0.000908226728439331,419.2749747668539
0.0009734630584716797,0.001531080722808838,2.4573895931243896,1000,964.4475,14400,14400000,0.000900846004486084,407.0276962562959
0.0013117790222167969,0.001467616081237793,2.434906005859375,1000,391.44186,14405,14405000,0.0009377121925354004,410.7967665174559
0.0017330646514892578,0.001516364336013794,2.500619411468506,1000,769.40027,14409,14409000,0.0009552736282348633,399.9923707509851
0.0039844512939453125,0.0013667943477630616,2.370903253555298,1000,195.05078,14414,14414000,0.0009735465049743652,421.889339828255
0.002103567123413086,0.0015056579113006592,2.5017812252044678,1000,681.1932,14419,14419000,0.000967238426208496,399.8244103041219
0.001844167709350586,0.0015303525924682617,2.5020194053649902,1000,787.96246,14424,14424000,0.0009437103271484375,399.7762787624571
0.0009250640869140625,0.0018242766857147217,2.8326549530029297,1000,982.49493,14428,14428000,0.000980043411254883,353.1051724222118
0.001355886459350586,0.00155269193649292,2.515284299850464,1000,999.30865,14432,14432000,0.000934870719909668,397.6522960006227
0.0014564990997314453,0.0015379369258880615,2.484174966812134,1000,911.3263,14436,14436000,0.0009197258949279785,402.65193416839634
0.000988006591796875,0.001478299617767334,2.374180316925049,1000,985.27893,14441,14441000,0.0008703973293304443,421.3189622482779
0.0012025833129882812,0.001559952735900879,2.562220573425293,1000,939.3045,14446,14446000,0.0009745678901672363,390.37233274213986
0.0012030601501464844,0.0016372444629669189,2.579521417617798,1000,996.8296,14451,14451000,0.0009124283790588379,387.75080985880663
0.0013573169708251953,0.0016371128559112549,2.622903823852539,1000,999.74963,14455,14455000,0.0009582390785217286,381.3366252827314
0.0019767284393310547,0.0015869913101196288,2.633829355239868,1000,237.57797,14460,14460000,0.001017728567123413,379.7612602958863
0.0010063648223876953,0.0015515282154083252,2.583970546722412,1000,604.69867,14464,14464000,0.0010045986175537109,387.08846222211065
0.0010178089141845703,0.0014018681049346924,2.378704786300659,1000,385.27765,14468,14468000,0.0009510190486907959,420.48927609506256
0.0010955333709716797,0.0014827215671539306,2.4718308448791504,1000,470.393,14473,14473000,0.0009621219635009765,404.66447651702725
0.0012254714965820312,0.0016512277126312256,2.65669322013855,1000,691.65137,14477,14477000,0.0009763977527618409,376.49714990591843
0.001325845718383789,0.0014235024452209472,2.390489101409912,1000,513.6369,14482,14482000,0.0009403948783874512,418.4195402327517
0.0014028549194335938,0.002117278814315796,3.3452134132385254,1000,641.8943,14486,14486000,0.0011926968097686768,298.9954722649048
0.0013942718505859375,0.00241837477684021,3.625810384750366,1000,994.1363,14490,14490000,0.0011758856773376465,275.8539408607808
0.002176523208618164,0.002229438304901123,3.4793479442596436,1000,973.2657,14493,14493000,0.0012151143550872803,287.4607194618939
0.0014052391052246094,0.0016932578086853026,2.6863346099853516,1000,980.6133,14497,14497000,0.0009648358821868897,372.3383818782178
0.001562356948852539,0.0016205737590789795,2.628763198852539,1000,720.47205,14502,14502000,0.0009801044464111328,380.50062051397424
0.0014829635620117188,0.0014220120906829833,2.3658647537231445,1000,541.05804,14507,14507000,0.0009168856143951416,422.7894622777971
0.0019481182098388672,0.0014797766208648681,2.4174585342407227,1000,569.13165,14512,14512000,0.0009094243049621582,413.75990327756165
0.0016789436340332031,0.0015420060157775878,2.5402672290802,1000,525.9779,14517,14517000,0.0009710273742675782,393.74795348515846
0.0014767646789550781,0.0017526278495788574,2.8431742191314697,1000,588.3329,14521,14521000,0.001060595989227295,351.79532196458666
0.0018622875213623047,0.001481576681137085,2.4517691135406494,1000,798.82996,14525,14525000,0.0009428567886352539,407.9615403993687
0.0011186599731445312,0.0016093990802764893,2.5922534465789795,1000,693.34546,14530,14530000,0.0009537153244018555,385.8570193334946
0.0018744468688964844,0.001473369836807251,2.477062940597534,1000,225.85928,14535,14535000,0.0009753439426422119,403.8004942683548
0.0013661384582519531,0.0016237266063690186,2.6027305126190186,1000,909.94275,14540,14540000,0.0009505870342254639,384.3009153102121
0.0010232925415039062,0.001429478883743286,2.342261791229248,1000,555.9329,14545,14545000,0.0008876674175262451,427.04695322963175
0.0011928081512451172,0.001522581100463867,2.508159875869751,1000,638.1286,14550,14550000,0.0009582736492156983,398.78649906043813
0.0012340545654296875,0.0015660991668701172,2.5672945976257324,1000,510.96588,14555,14555000,0.0009743630886077881,389.6000127070622
0.0012593269348144531,0.001552537202835083,2.5418527126312256,1000,633.5765,14560,14560000,0.0009590694904327392,393.5042910812534
0.00189971923828125,0.0016561944484710692,2.7025399208068848,1000,588.54846,14565,14565000,0.0010164005756378173,370.09558521380296
0.0009903907775878906,0.0014553961753845214,2.4732627868652344,1000,531.9944,14569,14569000,0.0009910552501678467,404.41725855248205
0.0016751289367675781,0.001599379539489746,2.5878701210021973,1000,968.0955,14573,14573000,0.000958298921585083,386.501906291231
0.0012793540954589844,0.0015595371723175048,2.571713447570801,1000,516.33606,14578,14578000,0.0009844727516174316,388.9603724104457
0.0009026527404785156,0.0014518725872039796,2.3294548988342285,1000,923.1078,14583,14583000,0.0008514153957366943,429.38860886126696
0.0012621879577636719,0.0014752829074859619,2.4442694187164307,1000,455.66003,14588,14588000,0.0009426596164703369,409.2071371713348
0.0009477138519287109,0.0016589748859405517,2.6279499530792236,1000,999.1892,14593,14593000,0.0009417986869812012,380.6267580818564
0.0012297630310058594,0.0013398196697235107,2.2761857509613037,1000,572.8965,14597,14597000,0.0009092390537261963,439.4366315233642
0.0018091201782226562,0.0014561901092529296,2.4678585529327393,1000,393.79593,14602,14602000,0.0009840655326843262,405.3197208347744
0.0024695396423339844,0.0013537108898162842,2.2846851348876953,1000,498.98297,14607,14607000,0.0009031960964202881,437.8137620549242
0.003345012664794922,0.001422717809677124,2.340296506881714,1000,468.03696,14611,14611000,0.0008864552974700928,427.4048339101284
0.0009260177612304688,0.0014810616970062256,2.43998384475708,1000,482.0651,14616,14616000,0.0009323742389678955,409.9327500994948
0.004122734069824219,0.0015786657333374025,2.618621826171875,1000,985.42334,14621,14621000,0.0010095105171203614,381.99253410816766
0.0018391609191894531,0.0017075703144073487,2.702622652053833,1000,958.9352,14625,14625000,0.000966017484664917,370.0917318022964
0.0030422210693359375,0.0014833920001983642,2.426527976989746,1000,733.23224,14630,14630000,0.000914501428604126,412.2098438286074
0.0010199546813964844,0.0013824138641357422,2.3449459075927734,1000,470.74756,14635,14635000,0.0009359202384948731,426.55567124358714
0.0015952587127685547,0.0016225147247314452,2.6618340015411377,1000,934.1416,14640,14640000,0.001010202169418335,375.76924531043693
0.0010707378387451172,0.00155791974067688,2.513209104537964,1000,639.8233,14645,14645000,0.0009284157752990723,397.99287213598035
0.0010654926300048828,0.0015329844951629638,2.513051986694336,1000,537.4123,14650,14650000,0.0009536123275756835,398.0206314233587
0.0009706020355224609,0.0013465561866760254,2.300304889678955,1000,986.31055,14655,14655000,0.0009279205799102784,434.8709271389972
0.0016140937805175781,0.001539527177810669,2.54374098777771,1000,630.9275,14659,14659000,0.0009740960597991944,393.217867784872
0.002048015594482422,0.0014489753246307374,2.4313852787017822,1000,288.37018,14664,14664000,0.0009536330699920655,411.39103748458007
0.0012428760528564453,0.00132448148727417,2.252977132797241,1000,589.386,14669,14669000,0.0009015495777130127,443.97230084617485
0.0020415782928466797,0.0014336552619934081,2.3784945011138916,1000,613.6421,14674,14674000,0.0009169399738311768,420.53341709971085
0.0010950565338134766,0.001429628849029541,2.4027516841888428,1000,206.92548,14679,14679000,0.0009465706348419189,416.3216430271874
0.0012936592102050781,0.0013661658763885498,2.308028221130371,1000,997.6133,14684,14684000,0.0009145421981811523,433.3907391504401
0.001645803451538086,0.0017803823947906494,2.826918840408325,1000,979.38055,14688,14688000,0.0010176174640655518,353.8140012965491
0.002678394317626953,0.0014252500534057617,2.408632278442383,1000,388.2031,14693,14693000,0.0009546873569488525,415.28432587575423
0.0010640621185302734,0.0013864760398864745,2.4010062217712402,1000,335.46368,14698,14698000,0.000987921714782715,416.61272316938846
0.0012536048889160156,0.001418450117111206,2.3718180656433105,1000,510.22656,14702,14702000,0.0009256851673126221,421.7176277257333
0.0010309219360351562,0.0014759902954101563,2.4549410343170166,1000,855.07556,14706,14706000,0.0009520266056060791,407.4491143238389
0.002496957778930664,0.0013310353755950927,2.275787591934204,1000,619.54443,14711,14711000,0.000916978120803833,439.52311112023955
0.0019178390502929688,0.0013405697345733642,2.315279483795166,1000,553.87854,14716,14716000,0.0009478709697723389,432.03128363733674
0.002095937728881836,0.0015461153984069824,2.482956886291504,1000,543.8782,14721,14721000,0.0009087169170379639,402.8372129296571
0.0009558200836181641,0.001506948947906494,2.5048635005950928,1000,299.84488,14725,14725000,0.0009719233512878418,399.31673613741134
0.0010342597961425781,0.0014344358444213867,2.3541266918182373,1000,909.8976,14730,14730000,0.0008938922882080078,424.8985468692241
0.0012965202331542969,0.0014558074474334717,2.35298228263855,1000,1000.0,14734,14734000,0.0008691232204437256,425.094141798249
0.0009796619415283203,0.00146565580368042,2.420846462249756,1000,698.6223,14739,14739000,0.0009283277988433838,413.16890783553407
0.0011167526245117188,0.0014715728759765625,2.4977915287017822,1000,681.8009,14743,14743000,0.0009993014335632324,400.44746808849266
0.0010194778442382812,0.0013223369121551515,2.2153267860412598,1000,246.90865,14748,14748000,0.0008681600093841553,451.5179279132933
0.0026984214782714844,0.0013045923709869385,2.205444574356079,1000,352.0102,14753,14753000,0.0008723125457763672,453.5323108077978
0.0010907649993896484,0.0013729205131530762,2.2893269062042236,1000,628.3273,14758,14758000,0.0008908560276031495,436.9224595930707
0.0017747879028320312,0.001712350368499756,2.771034002304077,1000,975.9421,14762,14762000,0.001028573989868164,360.9610299638764
0.002061605453491211,0.0016212198734283448,2.643855571746826,1000,726.8142,14767,14767000,0.0009937779903411866,378.3216993260427
0.002006053924560547,0.001443408489227295,2.3905489444732666,1000,462.47772,14771,14771000,0.000918736457824707,418.410190432668
0.0014455318450927734,0.001642397403717041,2.6545896530151367,1000,601.9267,14775,14775000,0.0009831106662750244,376.7967179916915
0.0016455650329589844,0.0015161631107330322,2.512800455093384,1000,622.888,14780,14780000,0.0009671685695648194,398.0646387720833
0.0016837120056152344,0.0016006717681884765,2.6154794692993164,1000,697.94934,14785,14785000,0.0009869966506958008,382.4228442155625
0.0014216899871826172,0.001377432107925415,2.365896224975586,1000,316.245,14790,14790000,0.0009588642120361328,422.7685807133123
0.0028905868530273438,0.001516768217086792,2.49151611328125,1000,844.8393,14795,14795000,0.0009460813999176025,401.4543193602771
0.0015439987182617188,0.0013106462955474853,2.2548158168792725,1000,751.9686,14800,14800000,0.0009173498153686523,443.62997130470006
0.0018546581268310547,0.0013238916397094727,2.2902767658233643,1000,469.362,14805,14805000,0.0009370160102844239,436.72583487566345
0.0014202594757080078,0.0014633002281188964,2.415283203125,1000,798.93384,14809,14809000,0.0009251372814178466,414.13571628092006
0.0009272098541259766,0.0014575576782226562,2.4373648166656494,1000,671.5528,14814,14814000,0.0009535310268402099,410.38152833829344
0.0017817020416259766,0.0014775426387786865,2.4707229137420654,1000,620.55365,14819,14819000,0.0009656412601470948,404.8411789193995
0.0012505054473876953,0.0015232093334197998,2.498811960220337,1000,578.81946,14824,14824000,0.0009476983547210693,400.29956347222964
0.0019745826721191406,0.0017643375396728515,2.828855514526367,1000,848.3953,14829,14829000,0.0010322659015655517,353.5923227637349
0.0011904239654541016,0.001510453701019287,2.485013484954834,1000,553.7523,14833,14833000,0.0009468898773193359,402.5069934599753
0.002745389938354492,0.0014050498008728028,2.381072759628296,1000,474.4802,14837,14837000,0.000947035551071167,420.0869539002507
0.0010457038879394531,0.00140551495552063,2.3709516525268555,1000,464.93536,14842,14842000,0.0009398148059844971,421.9615787261467
0.001079559326171875,0.0017400615215301513,2.7484195232391357,1000,1000.0,14847,14847000,0.0009813623428344726,363.9355747097165
0.0010638236999511719,0.0015485751628875732,2.4947381019592285,1000,982.93335,14851,14851000,0.0009177346229553222,400.9370962481355
0.0011036396026611328,0.001538616418838501,2.5375351905822754,1000,454.08206,14856,14856000,0.0009718842506408692,394.1895002445414
0.0014727115631103516,0.0015308737754821777,2.453472852706909,1000,961.452,14860,14860000,0.0008956232070922852,407.68903726458734
0.0012240409851074219,0.0015611593723297119,2.578899621963501,1000,738.1108,14864,14864000,0.0009895846843719482,387.8526044994669
0.0010483264923095703,0.0013507022857666016,2.2584469318389893,1000,633.05786,14869,14869000,0.0008825144767761231,442.88791408048127
0.0012853145599365234,0.001335970640182495,2.240177631378174,1000,655.5181,14874,14874000,0.0008771276473999024,446.52153107246295
0.0035822391510009766,0.0013496417999267578,2.325446844100952,1000,502.92648,14879,14879000,0.0009460482597351075,430.13614452839613
0.003024578094482422,0.0013225317001342774,2.2785401344299316,1000,572.5692,14884,14884000,0.0009280781745910644,438.99206187392696
0.0020029544830322266,0.0014408843517303466,2.4186441898345947,1000,140.62202,14888,14888000,0.0009498558044433594,413.5549014486486
0.0021049976348876953,0.0015931499004364013,2.6149954795837402,1000,847.91345,14892,14892000,0.0009923813343048096,382.49817405469656
0.0009613037109375,0.0017478530406951904,2.7942821979522705,1000,999.98987,14896,14896000,0.0010186946392059327,357.95413910588275
0.002123594284057617,0.0021568603515625,3.374300003051758,1000,684.20715,14900,14900000,0.0011842474937438965,296.4157983964601
0.001390695571899414,0.001668196678161621,2.6224982738494873,1000,7.1383195,14905,14905000,0.000927004337310791,381.39727321623997
0.0013628005981445312,0.0013533387184143067,2.319035530090332,1000,985.38904,14910,14910000,0.0009392504692077637,431.3252283523645
0.0020089149475097656,0.0014067747592926025,2.324887275695801,1000,680.0996,14915,14915000,0.0008912312984466552,430.22910757727897
0.0009722709655761719,0.0016882669925689696,2.7398183345794678,1000,981.12274,14919,14919000,0.0010246083736419678,365.06451747391225
0.0017788410186767578,0.0013930294513702392,2.330423355102539,1000,524.08777,14924,14924000,0.0009102048873901367,429.2132428373708
0.0025131702423095703,0.0016095821857452393,2.6802103519439697,1000,474.9964,14929,14929000,0.0010408461093902588,373.19437818168745
0.001116037368774414,0.0013785891532897949,2.3339877128601074,1000,573.14935,14934,14934000,0.0009295308589935303,428.55751802871293
0.0016148090362548828,0.001990746021270752,3.1873929500579834,1000,681.71985,14938,14938000,0.0011635212898254395,313.7966083992939
0.004967927932739258,0.002003028631210327,3.20439076423645,1000,507.99347,14942,14942000,0.0011631586551666259,312.1268414167507
0.0017085075378417969,0.0020211191177368164,3.2193312644958496,1000,501.93036,14946,14946000,0.001165693759918213,310.6875972263549
0.0016262531280517578,0.0021353373527526857,3.327089786529541,1000,985.9785,14950,14950000,0.0011591176986694336,300.6283996984186
0.0022001266479492188,0.0018981544971466064,3.070651054382324,1000,827.5822,14954,14954000,0.0011402096748352052,325.76058301481294
0.0015647411346435547,0.002234394311904907,3.437936782836914,1000,986.6205,14958,14958000,0.0011710450649261475,290.92218631390085
0.0019702911376953125,0.001574458122253418,2.502682685852051,1000,988.6039,14962,14962000,0.0008989975452423095,399.69159081828013
0.0018830299377441406,0.0016974775791168213,2.7058839797973633,1000,856.236,14967,14967000,0.0009781091213226319,369.6500688130316
0.0015437602996826172,0.002201392650604248,3.41196346282959,1000,760.90955,14971,14971000,0.001178495168685913,293.1397753946075
0.0016107559204101562,0.0022081825733184816,3.4419105052948,1000,559.3906,14975,14975000,0.0012004015445709229,290.59191305432853
0.0019025802612304688,0.00156588077545166,2.5120160579681396,1000,996.462,14979,14979000,0.000918635606765747,398.1832615282028
0.001079559326171875,0.0013324096202850342,2.285153388977051,1000,417.07172,14983,14983000,0.0009268603324890137,437.7324763415648
0.0017199516296386719,0.0015191974639892577,2.5338730812072754,1000,691.6372,14987,14987000,0.0009856648445129394,394.74368272362057
0.0010752677917480469,0.001714047908782959,2.6345129013061523,1000,718.3087,14992,14992000,0.0008942246437072754,379.6578945558071
0.0022978782653808594,0.0016461453437805176,2.657686948776245,1000,746.19403,14997,14997000,0.000981630802154541,376.34705476834574
0.0024747848510742188,0.001654526948928833,2.6349101066589355,1000,1000.0,15001,15001000,0.0009512789249420166,379.6015775583215
0.0013637542724609375,0.0016312475204467774,2.6669962406158447,1000,360.07367,15006,15006000,0.001004971981048584,375.03325116402544
0.0018069744110107422,0.0015826327800750732,2.618833541870117,1000,472.66846,15011,15011000,0.0010079336166381836,381.9296100293238
0.0012919902801513672,0.0016103119850158691,2.549800157546997,1000,866.9119,15016,15016000,0.0009125499725341797,392.2767301456098
0.0010805130004882812,0.0015048046112060547,2.5056114196777344,1000,569.0127,15021,15021000,0.0009742321968078614,399.1936757990433
0.0011353492736816406,0.0014386346340179443,2.400580406188965,1000,331.76715,15026,15026000,0.0009349682331085205,416.66714681574734
0.0017080307006835938,0.0019195542335510255,3.0812318325042725,1000,306.1676,15030,15030000,0.0011316030025482178,324.60879503794723
0.0017347335815429688,0.0012594990730285644,2.200352191925049,1000,982.46484,15034,15034000,0.0009138233661651611,454.60032699803986
0.0017352104187011719,0.0021139254570007324,3.164919376373291,1000,929.4865,15038,15038000,0.0010213754177093505,316.0221883636014
0.002295970916748047,0.0018430490493774414,2.915126085281372,1000,505.19138,15042,15042000,0.0010416998863220215,343.1092475883066
0.00151824951171875,0.0017325775623321534,2.72851300239563,1000,979.41125,15046,15046000,0.0009674644470214844,366.5741150136005
0.001577138900756836,0.002153120279312134,3.367764949798584,1000,764.19824,15050,15050000,0.001181464672088623,296.9875228256322
0.0010390281677246094,0.001561901330947876,2.576951503753662,1000,670.3119,15054,15054000,0.000986949920654297,388.143869339921
0.0016732215881347656,0.0016247224807739258,2.544827938079834,1000,991.0286,15058,15058000,0.0008934280872344971,393.0477387196025
0.0009872913360595703,0.0020688109397888183,3.2748541831970215,1000,567.9418,15062,15062000,0.0011748187541961669,305.40935868391944
0.001064300537109375,0.0016762781143188476,2.6910014152526855,1000,968.2964,15066,15066000,0.0009883229732513428,371.6892895666208
0.001491546630859375,0.0014225890636444091,2.379983425140381,1000,540.57355,15071,15071000,0.0009314014911651612,420.27102610641805
0.0011899471282958984,0.001391188383102417,2.3537356853485107,1000,596.3606,15076,15076000,0.0009369173049926758,424.96738505333695
0.001802206039428711,0.0018935995101928712,3.044964075088501,1000,585.4758,15080,15080000,0.0011194972991943359,328.4799513314769
0.001417398452758789,0.001393268346786499,2.398331880569458,1000,537.6815,15085,15085000,0.000976844310760498,417.059624564165
0.0013933181762695312,0.001486334800720215,2.5143115520477295,1000,444.13416,15090,15090000,0.0010006444454193114,397.82613355631736
0.0013003349304199219,0.0017384879589080811,2.7939321994781494,1000,514.87286,15095,15095000,0.0010272393226623535,357.9954764737458
0.0018625259399414062,0.0018799688816070557,3.064497947692871,1000,806.24896,15099,15099000,0.0011536369323730468,326.38085122111596
0.0014007091522216797,0.002044420003890991,3.112973213195801,1000,767.2216,15103,15103000,0.001038127899169922,321.29658979956497
0.0011820793151855469,0.0017193734645843505,2.751222848892212,1000,447.16055,15107,15107000,0.0010045289993286133,363.556524738211
0.001055002212524414,0.0012581257820129396,2.1420836448669434,1000,660.19666,15112,15112000,0.0008588013648986817,466.97603163717014
0.000978231430053711,0.0014509243965148927,2.421363592147827,1000,995.4298,15117,15117000,0.0009442367553710938,413.0876864275173
0.001035451889038086,0.0014619545936584472,2.457300901412964,1000,201.56795,15122,15122000,0.0009683587551116943,407.06277454607635
0.001585245132446289,0.0014243330955505372,2.3267598152160645,1000,981.797,15126,15126000,0.0008756606578826904,429.89578293988865
0.0018749237060546875,0.0013853087425231933,2.381025552749634,1000,578.8009,15131,15131000,0.0009684021472930909,420.08834236180707
0.0013775825500488281,0.0014700040817260743,2.44075083732605,1000,666.3339,15136,15136000,0.0009442479610443116,409.80798555673226
0.0015320777893066406,0.0014301848411560059,2.3805923461914062,1000,572.49475,15141,15141000,0.0009242105484008789,420.16455352437316
0.0019326210021972656,0.0013833508491516114,2.3447771072387695,1000,244.82254,15146,15146000,0.0009352192878723145,426.5738917052749
0.0013613700866699219,0.0015735602378845214,2.516148805618286,1000,994.35126,15150,15150000,0.0009158256053924561,397.5162060937073
0.0011615753173828125,0.0013623390197753907,2.293379545211792,1000,998.4287,15155,15155000,0.0009041337966918945,436.14414132624796
0.0014078617095947266,0.0013237433433532714,2.2676186561584473,1000,745.2302,15160,15160000,0.0009165923595428467,441.12297520403877
0.0010671615600585938,0.0014991238117218017,2.470475196838379,1000,794.26794,15165,15165000,0.0009453034400939941,404.8625545882931
0.0012869834899902344,0.001467844009399414,2.4620604515075684,1000,969.103,15170,15170000,0.0009669713973999023,406.2594680459503
0.0027616024017333984,0.0014183392524719238,2.4100253582000732,1000,744.0156,15175,15175000,0.0009632024765014648,415.0300439589255
0.001390218734741211,0.001368734359741211,2.309804916381836,1000,322.3299,15180,15180000,0.0009129068851470947,433.0498167363585
0.0016970634460449219,0.0015177690982818603,2.4423530101776123,1000,851.1966,15185,15185000,0.0008966782093048095,409.55416512956657
0.0017480850219726562,0.0015621325969696045,2.5753321647644043,1000,375.984,15190,15190000,0.0009853148460388184,388.392516920565
0.0015108585357666016,0.0012788057327270507,2.1827392578125,1000,759.16296,15195,15195000,0.0008746161460876465,458.2522973503159
0.0016739368438720703,0.0014696006774902344,2.4338741302490234,1000,392.18726,15200,15200000,0.0009363815784454346,410.96996677890604
0.0030624866485595703,0.001437727689743042,2.4220123291015625,1000,542.8871,15205,15205000,0.0009542531967163086,412.99031167775934
0.0023651123046875,0.001537590742111206,2.5598483085632324,1000,388.68298,15210,15210000,0.0009933176040649414,390.7553282204677
0.0010843276977539062,0.001447854518890381,2.3865127563476562,1000,433.64914,15215,15215000,0.0009113903045654297,419.12393657757445
0.0011417865753173828,0.0013955070972442626,2.3982272148132324,1000,456.12256,15219,15219000,0.0009753444194793701,417.0893608355025
0.002182483673095703,0.0016171557903289795,2.59940505027771,1000,988.6076,15223,15223000,0.0009528448581695557,384.78635309249387
0.0016987323760986328,0.0015131795406341552,2.479663372039795,1000,706.9358,15227,15227000,0.0009396250247955322,403.37122350147007
0.0017697811126708984,0.0013765151500701905,2.3567256927490234,1000,784.7508,15232,15232000,0.0009535310268402099,424.42924273508527
0.0009868144989013672,0.001478977918624878,2.495858907699585,1000,718.7152,15237,15237000,0.0009889729022979736,400.7559731625705
0.0009369850158691406,0.0012339839935302734,2.1454098224639893,1000,367.4508,15242,15242000,0.0008861749172210694,466.2254482398319
0.0014085769653320312,0.0014002399444580078,2.3962202072143555,1000,403.92722,15247,15247000,0.0009692225456237793,417.4199386076899
0.001171112060546875,0.0013802089691162108,2.2959277629852295,1000,795.4431,15252,15252000,0.0008902726173400879,435.66723875441437
0.0009608268737792969,0.0013028428554534913,2.1747829914093018,1000,843.0151,15257,15257000,0.0008475348949432373,459.94295760925075
0.0015587806701660156,0.0015095250606536866,2.4777700901031494,1000,685.52313,15261,15261000,0.0009402844905853271,403.68300841965515
0.0009877681732177734,0.0014488162994384765,2.414581060409546,1000,852.14343,15266,15266000,0.0009391152858734131,414.26799932639415
0.002253293991088867,0.0015496971607208252,2.519777774810791,1000,971.19604,15270,15270000,0.0009411671161651612,396.9566966208127
0.001821756362915039,0.0016490073204040528,2.60617995262146,1000,973.4553,15275,15275000,0.000928936243057251,383.77610327861396
0.0020570755004882812,0.001454634428024292,2.429961919784546,1000,979.9339,15280,15280000,0.0009465093612670898,411.6465345142172
0.0031919479370117188,0.0019540417194366454,3.1803650856018066,1000,281.3481,15284,15284000,0.0011910388469696044,314.4989556452145
0.0019562244415283203,0.0017294564247131348,2.813760757446289,1000,627.3848,15288,15288000,0.0010512633323669434,355.48202716858833
0.0012969970703125,0.0018725461959838868,2.984592914581299,1000,780.6308,15292,15292000,0.0010822956562042236,335.13732922738626
0.0011794567108154297,0.001585559844970703,2.614464282989502,1000,857.0979,15296,15296000,0.0009990615844726563,382.57953570396876
0.001943826675415039,0.001266442060470581,2.175798177719116,1000,489.49396,15301,15301000,0.000883363962173462,459.7061776349536
0.0011496543884277344,0.001401642084121704,2.263746976852417,1000,989.046,15306,15306000,0.0008366844654083252,441.8641523180964
0.0021719932556152344,0.0014435806274414062,2.3809502124786377,1000,602.961,15311,15311000,0.0009096846580505371,420.09881923127887
0.0009913444519042969,0.001532895803451538,2.547652006149292,1000,863.89874,15316,15316000,0.000988039493560791,392.6091121957886
0.0015606880187988281,0.0016756556034088134,2.731757402420044,1000,683.34717,15321,15321000,0.0010273852348327637,366.1506795513731
0.0016064643859863281,0.00211983847618103,3.306293487548828,1000,846.27515,15325,15325000,0.001154076337814331,302.50870010095156
0.0014994144439697266,0.002168222427368164,3.398927927017212,1000,787.5798,15329,15329000,0.001198284387588501,294.2667465914117
0.0014386177062988281,0.0021339824199676513,3.3560092449188232,1000,855.40063,15332,15332000,0.001189645767211914,298.0205522643906
0.0009636878967285156,0.0019870214462280275,3.158695697784424,1000,483.88922,15336,15336000,0.0011403305530548096,316.65613613445237
0.0010223388671875,0.0020181586742401125,3.178434371948242,1000,414.28818,15340,15340000,0.001128056764602661,314.6824117510732
0.0014545917510986328,0.002085038423538208,3.2075653076171875,1000,976.79486,15344,15344000,0.0010925025939941405,311.8214434933365
0.0017061233520507812,0.0021383533477783204,3.30656099319458,1000,983.9737,15348,15348000,0.0011352810859680176,302.49146482738644
0.0020422935485839844,0.0013065366744995117,2.2193710803985596,1000,636.1609,15352,15352000,0.000886465311050415,450.6853864841362
0.0010304450988769531,0.0012339060306549073,2.1306469440460205,1000,677.6299,15357,15357000,0.0008725764751434326,469.49174094710014
0.001355886459350586,0.0012717478275299072,2.1967427730560303,1000,649.0687,15362,15362000,0.0008994786739349365,455.3215787679635
0.0017185211181640625,0.0014434740543365478,2.381389856338501,1000,824.7551,15367,15367000,0.0009105641841888428,420.02343108234516
0.0010726451873779297,0.0014942302703857423,2.4701948165893555,1000,602.7228,15372,15372000,0.0009477305412292481,404.9275160839377
0.0015494823455810547,0.0019850239753723144,3.0571765899658203,1000,695.8972,15376,15376000,0.0010433142185211181,327.16024971266353
0.0021142959594726562,0.0015765681266784667,2.6091315746307373,1000,365.21365,15380,15380000,0.001003977060317993,383.35812550184147
0.0010614395141601562,0.0015995705127716065,2.6109232902526855,1000,623.34033,15384,15384000,0.0009834866523742677,383.08645197965717
0.0009179115295410156,0.0013690884113311767,2.3630263805389404,1000,574.0124,15389,15389000,0.0009689509868621826,423.29128211328344
0.0012607574462890625,0.0013323616981506347,2.279313087463379,1000,738.56104,15394,15394000,0.0009200873374938965,438.83548576268294
0.002471446990966797,0.0014242682456970216,2.3563106060028076,1000,168.29742,15399,15399000,0.0009048418998718261,424.51558731735713
0.001537322998046875,0.0015003268718719483,2.476506471633911,1000,999.96606,15404,15404000,0.0009489994049072265,403.88343232125527
0.0011072158813476562,0.001409538507461548,2.3161425590515137,1000,564.0846,15409,15409000,0.0008814005851745606,431.852685689116
0.001209259033203125,0.001425642728805542,2.3640429973602295,1000,655.78033,15414,15414000,0.0009114241600036621,423.1073296266545
0.001856088638305664,0.0013333804607391358,2.2776076793670654,1000,379.5127,15419,15419000,0.0009178380966186523,439.1673722083115
0.0014405250549316406,0.0014433269500732423,2.4107728004455566,1000,276.31137,15424,15424000,0.0009400372505187989,414.89288250123695
0.002127408981323242,0.0015602011680603026,2.500761032104492,1000,975.2428,15429,15429000,0.0009115560054779052,399.97265049072246
0.0013320446014404297,0.0015289375782012939,2.4494638442993164,1000,694.75696,15434,15434000,0.0008937029838562012,408.3512586607712
0.0017609596252441406,0.001544914960861206,2.491960287094116,1000,976.16736,15439,15439000,0.0009197280406951905,401.37226062234026
0.0009329319000244141,0.001452941417694092,2.408708333969116,1000,304.39835,15444,15444000,0.0009297206401824951,415.26343902114235
0.001725912094116211,0.0015283524990081787,2.549842596054077,1000,357.3534,15449,15449000,0.0009910290241241454,392.29026852071644
0.002465963363647461,0.001413886308670044,2.320509195327759,1000,970.88324,15453,15453000,0.0008786303997039795,431.052967369785
0.0017230510711669922,0.0014183564186096191,2.3492343425750732,1000,430.5355,15458,15458000,0.0009027371406555175,425.7774646657727
0.002192974090576172,0.001483978033065796,2.4741296768188477,1000,567.4714,15462,15462000,0.0009628756046295166,404.2800846825388
0.0015308856964111328,0.001478940486907959,2.4839165210723877,1000,237.72975,15466,15466000,0.000977950096130371,402.68069514509233
0.0014619827270507812,0.0014372432231903075,2.4436330795288086,1000,622.46466,15470,15470000,0.0009797589778900147,409.3199915487501
0.0014636516571044922,0.0014193828105926514,2.4275460243225098,1000,379.54813,15475,15475000,0.0009797227382659912,412.05154573951506
0.001093149185180664,0.001416694402694702,2.3711307048797607,1000,423.34183,15480,15480000,0.0009277393817901611,421.8402892041656
0.0012748241424560547,0.0012922964096069335,2.1979167461395264,1000,556.30774,15485,15485000,0.0008788211345672608,455.0942228489351
0.0009284019470214844,0.0013743140697479248,2.318854570388794,1000,587.6641,15490,15490000,0.0009187703132629394,431.3478066052313
0.0009396076202392578,0.001706514835357666,2.6862854957580566,1000,991.3964,15495,15495000,0.0009531149864196777,372.34039814454053
0.0014638900756835938,0.001936863899230957,3.1068382263183594,1000,672.09924,15499,15499000,0.0011398541927337648,321.9302255681572
0.0010592937469482422,0.0015223264694213868,2.402608871459961,1000,989.53076,15504,15504000,0.0008538806438446045,416.3185851037833
0.0014836788177490234,0.0014987714290618896,2.544236421585083,1000,79.11498,15509,15509000,0.0010174121856689454,393.13446145560374
0.0009410381317138672,0.001689756155014038,2.6617984771728516,1000,975.4217,15514,15514000,0.00094309401512146,375.76560949261705
0.0017740726470947266,0.001645914077758789,2.695286750793457,1000,494.87778,15519,15519000,0.001020332098007202,371.1012201213946
0.0010364055633544922,0.0015635085105895996,2.4571692943573,1000,999.0985,15524,15524000,0.0008672993183135987,407.0608782677273
0.0018057823181152344,0.0014477479457855225,2.3730688095092773,1000,978.886,15529,15529000,0.000897205114364624,421.4941618647383
0.0010371208190917969,0.001263651132583618,2.1913247108459473,1000,504.0527,15534,15534000,0.0009019403457641602,456.4652517342028
0.0011479854583740234,0.0014491374492645263,2.4199416637420654,1000,456.3596,15539,15539000,0.0009439938068389892,413.32985796141844
0.0014796257019042969,0.001533982276916504,2.5090017318725586,1000,885.85767,15544,15544000,0.0009479258060455323,398.6608096733157
0.001237630844116211,0.0015684354305267334,2.468222141265869,1000,997.8635,15548,15548000,0.0008722271919250488,405.2650491572905
0.0016448497772216797,0.0014093196392059326,2.3176796436309814,1000,506.40244,15553,15553000,0.00088179349899292,431.5722093815187
0.0014336109161376953,0.0015851223468780517,2.5788018703460693,1000,979.30634,15558,15558000,0.0009649837017059326,387.86347196613383
0.0011167526245117188,0.0016626038551330567,2.6962084770202637,1000,688.1964,15562,15562000,0.00100634765625,370.983448827542
0.0015482902526855469,0.0014665482044219972,2.468412399291992,1000,764.8834,15566,15566000,0.0009726748466491699,405.2362702105878
0.0013628005981445312,0.001395796775817871,2.3363866806030273,1000,587.701,15571,15571000,0.0009138782024383545,428.1236650813085
0.0009505748748779297,0.0015000157356262207,2.47442364692688,1000,692.9609,15576,15576000,0.0009465699195861817,404.22561517542255
0.002718687057495117,0.0014971957206726075,2.4654381275177,1000,649.9823,15581,15581000,0.0009400749206542969,405.69757756904556
0.0012879371643066406,0.0015279450416564942,2.529404401779175,1000,90.73857,15586,15586000,0.0009734036922454834,395.43955662691315
0.001195669174194336,0.0017572479248046874,2.8487536907196045,1000,522.93304,15590,15590000,0.0010605330467224122,351.1078642544944
0.0019040107727050781,0.0014612078666687012,2.442547082901001,1000,388.85553,15595,15595000,0.0009522988796234131,409.53157143371845
0.0012619495391845703,0.0014005126953125,2.356107234954834,1000,738.56824,15600,15600000,0.000929630994796753,424.5211300350412
0.0016086101531982422,0.0015461232662200928,2.541205406188965,1000,862.104,15605,15605000,0.0009678165912628174,393.5971988871222
0.0010023117065429688,0.001456082820892334,2.333855390548706,1000,817.07153,15609,15609000,0.0008516776561737061,428.5717497068982
0.0017023086547851562,0.0019367563724517823,3.017944097518921,1000,998.2844,15614,15614000,0.0010489518642425536,331.43131046612507
0.0012192726135253906,0.0021488449573516845,3.3418126106262207,1000,17.193686,15618,15618000,0.001160883903503418,299.29660405750843
0.0020449161529541016,0.0023564248085021972,3.6013667583465576,1000,966.11676,15622,15622000,0.0012113392353057862,277.71920465236667
0.001552581787109375,0.0020034215450286867,3.200671672821045,1000,439.0694,15626,15626000,0.0011647465229034425,312.491543819851
0.0014982223510742188,0.002028636455535889,3.2558491230010986,1000,386.70505,15630,15630000,0.0011954667568206787,307.19915250233805
0.0010027885437011719,0.0017236013412475586,2.7726361751556396,1000,510.38873,15634,15634000,0.0010211846828460693,360.7474965172844
0.0019197463989257812,0.0014385061264038086,2.385735511779785,1000,672.00574,15639,15639000,0.000919715404510498,419.26671827318614
0.001035928726196289,0.0015809786319732665,2.5728647708892822,1000,889.7749,15644,15644000,0.0009654955863952636,388.7584110183611
0.002039194107055664,0.0015077624320983887,2.3830032348632812,1000,6.557112,15649,15649000,0.000847029685974121,419.7396641845712
0.0024895668029785156,0.0020869998931884767,3.254595994949341,1000,782.721,15654,15654000,0.001134183406829834,307.3406518681462
0.0010271072387695312,0.0015725407600402832,2.574251174926758,1000,655.8084,15658,15658000,0.0009728143215179443,388.53952612173856
0.0015196800231933594,0.0015440127849578858,2.4726760387420654,1000,972.52136,15662,15662000,0.0009018776416778564,404.5222580582005
0.0013053417205810547,0.0014269225597381592,2.4060821533203125,1000,360.01663,15667,15667000,0.0009523377418518066,415.7243834116386
0.0013780593872070312,0.0015881791114807128,2.4666764736175537,1000,999.0823,15671,15671000,0.0008518071174621582,405.51812739616867
0.002400636672973633,0.001459780216217041,2.402625799179077,1000,436.42853,15675,15675000,0.0009154796600341797,416.3309823686583
0.001455068588256836,0.0016444616317749024,2.669776439666748,1000,661.8076,15680,15680000,0.0009963605403900146,374.64643853537257
0.0013322830200195312,0.0013931863307952881,2.354368209838867,1000,555.8064,15685,15685000,0.0009343633651733398,424.83696012190336
0.0015022754669189453,0.0015580098628997802,2.4992754459381104,1000,923.4681,15689,15689000,0.0009129130840301513,400.2071308230378
0.001054525375366211,0.0015013971328735351,2.4807631969451904,1000,532.8269,15693,15693000,0.0009513719081878662,403.21339901947607
0.001783609390258789,0.0014821414947509765,2.474515914916992,1000,697.38293,15698,15698000,0.0009649021625518798,404.23305613796515
0.000989675521850586,0.0012029097080230712,2.131186008453369,1000,986.2036,15703,15703000,0.0009025309085845947,469.35246475551634
0.0011746883392333984,0.001456031560897827,2.4396517276763916,1000,711.50183,15708,15708000,0.000957094669342041,409.9977458600951
0.0018718242645263672,0.0015779666900634765,2.513607978820801,1000,998.3739,15713,15713000,0.0009083869457244873,397.91905505153596
0.0014410018920898438,0.0014588844776153565,2.398876428604126,1000,997.182,15717,15717000,0.0009125487804412842,416.9687001878311
0.001504659652709961,0.0018471033573150635,2.8529880046844482,1000,8.393447,15722,15722000,0.0009757859706878662,350.5828079430255
0.001262664794921875,0.0016179745197296143,2.6526756286621094,1000,595.19257,15727,15727000,0.001006293535232544,377.05852379971213
0.0021200180053710938,0.0013810219764709474,2.27451229095459,1000,988.7138,15732,15732000,0.000866767406463623,439.7745925381092
0.0011219978332519531,0.0012496328353881836,2.1881022453308105,1000,733.5091,15737,15737000,0.0009127042293548584,457.1343372920797
0.0014827251434326172,0.0014145376682281495,2.4223551750183105,1000,534.70337,15742,15742000,0.000976391077041626,412.917778218384
0.002396821975708008,0.0014508903026580811,2.459825277328491,1000,423.3858,15747,15747000,0.0009810316562652588,406.6313134412544
0.0016350746154785156,0.0014112277030944825,2.3658645153045654,1000,468.264,15752,15752000,0.0009276432991027833,422.7934257464147
0.001979827880859375,0.0013285257816314697,2.250527858734131,1000,562.85443,15757,15757000,0.0008944435119628907,444.45174429367546
0.001085519790649414,0.001376960039138794,2.315200090408325,1000,435.57883,15762,15762000,0.0009114413261413574,432.0326631750163
0.001920938491821289,0.0013374626636505128,2.225726842880249,1000,986.0741,15767,15767000,0.000861663818359375,449.4133245357283
0.002162933349609375,0.0014810831546783448,2.4294111728668213,1000,457.78137,15772,15772000,0.0009170238971710205,411.7416597679905
0.0017681121826171875,0.001466768741607666,2.446136236190796,1000,598.0571,15777,15777000,0.0009509148597717285,408.91127999549974
0.0010190010070800781,0.0013712718486785889,2.280064821243286,1000,569.03094,15782,15782000,0.0008838739395141601,438.69613562237885
0.00127410888671875,0.0014118819236755371,2.419577121734619,1000,285.04745,15786,15786000,0.0009803757667541503,413.3963429592637
0.0013401508331298828,0.0014360888004302979,2.3582406044006348,1000,727.2387,15791,15791000,0.0008955216407775879,424.1352903624618
0.0018455982208251953,0.0013455307483673095,2.271871566772461,1000,603.52856,15796,15796000,0.0008982529640197753,440.30037352485397
0.0021097660064697266,0.0015872893333435058,2.578413963317871,1000,946.6887,15800,15800000,0.0009630227088928223,387.92255429504763
0.0010557174682617188,0.0013946161270141603,2.28063702583313,1000,854.374,15805,15805000,0.00086134934425354,438.58154562961744
0.0007967948913574219,0.001597337007522583,2.550008535385132,1000,907.7266,15810,15810000,0.0009269614219665528,392.2447407337026
0.0013661384582519531,0.0014741954803466797,2.3896377086639404,1000,821.2611,15814,15814000,0.0008888509273529052,418.57303684862296
0.002045154571533203,0.0015931909084320069,2.6868722438812256,1000,454.9297,15819,15819000,0.0010641493797302246,372.25457740541214
0.0009851455688476562,0.0014319407939910888,2.416865348815918,1000,352.52417,15824,15824000,0.000959097146987915,413.8532719222486
0.002259969711303711,0.0016976919174194337,2.7166237831115723,1000,802.07166,15829,15829000,0.0009894590377807616,368.1968082617586
0.0008978843688964844,0.001579906463623047,2.576946258544922,1000,469.95575,15834,15834000,0.0009686594009399414,388.13521302766463
0.0016922950744628906,0.0015723230838775636,2.545983076095581,1000,865.39813,15839,15839000,0.0009453086853027343,392.8579222806513
0.0014088153839111328,0.0014425046443939209,2.4575271606445312,1000,267.12396,15843,15843000,0.000986708402633667,407.0443655905714
0.002185344696044922,0.001625274658203125,2.5848031044006348,1000,923.23505,15847,15847000,0.0009259059429168701,386.96021970071524
0.0011758804321289062,0.001703481912612915,2.7419419288635254,1000,980.3617,15852,15852000,0.0010106942653656005,364.80570676896025
0.001190185546875,0.0014934542179107667,2.455728054046631,1000,888.9217,15857,15857000,0.000934558391571045,407.31027189437503
0.0010483264923095703,0.0012826156616210938,2.181250810623169,1000,514.1378,15862,15862000,0.0008739118576049805,458.56918852693633
0.0017681121826171875,0.0014970941543579102,2.4293084144592285,1000,510.05774,15867,15867000,0.0009050154685974121,411.746348470214
0.0013051033020019531,0.001278778076171875,2.232189893722534,1000,459.19232,15872,15872000,0.0009271090030670167,448.1052366286766
0.0020821094512939453,0.0014008610248565673,2.373439311981201,1000,367.6388,15877,15877000,0.0009449343681335449,421.42191353680084
0.0011303424835205078,0.001447474956512451,2.3674564361572266,1000,986.8806,15882,15882000,0.000892979383468628,422.49620143610093
0.001096487045288086,0.0016292669773101806,2.7224843502044678,1000,288.3194,15886,15886000,0.001063788652420044,367.3902345748892
0.0011014938354492188,0.0014993793964385986,2.4706664085388184,1000,594.23615,15890,15890000,0.0009443755149841309,404.84743116668784
0.0021240711212158203,0.0015147476196289062,2.4650790691375732,1000,756.61646,15895,15895000,0.0009225764274597168,405.81455077388955
0.0016865730285644531,0.001733231782913208,2.8301265239715576,1000,362.57135,15900,15900000,0.001067176342010498,353.3997132900847
0.0019698143005371094,0.001491121292114258,2.482038736343384,1000,540.25793,15905,15905000,0.0009638175964355468,402.9899804582281
0.0019032955169677734,0.001775033950805664,2.9288885593414307,1000,485.44748,15909,15909000,0.0011238949298858643,341.49552147325176
0.0022094249725341797,0.0019018640518188477,3.0642197132110596,1000,962.71405,15913,15913000,0.001129533052444458,326.4128296937257
0.0014019012451171875,0.0015719106197357178,2.4648396968841553,1000,980.27594,15917,15917000,0.000862309455871582,405.80214370682194
0.001607656478881836,0.0015013854503631591,2.5148398876190186,1000,535.34076,15922,15922000,0.0009856107234954834,397.733444028101
0.0009753704071044922,0.0015744519233703612,2.520714282989502,1000,900.9892,15926,15926000,0.0009187672138214111,396.80798023861627
0.0018775463104248047,0.0013706748485565186,2.3487515449523926,1000,446.26047,15931,15931000,0.0009504637718200684,425.85977537271197
0.0011525154113769531,0.0014100780487060548,2.381882667541504,1000,321.46115,15936,15936000,0.0009456572532653808,419.94024945686556
0.0017366409301757812,0.0014846625328063965,2.5135905742645264,1000,420.85443,15940,15940000,0.001000255584716797,397.94166924335934
0.001508951187133789,0.0015176901817321778,2.4988269805908203,1000,552.4414,15945,15945000,0.000954186201095581,400.2822195481414
0.0011360645294189453,0.0015534918308258057,2.483839750289917,1000,976.40875,15950,15950000,0.0009041061401367188,402.7018819331784
0.001177072525024414,0.0015555036067962647,2.5412237644195557,1000,977.37964,15955,15955000,0.0009587514400482178,393.5875958889687
0.0010700225830078125,0.0014937114715576172,2.454012155532837,1000,483.54208,15959,15959000,0.0009343624114990234,407.5838134291562
0.0012595653533935547,0.0015048468112945556,2.463702917098999,1000,340.71075,15963,15963000,0.0009308102130889893,405.98215976146935
0.0018725395202636719,0.0015007429122924805,2.485238552093506,1000,615.8805,15967,15967000,0.0009563448429107666,402.47111250823906
0.0010504722595214844,0.001457871913909912,2.406270742416382,1000,480.63287,15972,15972000,0.0009220468997955322,415.6828116119128
0.0019314289093017578,0.0014934515953063964,2.3955326080322266,1000,848.0578,15976,15976000,0.0008754527568817139,417.5397798767182
0.0009865760803222656,0.0017036333084106444,2.7955808639526367,1000,430.27203,15981,15981000,0.0010629124641418457,357.78497845341974
0.0012586116790771484,0.0013524160385131837,2.2327136993408203,1000,634.72424,15986,15986000,0.0008539469242095948,447.99118181420073
0.0030777454376220703,0.001495436429977417,2.4930038452148438,1000,476.5835,15991,15991000,0.0009683895111083984,401.2171092058878
0.002470731735229492,0.001416534185409546,2.37713885307312,1000,707.32117,15995,15995000,0.0009330780506134033,420.7866796257698
0.0009949207305908203,0.001432377576828003,2.365192174911499,1000,910.87976,15999,15999000,0.0009070856571197509,422.911468882667
0.0011475086212158203,0.00154353666305542,2.5523681640625,1000,407.15192,16004,16004000,0.0009812273979187011,391.92183735039674
0.001638174057006836,0.0015033373832702636,2.4075746536254883,1000,999.41016,16009,16009000,0.0008780050277709961,415.45692839117396
0.0017852783203125,0.001957920789718628,3.1437768936157227,1000,498.5893,16013,16013000,0.0011537275314331054,318.1581480320341
0.0025815963745117188,0.001978130578994751,3.1063232421875,1000,1000.0,16017,16017000,0.001096271514892578,321.9876853626824
0.0017287731170654297,0.0016144957542419433,2.613473892211914,1000,970.7423,16022,16022000,0.0009707443714141846,382.71655405602695
0.002184629440307617,0.0014845147132873536,2.4680819511413574,1000,718.93713,16027,16027000,0.0009536468982696534,405.26779022254584
0.0014061927795410156,0.0015704407691955566,2.596407651901245,1000,812.4497,16031,16031000,0.0009976179599761963,385.23504936648857
0.0009417533874511719,0.0014190971851348877,2.36635684967041,1000,684.38684,16036,16036000,0.0009201948642730713,422.68959035539433
0.0014085769653320312,0.0016555728912353515,2.6494438648223877,1000,615.25867,16041,16041000,0.0009640653133392334,377.5198455827124
0.0008885860443115234,0.0016859769821166992,2.739316463470459,1000,561.1876,16046,16046000,0.001025076150894165,365.1244223199686
0.0015175342559814453,0.0012844910621643067,2.195747137069702,1000,969.3504,16051,16051000,0.0008838689327239991,455.56742001455666
0.0014677047729492188,0.001562847375869751,2.5554144382476807,1000,975.6236,16056,16056000,0.0009649083614349366,391.4083417312675
0.0023996829986572266,0.0012274844646453858,2.077786922454834,1000,833.88196,16061,16061000,0.0008237254619598388,481.42504339857317
0.0012693405151367188,0.001222681999206543,2.1222596168518066,1000,676.11694,16066,16066000,0.0008752121925354004,471.31666149948967
0.001581430435180664,0.001367638111114502,2.2524466514587402,1000,722.78546,16071,16071000,0.0008583123683929444,444.1033616420765
0.0015463829040527344,0.001501509666442871,2.466524124145508,1000,603.00476,16076,16076000,0.0009374208450317383,405.52824298527594
0.0009102821350097656,0.0016466293334960937,2.6437740325927734,1000,986.2993,16080,16080000,0.0009711618423461914,378.3209144708536
0.0018546581268310547,0.0016533613204956054,2.6159262657165527,1000,726.282,16085,16085000,0.000934628963470459,382.35559556091255
0.002254962921142578,0.001465850830078125,2.4521195888519287,1000,462.8921,16090,16090000,0.0009566316604614258,407.9021074776244
0.001996755599975586,0.0012801785469055175,2.203489065170288,1000,755.7659,16095,16095000,0.0008967890739440918,453.94575708908735
0.0013146400451660156,0.0013787846565246583,2.353712797164917,1000,374.02545,16100,16100000,0.0009483909606933594,424.96079732024594
0.0016107559204101562,0.001593637466430664,2.6496589183807373,1000,925.9938,16105,16105000,0.0010275545120239258,377.50645805171285
0.0021829605102539062,0.0013738963603973388,2.2826459407806396,1000,975.3545,16110,16110000,0.0008819806575775147,438.2355703843185
0.0016841888427734375,0.001135072946548462,1.9945290088653564,1000,366.64136,16115,16115000,0.0008339858055114746,501.4939706715443
0.0018546581268310547,0.0019951884746551513,3.165584087371826,1000,618.61096,16119,16119000,0.0011382110118865966,315.9542229524483
0.002017974853515625,0.0015001862049102783,2.407111406326294,1000,726.7283,16124,16124000,0.0008782949447631835,415.5212590986517
0.0014209747314453125,0.001560432195663452,2.6012229919433594,1000,356.10934,16129,16129000,0.0010131347179412843,384.5286212402652
0.0012392997741699219,0.001649585247039795,2.6268177032470703,1000,996.2952,16134,16134000,0.0009499447345733643,380.76521543358155
0.001726388931274414,0.001453514814376831,2.41789174079895,1000,370.05698,16139,16139000,0.0009365274906158448,413.69770811905266
0.0008442401885986328,0.0014213106632232665,2.398444652557373,1000,527.233,16144,16144000,0.0009503746032714843,417.0357390826137
0.0011875629425048828,0.0017520925998687745,2.7729134559631348,1000,996.0619,16149,16149000,0.0009931008815765381,360.7051179348867
0.0016486644744873047,0.0013561809062957763,2.2328038215637207,1000,647.83,16154,16154000,0.000850165843963623,447.98529638103463
0.0022246837615966797,0.001505730152130127,2.4798221588134766,1000,480.2426,16158,16158000,0.0009451158046722412,403.37545194924223
0.0014548301696777344,0.0014909005165100098,2.461516857147217,1000,816.3765,16163,16163000,0.0009432518482208252,406.3476710186506
0.0010437965393066406,0.0013984112739562988,2.380009651184082,1000,621.09937,16167,16167000,0.0009558064937591553,420.2625197891826
0.0009365081787109375,0.0012754781246185304,2.1933352947235107,1000,301.16516,16172,16172000,0.0008923559188842773,456.0299005200582
0.0010581016540527344,0.0013844475746154785,2.3400421142578125,1000,317.75504,16176,16176000,0.00092950439453125,427.4462569112306
0.0011487007141113281,0.0014964816570281982,2.464630603790283,1000,56.36038,16180,16180000,0.0009419400691986084,405.8368147234743
0.0010335445404052734,0.0013385968208312988,2.2273099422454834,1000,638.64294,16185,16185000,0.0008628792762756347,449.08520244094484
0.002069711685180664,0.0013562266826629638,2.322061538696289,1000,472.73132,16190,16190000,0.0009386072158813477,430.7651226728918
0.001302480697631836,0.0014482457637786865,2.344000816345215,1000,999.99884,16194,16194000,0.0008695998191833496,426.72149141882954
0.0010082721710205078,0.0017409038543701172,2.836376428604126,1000,546.7634,16198,16198000,0.0010665407180786132,352.637061537181
0.0019481182098388672,0.0014202616214752197,2.3774096965789795,1000,736.28564,16203,16203000,0.0009292354583740235,420.73505733930347
0.0013990402221679688,0.0015876734256744386,2.5961644649505615,1000,988.56134,16207,16207000,0.0009794371128082275,385.27347887482944
0.001752614974975586,0.0012401456832885742,2.210674285888672,1000,970.6441,16212,16212000,0.0009444887638092041,452.4649570038419
0.0013308525085449219,0.0014533195495605468,2.3987815380096436,1000,999.9641,16217,16217000,0.0009175076484680176,416.9771151430558
0.0019850730895996094,0.0015549938678741456,2.5678141117095947,1000,346.0036,16221,16221000,0.0009831936359405518,389.52902259169593
0.002276182174682617,0.0015125184059143067,2.5375123023986816,1000,648.8689,16225,16225000,0.0009968161582946777,394.1715333862303
0.002548694610595703,0.0014458394050598144,2.4390225410461426,1000,448.88947,16230,16230000,0.0009639344215393067,410.0985260206939
0.001565694808959961,0.0015632174015045167,2.439896583557129,1000,860.85645,16235,16235000,0.000847283124923706,409.9484561877596
0.002128124237060547,0.0014219434261322022,2.3864564895629883,1000,753.1022,16240,16240000,0.0009362549781799317,419.1308471835179
0.0011060237884521484,0.001606867790222168,2.6201953887939453,1000,971.9167,16245,16245000,0.0009840898513793946,381.73182470696196
0.0018215179443359375,0.0015247831344604493,2.420903444290161,1000,985.7751,16249,16249000,0.0008696136474609375,413.1628436112701
0.0016164779663085938,0.0015998666286468506,2.6370975971221924,1000,630.4338,16253,16253000,0.0010036664009094238,379.2877936418828
0.0010993480682373047,0.0015703701972961425,2.5604329109191895,1000,764.77527,16257,16257000,0.0009637525081634522,390.65098562836414
0.0010993480682373047,0.0018713738918304443,2.908613681793213,1000,984.31104,16261,16261000,0.0010038375854492187,343.89113559807305
0.001340627670288086,0.0015518314838409424,2.4841485023498535,1000,954.85095,16265,16265000,0.0009044156074523925,402.64555628258177
0.0011508464813232422,0.0016193082332611084,2.599132537841797,1000,920.12396,16269,16269000,0.0009529204368591309,384.82762366622944
0.00102996826171875,0.0015682773590087891,2.5847580432891846,1000,532.6588,16274,16274000,0.0009878358840942382,387.0184200587609
0.0009126663208007812,0.0013357605934143067,2.3048417568206787,1000,985.1326,16279,16279000,0.0009434492588043212,433.9778136905006
0.0010356903076171875,0.001471602201461792,2.4169156551361084,1000,437.99435,16283,16283000,0.0009185178279876709,413.8572737939091
0.0011296272277832031,0.001641589879989624,2.653130292892456,1000,499.7821,16288,16288000,0.0009833235740661622,376.99494428357457
0.0013775825500488281,0.001355872631072998,2.262404441833496,1000,921.19196,16293,16293000,0.0008781743049621582,442.1269889792498
0.0010838508605957031,0.001425305128097534,2.3979811668395996,1000,516.48267,16298,16298000,0.0009467144012451172,417.1183131899879
0.001459360122680664,0.0014161298274993897,2.4040918350219727,1000,489.86548,16303,16303000,0.0009598710536956787,416.06047656402205
0.002496480941772461,0.0015319666862487792,2.4491121768951416,1000,997.9669,16308,16308000,0.0008893542289733887,408.4104248699053
0.0013980865478515625,0.0013947131633758544,2.363483190536499,1000,983.17236,16312,16312000,0.0009428765773773193,423.2026165223722
0.0016491413116455078,0.0016076416969299317,2.644415855407715,1000,485.35315,16317,16317000,0.0010070040225982665,378.23961429209254
0.001528024673461914,0.0013858177661895752,2.347607374191284,1000,606.23193,16322,16322000,0.0009340052604675293,426.0588099355727
0.0012516975402832031,0.0013742058277130128,2.3582000732421875,1000,260.2107,16327,16327000,0.0009563779830932618,424.1602534017078
0.002474069595336914,0.0016919915676116943,2.689924955368042,1000,997.1073,16331,16331000,0.0009686050415039062,371.84376814091945
0.0009970664978027344,0.001395878314971924,2.321481704711914,1000,992.4476,16336,16336000,0.0008998110294342041,430.8640674112658
0.0015559196472167969,0.001411222457885742,2.3513541221618652,1000,587.7557,16341,16341000,0.0009129397869110107,425.39007237496605
0.001667022705078125,0.0014296293258666993,2.4259660243988037,1000,374.35394,16346,16346000,0.0009674215316772461,412.3039732055264
0.0014667510986328125,0.0013569376468658446,2.361060857772827,1000,969.3954,16351,16351000,0.0009753127098083496,423.64259357944167
0.002225160598754883,0.0013052113056182862,2.2514278888702393,1000,426.666,16356,16356000,0.0009191913604736328,444.2817436106027
0.0011260509490966797,0.0014910650253295897,2.421231508255005,1000,962.1236,16361,16361000,0.0009032959938049316,413.11376657493923
0.001001596450805664,0.0012921156883239746,2.212657928466797,1000,387.1943,16366,16366000,0.0008933603763580322,452.06906304106394
0.0011649131774902344,0.0014429168701171875,2.3266265392303467,1000,981.0483,16371,16371000,0.0008566160202026367,429.91680165082647
0.002054452896118164,0.002013905763626099,3.2155086994171143,1000,578.80444,16375,16375000,0.0011690704822540283,311.0475119189158
0.002373218536376953,0.0015163860321044922,2.583162784576416,1000,990.0134,16379,16379000,0.0010372869968414307,387.2067091763093
0.001499176025390625,0.0019857656955718996,3.09843373298645,1000,992.9823,16383,16383000,0.0010825755596160888,322.8154486089887
0.0018279552459716797,0.0021098287105560305,3.3118927478790283,1000,985.0617,16387,16387000,0.0011702332496643067,301.9968218470296
0.0009019374847412109,0.0015542902946472168,2.5109798908233643,1000,1000.0,16391,16391000,0.0009313044548034668,398.35362899591485
0.000965118408203125,0.0015834455490112305,2.6068289279937744,1000,615.9522,16395,16395000,0.0009941225051879883,383.6835968580841
0.0015480518341064453,0.0017999384403228759,2.93825364112854,1000,419.39914,16399,16399000,0.0011081490516662597,340.41041885545496
0.0015625953674316406,0.0017737212181091308,2.854790687561035,1000,525.4457,16403,16403000,0.0010525755882263184,350.3496476626757
0.001943826675415039,0.001412191390991211,2.403730869293213,1000,978.5932,16408,16408000,0.0009635567665100097,416.1172329792956
0.0013003349304199219,0.0014738471508026123,2.4322783946990967,1000,484.63657,16413,16413000,0.0009310929775238037,411.2303032608572
0.0010516643524169922,0.001450981616973877,2.4057157039642334,1000,301.12317,16418,16418000,0.0009275221824645996,415.76390286976243
0.0009737014770507812,0.0014439682960510254,2.4202330112457275,1000,458.0846,16422,16422000,0.0009491930007934571,413.2668554642353
0.0010571479797363281,0.0014589996337890626,2.4209811687469482,1000,720.09436,16427,16427000,0.0009352676868438721,413.15201798903325
0.0016186237335205078,0.0017977585792541503,2.718580961227417,1000,996.2422,16432,16432000,0.0008940873146057129,367.9195961844398
0.0025637149810791016,0.0015156733989715575,2.4749062061309814,1000,740.8718,16437,16437000,0.000929297685623169,404.15421923671266
0.0030858516693115234,0.0013204827308654786,2.199054718017578,1000,633.1321,16442,16442000,0.0008497285842895508,454.87108961493084
0.0019335746765136719,0.001515643835067749,2.500971794128418,1000,874.6907,16447,16447000,0.0009583699703216553,399.93878347897686
0.0010464191436767578,0.0015952749252319336,2.529029130935669,1000,985.8925,16452,16452000,0.000907299518585205,395.50197670649
0.0009737014770507812,0.0012525660991668701,2.1601710319519043,1000,573.6253,16457,16457000,0.0008821432590484619,463.05162242897467
0.002058744430541992,0.0014039788246154785,2.36478328704834,1000,702.4618,16461,16461000,0.0009341156482696534,422.96865972923297
0.0012826919555664062,0.001776116132736206,2.7643868923187256,1000,1000.0,16465,16465000,0.0009610462188720703,361.81457648204906
0.001283884048461914,0.0014528551101684571,2.4090843200683594,1000,872.0153,16469,16469000,0.0009282269477844238,415.1930641452528
0.0016937255859375,0.0015549516677856444,2.521641254425049,1000,423.36142,16474,16474000,0.0009388110637664795,396.6602005211249
0.0010204315185546875,0.0014107449054718017,2.383458375930786,1000,985.62964,16479,16479000,0.0009462552070617676,419.66276727423974
0.001367330551147461,0.0014562854766845704,2.425687074661255,1000,445.0841,16483,16483000,0.0009433846473693848,412.34941218906573
0.001041412353515625,0.0011554543972015381,2.0593478679656982,1000,377.0781,16488,16488000,0.0008777644634246826,485.74582927561136
0.0012362003326416016,0.0014258849620819092,2.379244089126587,1000,459.72528,16493,16493000,0.0009277260303497314,420.41079798089146
0.0015690326690673828,0.001505880355834961,2.42413067817688,1000,835.85925,16498,16498000,0.000890648365020752,412.61369172180247
0.0009658336639404297,0.0014099044799804688,2.3633224964141846,1000,270.23007,16503,16503000,0.0009275217056274414,423.2436133343357
0.0012216567993164062,0.0013502507209777832,2.2560367584228516,1000,507.24142,16508,16508000,0.0008802537918090821,443.36220510728083
0.0016853809356689453,0.0017883617877960205,2.8213143348693848,1000,728.9531,16512,16512000,0.0010038495063781738,354.5181603007489
0.0011298656463623047,0.0016482081413269044,2.601457118988037,1000,975.89044,16517,16517000,0.0009254362583160401,384.4994338807454
0.00102996826171875,0.001549004316329956,2.5426251888275146,1000,351.52625,16522,16522000,0.0009664101600646973,393.3816874494826
0.0010824203491210938,0.0014817550182342528,2.476111888885498,1000,442.3963,16527,16527000,0.0009669487476348877,403.95574414446276
0.0012087821960449219,0.0015652379989624023,2.4959089756011963,1000,985.3071,16532,16532000,0.0009031095504760743,400.7479321510502
0.0017616748809814453,0.0015039567947387695,2.3941593170166016,1000,980.3614,16537,16537000,0.0008629128932952881,417.7903639264069
0.0010421276092529297,0.0013989243507385254,2.352534294128418,1000,727.4151,16542,16542000,0.0009277944564819336,425.171447538974
0.001180410385131836,0.0016226499080657958,2.5874178409576416,1000,1000.0,16547,16547000,0.0009369192123413086,386.5764290263386
0.0011799335479736328,0.0014254941940307617,2.4003195762634277,1000,485.43088,16552,16552000,0.0009484412670135498,416.7257664307114
0.0013587474822998047,0.0015961906909942626,2.6368319988250732,1000,707.5558,16557,16557000,0.0010120060443878174,379.32247281154076
0.0009419918060302734,0.0014234673976898193,2.357236623764038,1000,175.39919,16562,16562000,0.000908616065979004,424.3259760838725
0.0008289813995361328,0.0012475602626800537,2.1930954456329346,1000,961.7153,16567,16567000,0.0009203131198883056,456.08563784510045
0.0009715557098388672,0.0015887117385864258,2.588827610015869,1000,355.40094,16572,16572000,0.0009725849628448486,386.3472529237846
0.001470327377319336,0.0014202077388763429,2.3625855445861816,1000,298.22827,16577,16577000,0.0009145359992980957,423.3707539440325
0.0015194416046142578,0.0014433975219726562,2.4278852939605713,1000,426.14124,16582,16582000,0.0009568715095520019,411.98674705031897
0.0013203620910644531,0.0014728379249572753,2.4140918254852295,1000,465.22015,16587,16587000,0.0009113500118255615,414.3240630845149
0.0013802051544189453,0.001230877161026001,2.1412315368652344,1000,484.82544,16592,16592000,0.0008845956325531006,467.14277472497486
0.001562356948852539,0.0014503872394561767,2.48519229888916,1000,413.228,16597,16597000,0.0010062162876129151,402.47458831628217
0.0019690990447998047,0.0015920546054840087,2.592761754989624,1000,627.5327,16602,16602000,0.0009713542461395264,385.77287405713696
0.0010330677032470703,0.0017054579257965087,2.75268816947937,1000,547.65265,16606,16606000,0.001018559217453003,363.3607480149371
0.0016798973083496094,0.0014665954113006591,2.4102413654327393,1000,6.1914983,16611,16611000,0.0009167778491973877,415.0038034310827
0.0012526512145996094,0.001361616849899292,2.261634349822998,1000,796.0305,16616,16616000,0.0008716146945953369,442.25505047869007
0.0011572837829589844,0.0012135910987854004,2.115874767303467,1000,400.11935,16621,16621000,0.0008764214515686035,472.74774119827566
0.0009350776672363281,0.001521167516708374,2.4311492443084717,1000,958.0111,16626,16626000,0.000884249210357666,411.41399824421154
0.0017299652099609375,0.0015113883018493652,2.5280330181121826,1000,598.36053,16630,16630000,0.0009891088008880614,395.6530745694448
0.0012042522430419922,0.0015539155006408692,2.500532865524292,1000,692.21875,16635,16635000,0.0009185366630554199,400.0041580632428
0.0023305416107177734,0.0015352299213409423,2.5178890228271484,1000,578.6234,16639,16639000,0.0009538094997406006,397.25085207636135
0.0013828277587890625,0.0016063807010650636,2.6646947860717773,1000,447.86597,16643,16643000,0.0010298497676849365,375.36226903559117
0.0008876323699951172,0.0015805892944335937,2.51279878616333,1000,803.0212,16648,16648000,0.0009066715240478516,398.04831903205917
0.0019631385803222656,0.0014878354072570801,2.4751932621002197,1000,371.3091,16653,16653000,0.0009601185321807861,404.1020028287017
0.0012111663818359375,0.0014334714412689209,2.4005937576293945,1000,293.6373,16658,16658000,0.0009411001205444336,416.66387685683367
0.0030705928802490234,0.001428375244140625,2.4040591716766357,1000,461.92145,16663,16663000,0.0009472494125366211,416.06043529226326
0.0011992454528808594,0.001603163242340088,2.5417566299438477,1000,988.1797,16668,16668000,0.0009115655422210693,393.5142222939015
0.0012347698211669922,0.0015991365909576417,2.5258467197418213,1000,983.0614,16673,16673000,0.0008996334075927734,395.99628995175124
0.0019686222076416016,0.0014816665649414063,2.422231674194336,1000,169.85008,16678,16678000,0.0009138369560241699,412.92143680731886
0.0013511180877685547,0.001442246437072754,2.39906644821167,1000,939.3251,16682,16682000,0.0009295494556427002,416.9263818432874
0.0016665458679199219,0.0014104862213134765,2.4143779277801514,1000,865.88403,16687,16687000,0.0009753639698028564,414.2842439781522
0.0012202262878417969,0.0016342225074768067,2.5500543117523193,1000,942.35095,16691,16691000,0.0008889307975769043,392.2344333305902
0.0016014575958251953,0.0015534243583679198,2.4486377239227295,1000,1000.0,16696,16696000,0.0008686103820800781,408.48154243293607
0.0018112659454345703,0.0014705710411071777,2.345970392227173,1000,1000.0,16701,16701000,0.0008480260372161865,426.37389894430805
0.0018458366394042969,0.0013010523319244385,2.2548508644104004,1000,467.82275,16706,16706000,0.000927558422088623,443.62959592440353
0.0016219615936279297,0.0014489600658416748,2.4344143867492676,1000,367.72537,16711,16711000,0.0009549229145050049,410.9089295285441
0.001613616943359375,0.0015826268196105957,2.5509819984436035,1000,751.8789,16716,16716000,0.0009399054050445556,392.1030889014823
0.0019221305847167969,0.002060136079788208,3.2260169982910156,1000,672.2676,16720,16720000,0.001133700132369995,310.040282357185
0.0010373592376708984,0.0014270272254943849,2.4082021713256836,1000,445.7349,16725,16725000,0.0009551973342895508,415.34847974560415
0.0019195079803466797,0.0015910251140594483,2.6021828651428223,1000,411.3415,16730,16730000,0.0009814965724945068,384.3828344172376
0.0011224746704101562,0.0014578282833099365,2.4171571731567383,1000,874.3661,16735,16735000,0.0009325189590454102,413.81252257477706
0.0010805130004882812,0.0018408193588256836,2.8975532054901123,1000,998.13824,16739,16739000,0.0010278139114379883,345.18878416927873
0.0017626285552978516,0.0013570845127105712,2.2232210636138916,1000,992.7495,16744,16744000,0.0008400154113769532,449.9038258146702
0.0020694732666015625,0.0013288490772247314,2.2314343452453613,1000,494.18924,16749,16749000,0.000875385046005249,448.2559469228188
0.0020821094512939453,0.0016856975555419923,2.722059488296509,1000,996.9512,16754,16754000,0.0010078010559082032,367.4439198045627
0.001600027084350586,0.0015561656951904297,2.565265655517578,1000,621.92017,16759,16759000,0.000981954574584961,389.91533017550216
0.0013573169708251953,0.0014811201095581055,2.4359397888183594,1000,784.35645,16764,16764000,0.0009261837005615234,410.6353705696032
0.0017354488372802734,0.0014216151237487792,2.3453640937805176,1000,666.1621,16769,16769000,0.0008925089836120606,426.4674108054779
0.0008950233459472656,0.0015598516464233399,2.5711653232574463,1000,661.93365,16774,16774000,0.0009834134578704833,389.01827400075274
0.001359701156616211,0.001689805507659912,2.6879005432128906,1000,764.32635,16778,16778000,0.0009684724807739258,372.1180133674195
0.0017175674438476562,0.0015399065017700196,2.587517499923706,1000,202.04004,16783,16783000,0.001016594648361206,386.560823895506
0.0009322166442871094,0.0014147405624389648,2.4099905490875244,1000,577.7276,16788,16788000,0.000968069314956665,415.04170748092594
0.002363920211791992,0.001505531072616577,2.500387191772461,1000,612.368,16793,16793000,0.0009658358097076416,400.03654813891575
0.0020248889923095703,0.001380990743637085,2.3871009349823,1000,536.8904,16798,16798000,0.0009782824516296387,419.03139830253633
0.00165557861328125,0.0020834136009216307,3.175950765609741,1000,988.53357,16802,16802000,0.0010620672702789306,314.92620231107844
0.0012788772583007812,0.0015129976272583007,2.5893702507019043,1000,977.69464,16806,16806000,0.0010479161739349366,386.3121313940777
0.002051115036010742,0.0015238683223724365,2.4611992835998535,1000,799.7367,16810,16810000,0.0009100325107574463,406.4044465989446
0.0009505748748779297,0.0014437503814697266,2.4108810424804688,1000,348.37262,16814,16814000,0.0009411649703979493,414.90437414421046
0.0013356208801269531,0.001344379186630249,2.3012099266052246,1000,501.25275,16819,16819000,0.0009311578273773194,434.6588465525057
0.0009090900421142578,0.0015778698921203613,2.5431227684020996,1000,759.60815,16824,16824000,0.0009392218589782715,393.3101609107105
0.002010345458984375,0.0017411489486694337,2.676783800125122,1000,999.9734,16829,16829000,0.0009074525833129883,373.6687900574601
0.0009171962738037109,0.0014423594474792481,2.4107766151428223,1000,999.42725,16834,16834000,0.0009427707195281982,414.9035943340187
0.0012767314910888672,0.0015329713821411132,2.4796712398529053,1000,984.1536,16838,16838000,0.0009194266796112061,403.4032688108006
0.0012640953063964844,0.001416278123855591,2.3735532760620117,1000,913.20874,16843,16843000,0.0009304993152618408,421.41386865560133
0.0014455318450927734,0.0012954914569854737,2.1838109493255615,1000,746.96454,16848,16848000,0.0008633105754852295,458.02915842095575
0.0023200511932373047,0.001997792959213257,3.137356996536255,1000,523.2095,16852,16852000,0.0011083955764770509,318.8051859170682
0.0025534629821777344,0.0014565765857696533,2.4063072204589844,1000,476.69046,16857,16857000,0.000921337366104126,415.6845418876875
0.0016107559204101562,0.001435314178466797,2.3995189666748047,1000,978.5597,16862,16862000,0.0009373502731323243,416.8555665366166
0.0017795562744140625,0.0014211487770080565,2.349738597869873,1000,627.1312,16867,16867000,0.0009013221263885498,425.70062971520116
0.00148773193359375,0.0014115092754364014,2.395740032196045,1000,662.9001,16872,16872000,0.0009568729400634766,417.50690394284493
0.0013725757598876953,0.00143454909324646,2.374183416366577,1000,23.694588,16877,16877000,0.0009119200706481933,421.3189622482779
0.0012106895446777344,0.001362203598022461,2.295989513397217,1000,571.79553,16882,16882000,0.0009057519435882568,435.6456540173091
0.0015954971313476562,0.0016090168952941895,2.5076491832733154,1000,6.5658097,16887,16887000,0.0008706440925598145,398.8794904450845
0.0015239715576171875,0.0017967336177825927,2.835965156555176,1000,980.8506,16891,16891000,0.0010092532634735107,352.68150955244397
0.0013134479522705078,0.0012576665878295899,2.1739747524261475,1000,407.5801,16896,16896000,0.0008896756172180176,460.10527024782675
0.0026009082794189453,0.0015488390922546386,2.4708168506622314,1000,997.0288,16901,16901000,0.0008937504291534424,404.8153122985541
0.0010836124420166016,0.0014502933025360106,2.389113426208496,1000,775.1221,16906,16906000,0.000911806583404541,418.6689667501715
0.0021352767944335938,0.001388392925262451,2.322855234146118,1000,724.63727,16910,16910000,0.0009058122634887695,430.6175865274307
0.002500295639038086,0.0015279228687286378,2.519141912460327,1000,777.901,16915,16915000,0.0009623067378997802,397.06045095944114
0.0012581348419189453,0.00129184889793396,2.2183525562286377,1000,530.2962,16920,16920000,0.0009002661705017089,450.89851734586443
0.0014963150024414062,0.0017662642002105712,2.8988876342773438,1000,686.2653,16924,16924000,0.0011017158031463622,345.02792310794814
0.0017247200012207031,0.0013830270767211915,2.3784701824188232,1000,543.2675,16928,16928000,0.0009683709144592285,420.5418922211405
0.0020313262939453125,0.0015493590831756592,2.5560343265533447,1000,986.8776,16932,16932000,0.0009781866073608398,391.3271981333348
0.0014913082122802734,0.001133406162261963,2.0311574935913086,1000,998.81726,16937,16937000,0.0008716902732849121,492.47006324270967
0.0009634494781494141,0.001572535514831543,2.562960386276245,1000,434.83807,16942,16942000,0.0009637138843536377,390.25584841231625
0.0016021728515625,0.0015725746154785156,2.534391403198242,1000,11.348384,16947,16947000,0.0009342362880706787,394.6601478127542
0.0042095184326171875,0.0014420180320739745,2.413545846939087,1000,585.4873,16952,16952000,0.000941662073135376,414.3859145083244
0.0012979507446289062,0.0016031718254089355,2.5160136222839355,1000,982.6074,16957,16957000,0.0008858466148376465,397.5459713332691
0.0015845298767089844,0.001590484380722046,2.5270943641662598,1000,852.58514,16962,16962000,0.0009069671630859375,395.8021589376813
0.0018112659454345703,0.0015298731327056884,2.5342893600463867,1000,758.3677,16967,16967000,0.0009758868217468262,394.68740698722985
0.00130462646484375,0.0014890239238739013,2.45363712310791,1000,403.11743,16972,16972000,0.0009380683898925781,407.67857583720166
0.0015482902526855469,0.002181643009185791,3.2641119956970215,1000,988.44006,16976,16976000,0.0010518972873687744,306.41841609233205
0.002627849578857422,0.0016577112674713134,2.717273473739624,1000,463.66098,16980,16980000,0.0010307178497314454,368.09579696486026
0.0015273094177246094,0.001489711284637451,2.4279768466949463,1000,269.7996,16984,16984000,0.0009109110832214355,411.95664141577095
0.0011210441589355469,0.001523291826248169,2.465064525604248,1000,970.06964,16989,16989000,0.0009144916534423828,405.76975541422473
0.0009884834289550781,0.001456833839416504,2.3700108528137207,1000,999.3787,16994,16994000,0.0008876054286956788,422.051678565233
0.000997304916381836,0.0013715476989746094,2.2739901542663574,1000,694.2804,16999,16999000,0.0008758039474487304,439.8565462668492
0.0011589527130126953,0.0016913735866546631,2.662414312362671,1000,927.0438,17003,17003000,0.0009425935745239258,375.67433312786494
0.0009899139404296875,0.0017359166145324708,2.7491703033447266,1000,961.45654,17008,17008000,0.0009846231937408448,363.8353095746029
0.0012061595916748047,0.0014524171352386474,2.379258155822754,1000,730.5061,17013,17013000,0.0009000606536865235,420.40654194975315
0.0018420219421386719,0.001518341064453125,2.4586474895477295,1000,891.8076,17017,17017000,0.0009114606380462647,406.8296647923855
0.0014846324920654297,0.0014469826221466065,2.4443325996398926,1000,190.81696,17022,17022000,0.0009701659679412841,409.20745655803034
0.0017135143280029297,0.0015212633609771728,2.500988721847534,1000,616.6333,17027,17027000,0.0009526073932647705,399.9337115487412
0.001485586166381836,0.0018798370361328125,2.9422502517700195,1000,1000.0,17031,17031000,0.0010330927371978759,339.9390796164073
0.0011811256408691406,0.0013550302982330321,2.2913239002227783,1000,280.5556,17035,17035000,0.0009089441299438476,436.5812317401737
0.002091646194458008,0.0017342038154602051,2.7972192764282227,1000,534.26697,17039,17039000,0.00103344464302063,357.5702467192281
0.0018515586853027344,0.0014969372749328613,2.491100311279297,1000,499.778,17044,17044000,0.0009658188819885254,401.5244954311471
0.001203298568725586,0.0013510150909423829,2.257160186767578,1000,657.6068,17049,17049000,0.0008796970844268799,443.1372221705114
0.0016620159149169922,0.0016353812217712402,2.7101192474365234,1000,97.29793,17053,17053000,0.0010454280376434326,369.0664808269165
0.0015451908111572266,0.001414858341217041,2.378530740737915,1000,583.9227,17058,17058000,0.0009369285106658935,420.53236300401574
0.0013594627380371094,0.0013785562515258789,2.2937684059143066,1000,578.105,17063,17063000,0.0008880796432495118,436.07109086287267
0.0013720989227294922,0.0015484101772308349,2.4789645671844482,1000,716.1873,17068,17068000,0.0009023027420043946,403.48612138164646
0.0020630359649658203,0.0014869101047515869,2.455570936203003,1000,674.57324,17073,17073000,0.0009403870105743408,407.38251037637997
0.0010685920715332031,0.0015363867282867432,2.5564770698547363,1000,393.5638,17078,17078000,0.0009927234649658202,391.25101513604454
0.0014841556549072266,0.0015517158508300782,2.534778118133545,1000,620.14136,17083,17083000,0.0009549088478088379,394.60463838526766
0.0015382766723632812,0.0014345040321350098,2.3928725719451904,1000,190.80994,17088,17088000,0.0009313552379608155,418.0042530893099
0.0018017292022705078,0.0016015775203704833,2.581772804260254,1000,998.85535,17093,17093000,0.0009516570568084717,387.4227704576541
0.0019254684448242188,0.0013532750606536864,2.265146493911743,1000,650.56946,17098,17098000,0.000885284423828125,441.57926526072714
0.0019314289093017578,0.0012359373569488525,2.046154499053955,1000,999.29,17103,17103000,0.0007843585014343262,488.8557932147678
0.0009665489196777344,0.001461392879486084,2.4109692573547363,1000,508.958,17108,17108000,0.0009243137836456299,414.86797244661284
0.001007080078125,0.0014936444759368896,2.443060874938965,1000,760.30145,17112,17112000,0.0009231865406036377,409.42575415658064
0.0019006729125976562,0.001470857858657837,2.4283809661865234,1000,524.9323,17117,17117000,0.0009298281669616699,411.89951755076413
0.0008394718170166016,0.0012480885982513428,2.1685309410095215,1000,419.86093,17122,17122000,0.0008926372528076172,461.26491359113027
0.001436471939086914,0.0017242097854614257,2.781186819076538,1000,534.6627,17126,17126000,0.0010270240306854248,359.7029484070362
0.001726388931274414,0.0014492034912109374,2.4073305130004883,1000,781.707,17131,17131000,0.0009271736145019531,415.5087865219274
0.0011363029479980469,0.0015282917022705078,2.4301681518554688,1000,975.854,17136,17136000,0.0008752517700195313,411.5884060986033
0.001300811767578125,0.001422987461090088,2.4016101360321045,1000,986.54175,17141,17141000,0.0009506652355194092,416.48791289539406
0.001520395278930664,0.0016815838813781737,2.732635498046875,1000,653.59436,17145,17145000,0.001022775888442993,366.01903562457966
0.0017557144165039062,0.0013722639083862305,2.3259775638580322,1000,786.00867,17150,17150000,0.0009261283874511719,430.10368090383724
0.0008988380432128906,0.001510631799697876,2.508617877960205,1000,339.63458,17154,17154000,0.0009720070362091065,398.7083318678331
0.000934600830078125,0.0013969051837921143,2.3438634872436523,1000,539.6015,17159,17159000,0.0009185361862182617,426.7601333177727
0.0020062923431396484,0.0015543453693389892,2.5993192195892334,1000,430.70786,17164,17164000,0.0010146605968475342,384.8154075013565
0.0011894702911376953,0.0014269473552703858,2.4280176162719727,1000,321.92685,17168,17168000,0.0009750847816467285,411.9532831298794
0.0010483264923095703,0.0014449288845062255,2.3433494567871094,1000,975.0221,17173,17173000,0.0008718483448028565,426.84725522201217
0.0010609626770019531,0.0014796693325042725,2.4051175117492676,1000,592.7168,17177,17177000,0.0008983023166656495,415.8681977782905
0.0018281936645507812,0.0014526004791259766,2.410747766494751,1000,523.46924,17182,17182000,0.0009305217266082764,414.90921724156215
0.0013170242309570312,0.0015132701396942138,2.4323694705963135,1000,944.22046,17186,17186000,0.0008915698528289795,411.2162727093757
