env_reset_duration_sec,env_step_duration_sec,episode_duration,episode_length,episode_return,evaluator_episodes,evaluator_steps,select_action_duration_sec,steps_per_second
0.2155003547668457,0.0015392556190490722,4.589555978775024,1000,0.10099505,1,1000,0.0028109188079833984,217.91226399160044
0.01489710807800293,0.00047795915603637693,1.4107043743133545,1000,0.0701376,6,6000,0.0008952486515045166,709.0591548133834
0.025885343551635742,0.000537466287612915,1.5335512161254883,1000,0.23622473,13,13000,0.00094319748878479,652.3208980908788
0.009224176406860352,0.00040030789375305174,1.2126851081848145,1000,1.0127649,21,21000,0.0007792236804962158,825.1001103988127
0.026269197463989258,0.00039148283004760743,1.218583106994629,1000,2.409446,30,30000,0.0007778894901275635,820.9965714035166
0.010249137878417969,0.0004268770217895508,1.2865090370178223,1000,17.875467,38,38000,0.0008272342681884766,777.6506714120809
0.012382268905639648,0.0004344916343688965,1.2861285209655762,1000,30.374107,46,46000,0.0008156993389129639,777.8462305380992
0.024796009063720703,0.0003872988224029541,1.195019245147705,1000,54.49932,54,54000,0.00076125168800354,837.1922757943419
0.009228706359863281,0.000467160701751709,1.3658733367919922,1000,36.535862,62,62000,0.000865973711013794,732.4741967380193
0.02499866485595703,0.00048433780670166016,1.4379620552062988,1000,93.03656,70,70000,0.0009047501087188721,695.6987898969431
0.015591859817504883,0.0005180332660675049,1.461378812789917,1000,80.30683,78,78000,0.0009021933078765869,684.6344335060683
0.009771108627319336,0.000417858362197876,1.262209177017212,1000,60.40108,85,85000,0.0008118984699249268,792.6274735687157
0.034393310546875,0.00045104289054870604,1.3418822288513184,1000,54.78757,93,93000,0.0008317551612854004,745.5417824196072
0.025834321975708008,0.00044395971298217776,1.3062846660614014,1000,57.226456,101,101000,0.0008135881423950196,765.8785482084141
0.010287761688232422,0.000515308141708374,1.4472625255584717,1000,52.74192,109,109000,0.0008974289894104004,691.2388610910004
0.028769254684448242,0.00044344496726989746,1.3464312553405762,1000,54.08637,117,117000,0.0008501744270324707,743.0523704115103
0.03455686569213867,0.000549705982208252,1.598578929901123,1000,102.99223,125,125000,0.000987489700317383,625.7654030224934
0.014998912811279297,0.0005057947635650634,1.4374017715454102,1000,36.36008,132,132000,0.0008926510810852051,696.0611998236242
0.025388479232788086,0.0005336475372314454,1.4819588661193848,1000,77.73369,140,140000,0.000899430513381958,675.058306872397
0.025516271591186523,0.0005165960788726807,1.4987297058105469,1000,60.936172,147,147000,0.0009302399158477783,667.5069578657622
0.024282217025756836,0.000418532133102417,1.2890172004699707,1000,117.99236,154,154000,0.000820584774017334,776.1858136323067
0.010790348052978516,0.0004107191562652588,1.247635841369629,1000,45.934834,162,162000,0.0008015906810760498,801.9093005750806
0.01808786392211914,0.0004130547046661377,1.253504753112793,1000,65.54908,170,170000,0.0007988154888153076,798.1075148345141
0.023983478546142578,0.0004077813625335693,1.2717626094818115,1000,146.51631,178,178000,0.0008184866905212402,786.5873510018229
0.02339482307434082,0.00040830039978027345,1.2432820796966553,1000,79.09035,186,186000,0.0007891113758087159,804.7211490293491
0.029485464096069336,0.0004498188495635986,1.3503894805908203,1000,101.20956,194,194000,0.0008461964130401611,740.9249019105256
0.0303802490234375,0.0005343780517578125,1.5230774879455566,1000,139.97884,201,201000,0.0009315738677978516,656.7949944386305
0.03128409385681152,0.0005508661270141602,1.546354055404663,1000,181.04324,208,208000,0.0009343078136444092,646.9940634807269
0.017476320266723633,0.0005303065776824951,1.496891736984253,1000,199.37732,215,215000,0.0009253437519073486,668.3478790177242
0.034674882888793945,0.0005227854251861572,1.515129566192627,1000,232.55075,222,222000,0.0009311842918395996,660.2694125838481
0.009128093719482422,0.000532869815826416,1.4778697490692139,1000,222.62617,230,230000,0.0009111676216125488,676.9518007807784
0.03928661346435547,0.0007158021926879883,1.9361021518707275,1000,151.59328,237,237000,0.0011507604122161866,516.6714872704033
0.028437376022338867,0.000739530086517334,1.935617446899414,1000,243.08284,243,243000,0.001137800931930542,516.8193785580355
0.02189326286315918,0.00048761963844299314,1.4418556690216064,1000,222.33543,250,250000,0.0009084458351135253,694.0173061537863
0.009093999862670898,0.0005070171356201171,1.425154685974121,1000,231.3317,258,258000,0.0008861222267150879,701.975917310084
0.027799606323242188,0.0005478508472442627,1.565762996673584,1000,232.67241,265,265000,0.0009628252983093262,638.9450036796848
0.008170366287231445,0.00049638032913208,1.4315812587738037,1000,231.51118,272,272000,0.0009037952423095703,698.842644506152
0.0083160400390625,0.0004896578788757324,1.4077513217926025,1000,220.6511,280,280000,0.0008865270614624024,710.6675945001635
0.009741783142089844,0.00042158198356628416,1.2538683414459229,1000,202.49857,288,288000,0.0008002698421478271,797.8797796078688
0.032340288162231445,0.0004951264858245849,1.4233288764953613,1000,231.33759,296,296000,0.0008688995838165283,702.8445041593683
0.04394412040710449,0.0005232243537902832,1.523587703704834,1000,226.94771,304,304000,0.0009284567832946777,656.6470281752235
0.009714365005493164,0.0004344382286071777,1.2928698062896729,1000,258.0498,312,312000,0.000824427604675293,773.7703127657683
0.011340856552124023,0.0004921238422393799,1.4277830123901367,1000,235.36838,320,320000,0.0008988885879516602,700.697305334202
0.030249357223510742,0.000457097053527832,1.3615202903747559,1000,278.36896,328,328000,0.0008485820293426513,734.869427337474
0.030173301696777344,0.000461683988571167,1.3631839752197266,1000,280.0932,336,336000,0.000847461223602295,733.8503389743917
0.025354385375976562,0.00045726370811462403,1.3452038764953613,1000,279.7108,344,344000,0.000839998722076416,743.7015139629857
0.020596027374267578,0.0005039210319519043,1.4411962032318115,1000,251.79016,352,352000,0.000891770362854004,694.1881103497037
0.03316044807434082,0.0004794671535491943,1.3901915550231934,1000,316.56842,360,360000,0.0008515353202819824,719.7994867038095
0.01409149169921875,0.00045887923240661623,1.3547003269195557,1000,300.39404,368,368000,0.0008584463596343994,738.5365218049693
0.024021625518798828,0.0005316004753112793,1.518704891204834,1000,308.49408,375,375000,0.0009376299381256103,658.7178140571564
0.03234362602233887,0.0004532907009124756,1.3497974872589111,1000,315.31467,383,383000,0.0008386752605438233,741.2054937830903
0.00943136215209961,0.0005096511840820313,1.4784221649169922,1000,317.9889,391,391000,0.0009327707290649414,676.7073683476856
0.02463507652282715,0.00043114519119262696,1.28590726852417,1000,315.21573,399,399000,0.0008062691688537597,778.0441972757442
0.03724169731140137,0.00047711896896362305,1.4230422973632812,1000,71.69494,407,407000,0.0008833270072937012,702.9875139091436
0.008553028106689453,0.0004594690799713135,1.351407766342163,1000,348.63174,415,415000,0.0008578112125396728,740.4217308795622
0.028644800186157227,0.0006773099899291992,1.8866040706634521,1000,305.93265,423,423000,0.001151503324508667,530.2180916920063
0.03226494789123535,0.0004729633331298828,1.413276195526123,1000,344.84824,430,430000,0.0008815474510192871,707.9020377797183
0.009157657623291016,0.00048319387435913087,1.4004950523376465,1000,336.29596,438,438000,0.0008794872760772705,714.3264180625309
0.03753328323364258,0.0004203646183013916,1.3068442344665527,1000,361.27786,446,446000,0.0008254725933074951,765.5019797760787
0.01510477066040039,0.0004238817691802978,1.2494666576385498,1000,354.61703,454,454000,0.0007887897491455078,800.7335516450025
0.022057771682739258,0.0003810465335845947,1.1907858848571777,1000,346.53952,463,463000,0.0007629504203796386,840.2204447236518
0.012161970138549805,0.0004419686794281006,1.3387408256530762,1000,343.00696,471,471000,0.0008610575199127197,747.3162085484711
0.02768421173095703,0.00045301079750061036,1.3382198810577393,1000,336.68753,479,479000,0.0008327248096466065,747.6123235511471
0.0102081298828125,0.0004144589900970459,1.2622981071472168,1000,340.29416,487,487000,0.0008157939910888672,792.6345136885844
0.013499259948730469,0.0004476611614227295,1.323958396911621,1000,339.56503,495,495000,0.0008396453857421875,755.6634619057194
0.009654760360717773,0.0004034104347229004,1.238326072692871,1000,345.5548,503,503000,0.0008033976554870605,807.9085315044155
0.035112619400024414,0.00043537306785583496,1.3149244785308838,1000,343.18552,511,511000,0.0008191444873809814,760.849942387118
0.033217668533325195,0.0004252450466156006,1.3139984607696533,1000,348.44974,519,519000,0.0008302452564239502,761.3786453307309
0.00879979133605957,0.00046447014808654783,1.3578217029571533,1000,355.40372,527,527000,0.000860039234161377,736.8186392820949
0.009329795837402344,0.0004383339881896973,1.2890887260437012,1000,356.54132,535,535000,0.0008177590370178222,776.0719248482292
0.02666473388671875,0.0005908353328704834,1.6745083332061768,1000,356.21533,542,542000,0.0010313379764556885,597.4157162216095
0.009303092956542969,0.00044548535346984863,1.3379442691802979,1000,343.69568,550,550000,0.0008596732616424561,747.765468254629
0.02966165542602539,0.0006819334030151367,2.32332181930542,1000,358.74908,556,556000,0.0015764915943145752,430.5353710393668
0.04330706596374512,0.0006862823963165283,2.1480534076690674,1000,355.00848,561,561000,0.001385814666748047,465.70199098153626
0.040376901626586914,0.0006506204605102539,2.1048359870910645,1000,348.86203,566,566000,0.001383579730987549,475.24454511153385
0.019655704498291016,0.0006981110572814942,2.23521089553833,1000,355.89328,571,571000,0.0014847495555877686,447.54437693352315
0.02884197235107422,0.0006613533496856689,2.068633794784546,1000,366.79385,576,576000,0.0013484041690826416,483.695098127403
0.03655576705932617,0.0006559734344482422,2.1716699600219727,1000,371.9805,581,581000,0.0014451196193695068,460.596790903115
0.010982513427734375,0.0006995773315429687,2.175201892852783,1000,379.45416,586,586000,0.00143593430519104,459.8518866758857
0.0295562744140625,0.000604989767074585,1.987314224243164,1000,387.67273,591,591000,0.0013206229209899902,503.3613194263345
0.05230593681335449,0.0006235907077789307,2.129115104675293,1000,402.09506,596,596000,0.0014241065979003907,469.8233731052447
0.03223228454589844,0.0006477513313293457,2.0354113578796387,1000,404.12134,602,602000,0.0013237276077270508,491.461216631042
0.034126996994018555,0.0005806446075439453,1.9011871814727783,1000,387.22598,608,608000,0.0012559502124786378,526.18252016385
0.03040003776550293,0.0005656409263610839,1.8754959106445312,1000,422.6056,614,614000,0.001248924732208252,533.3960712898182
0.03524279594421387,0.0006117329597473144,1.978825330734253,1000,404.0749,619,619000,0.001301910400390625,505.51311647580934
0.032227277755737305,0.0006274428367614746,1.9983971118927002,1000,412.8634,625,625000,0.0013108184337615966,500.5912611741678
0.03574252128601074,0.0005874722003936767,1.9605844020843506,1000,391.1744,631,631000,0.0013052499294281005,510.29538169919454
0.034297943115234375,0.0006635305881500244,2.1018736362457275,1000,398.21234,636,636000,0.0013715481758117675,475.99411326250004
0.009706735610961914,0.0006335198879241944,2.021899700164795,1000,382.71707,642,642000,0.0013498668670654298,494.7429994044405
0.03821229934692383,0.0006526095867156982,2.0604312419891357,1000,390.797,647,647000,0.001336282253265381,485.49191617317496
0.025664091110229492,0.0006185898780822754,2.016460418701172,1000,394.4782,652,652000,0.0013424479961395264,496.06611653917605
0.03276538848876953,0.000586998462677002,1.9245963096618652,1000,395.20215,658,658000,0.0012739953994750977,519.7414962934857
0.03289294242858887,0.0006054692268371582,1.985776662826538,1000,391.79974,664,664000,0.001314913272857666,503.78943752394747
0.0387725830078125,0.0006051614284515381,1.915496826171875,1000,251.58264,670,670000,0.001237675666809082,522.217668054996
0.0375218391418457,0.000604891300201416,1.9698760509490967,1000,419.49506,676,676000,0.001297715425491333,507.8103784123831
0.03294825553894043,0.0006223564147949218,1.9486727714538574,1000,446.18405,682,682000,0.001264620065689087,513.3776971795404
0.03191566467285156,0.0006462492942810058,2.04071307182312,1000,423.1311,687,687000,0.0013313608169555663,490.1999833573156
0.029511213302612305,0.0005648143291473389,1.8795523643493652,1000,443.23895,693,693000,0.0012587218284606935,532.2274362518575
0.017081499099731445,0.0006204442977905273,2.031080484390259,1000,430.6766,698,698000,0.0013625459671020507,492.4713931726855
0.019814014434814453,0.0006799018383026123,2.0882368087768555,1000,266.22806,703,703000,0.0013592569828033447,479.04233198356894
0.009932994842529297,0.0006639478206634521,2.087467908859253,1000,442.11444,709,709000,0.0013848409652709962,479.1978758700113
0.03043198585510254,0.000616865873336792,1.9924895763397217,1000,438.51785,715,715000,0.0013143882751464845,502.19758378333074
0.028655290603637695,0.0006108565330505371,1.961493968963623,1000,84.11749,721,721000,0.0012922954559326171,509.9929610508644
0.009985923767089844,0.0006274104118347168,1.9787840843200684,1000,104.62183,727,727000,0.0013127682209014893,505.5024545945505
0.036850929260253906,0.0005936288833618164,1.9664137363433838,1000,432.2673,733,733000,0.0013039426803588866,508.7084847128655
0.014749765396118164,0.0005751109123229981,1.8861298561096191,1000,295.34238,739,739000,0.0012680730819702149,530.3881935091209
0.010588407516479492,0.0005782563686370849,1.869762897491455,1000,322.4061,745,745000,0.001254380464553833,535.0320453823282
0.029291629791259766,0.0005927808284759521,1.952268362045288,1000,354.24185,751,751000,0.0012989945411682128,512.3872927388476
0.009954214096069336,0.0006022624969482422,1.9639897346496582,1000,83.26071,757,757000,0.0013235957622528076,509.35016050532033
0.009498834609985352,0.0005709688663482666,1.871372938156128,1000,375.17386,763,763000,0.0012622392177581787,534.516712249371
0.027692317962646484,0.0005775799751281738,1.8832309246063232,1000,450.4227,769,769000,0.001247257947921753,531.175352413228
0.03247666358947754,0.0005698530673980713,1.8550355434417725,1000,261.6239,775,775000,0.0012233941555023194,539.2193893043802
0.03221011161804199,0.0005663433074951172,1.8501272201538086,1000,452.45676,781,781000,0.0012256741523742677,540.7035572337837
0.024549007415771484,0.0005756452083587647,1.845557451248169,1000,227.42755,787,787000,0.0012151010036468505,542.03553060644
0.034288883209228516,0.000574233055114746,1.9050445556640625,1000,470.71744,793,793000,0.0012699635028839112,525.0731813084992
0.04073190689086914,0.000607459545135498,1.9544398784637451,1000,278.64597,799,799000,0.0012733588218688965,511.82031308344386
0.029066085815429688,0.0005936157703399658,1.8901145458221436,1000,468.2204,805,805000,0.001239884853363037,529.2389643566862
0.025036096572875977,0.0005278291702270508,1.8030869960784912,1000,476.75946,811,811000,0.0012179346084594726,555.0625405861718
0.030527830123901367,0.0005603337287902832,1.845285415649414,1000,489.45163,817,817000,0.0012289464473724365,542.1003327329389
0.02965068817138672,0.0005636534690856934,1.8569445610046387,1000,506.59207,823,823000,0.0012335481643676758,538.6893894743818
0.037828683853149414,0.0005729384422302246,1.898139238357544,1000,485.6208,829,829000,0.0012591211795806884,527.0018619634134
0.014378547668457031,0.0005635530948638916,1.8012511730194092,1000,492.96292,835,835000,0.001197211742401123,555.3354882248678
0.024442434310913086,0.0005439000129699707,1.8042564392089844,1000,497.99652,841,841000,0.001208740234375,554.5407633941834
0.03357338905334473,0.0006214430332183838,1.9672632217407227,1000,497.76187,847,847000,0.0012826333045959472,508.49176682505066
0.030107736587524414,0.0006012530326843262,1.949833869934082,1000,491.55234,853,853000,0.001283522367477417,513.0397321329187
0.03057718276977539,0.0005752930641174317,1.8768374919891357,1000,501.78818,859,859000,0.0012430500984191893,532.9954128102274
0.03654909133911133,0.0005750102996826172,1.8684897422790527,1000,493.78717,865,865000,0.0012272801399230958,535.3445376542402
0.029747486114501953,0.0005680654048919678,1.8358094692230225,1000,502.95602,871,871000,0.0012064156532287597,544.8757912240304
0.03432941436767578,0.0005433676242828369,1.7322447299957275,1000,507.83414,877,877000,0.0011243867874145509,577.4754366996352
0.035868167877197266,0.0005852880477905274,1.8583786487579346,1000,518.90826,883,883000,0.0012042098045349121,538.2474475522681
0.029175519943237305,0.000544374704360962,1.7706372737884521,1000,522.76544,889,889000,0.0011687862873077392,564.9437535138059
0.030310869216918945,0.0005255939960479737,1.7098045349121094,1000,508.31766,895,895000,0.0011267859935760497,585.0637657939377
0.03344893455505371,0.0005400125980377197,1.7937276363372803,1000,509.1527,901,901000,0.00119167423248291,557.6529326110518
0.02401447296142578,0.0005866422653198242,1.8954558372497559,1000,544.99176,907,907000,0.0012528584003448486,527.8419599161152
0.027820825576782227,0.0005559878349304199,1.7739181518554688,1000,526.87134,913,913000,0.0011619174480438233,563.919486093347
0.013124227523803711,0.0005793399810791015,1.8422391414642334,1000,470.3511,919,919000,0.0012229325771331786,543.0411804864773
0.023831844329833984,0.0005513238906860352,1.8444082736968994,1000,508.95346,925,925000,0.0012432963848114013,542.3345902412193
0.02239680290222168,0.0005481953620910644,1.7946438789367676,1000,527.2007,931,931000,0.0011953198909759521,557.3985170340416
0.03222346305847168,0.0005581095218658447,1.8296489715576172,1000,533.6277,937,937000,0.0012120811939239503,546.7613970109936
0.028191328048706055,0.0005609097480773926,1.8541302680969238,1000,546.0558,943,943000,0.0012354240417480468,539.8838960470595
0.01451253890991211,0.0006124792098999023,1.9407031536102295,1000,555.84894,949,949000,0.0012839071750640869,515.4320399761449
0.034708261489868164,0.0006363470554351806,2.036176919937134,1000,532.6729,955,955000,0.001335146427154541,491.272694093407
0.027730464935302734,0.0006043505668640137,1.9070124626159668,1000,547.3063,961,961000,0.00124729585647583,524.5300706275947
0.010280132293701172,0.000608243465423584,1.930344581604004,1000,558.0749,967,967000,0.001283926010131836,518.2455804356085
0.011490821838378906,0.0006117582321166992,1.9450891017913818,1000,550.4168,973,973000,0.0012945034503936768,514.2574722852601
0.04134011268615723,0.0005687458515167236,1.8890178203582764,1000,551.0925,979,979000,0.0012517175674438476,529.5197878842433
0.024511098861694336,0.00059141206741333,1.8744988441467285,1000,566.49786,985,985000,0.0012295680046081542,533.6124099530712
0.039687395095825195,0.000578294038772583,1.8497686386108398,1000,563.6511,991,991000,0.0012057735919952393,540.7577924911798
0.02924489974975586,0.0005832712650299072,1.871591329574585,1000,540.03107,997,997000,0.0012302932739257813,534.4853797495696
0.03190875053405762,0.0005815770626068116,1.8751881122589111,1000,564.6987,1003,1003000,0.001234734058380127,533.4723262528091
0.009976625442504883,0.0006375024318695068,1.975114107131958,1000,586.3873,1009,1009000,0.001298757791519165,506.49685479072775
0.029527902603149414,0.0005511806011199951,1.8267722129821777,1000,576.25824,1015,1015000,0.0012176332473754882,547.5891504262243
0.031238317489624023,0.000513131856918335,1.7237553596496582,1000,559.43463,1021,1021000,0.00115238618850708,580.3169485233636
0.03410005569458008,0.0005959196090698242,1.933931589126587,1000,584.26544,1027,1027000,0.0012740659713745116,517.2151475096983
0.02521538734436035,0.0005886249542236328,1.8916261196136475,1000,581.01117,1033,1033000,0.001249800443649292,528.8033193430404
0.032472848892211914,0.0005751364231109619,1.8416500091552734,1000,578.1987,1039,1039000,0.0012043852806091309,543.1443421255735
0.01602458953857422,0.0006422641277313233,2.0352654457092285,1000,592.31177,1044,1044000,0.0013473188877105712,491.5205952007208
0.032021284103393555,0.0005843803882598877,1.8770594596862793,1000,581.06396,1050,1050000,0.0012320518493652345,532.8978304092357
0.02889394760131836,0.0005656273365020752,1.8542282581329346,1000,581.945,1056,1056000,0.0012307534217834474,539.5167366053839
0.03266739845275879,0.0005990424156188964,1.9481022357940674,1000,561.54095,1062,1062000,0.0012860987186431884,513.4906397588018
0.03209352493286133,0.000576552152633667,1.817504644393921,1000,577.99243,1068,1068000,0.0011825644969940185,550.3491655938873
0.010022878646850586,0.0005478787422180175,1.817115306854248,1000,580.30475,1074,1074000,0.0012309086322784425,550.5742017580868
0.022594451904296875,0.0006303775310516357,2.0422091484069824,1000,590.2908,1080,1080000,0.0013593363761901856,489.7924675284941
0.03244328498840332,0.0006394836902618408,2.029843807220459,1000,593.9168,1086,1086000,0.0013277688026428222,492.85754993287446
0.03924250602722168,0.0005754151344299316,1.8784327507019043,1000,587.7326,1092,1092000,0.0012361593246459962,532.5574860740725
0.029773950576782227,0.0007039637565612793,1.965998649597168,1000,572.54755,1098,1098000,0.001204503059387207,508.7829045807643
0.03455042839050293,0.0005925064086914063,1.8938934803009033,1000,610.29834,1104,1104000,0.0012367753982543946,528.2152140898563
0.024175405502319336,0.0006652631759643554,2.084726095199585,1000,606.01196,1110,1110000,0.0013659863471984863,479.8263323882408
0.035469770431518555,0.0006757118701934815,2.1800525188446045,1000,598.02167,1115,1115000,0.0014377994537353516,458.8314997265698
0.040074825286865234,0.0005985324382781983,1.9222548007965088,1000,614.9395,1121,1121000,0.0012540285587310791,520.3981538991424
0.01067352294921875,0.0005763168334960938,1.8288311958312988,1000,595.3277,1127,1127000,0.00121468186378479,547.0040526749938
0.035352230072021484,0.0006673669815063476,2.092576742172241,1000,599.37915,1133,1133000,0.0013607077598571777,478.0081474310064
0.01814723014831543,0.0005964016914367675,1.876497745513916,1000,616.43274,1139,1139000,0.0012347218990325928,533.164319528124
0.04310941696166992,0.0006091315746307373,1.9517767429351807,1000,618.9941,1145,1145000,0.0012693490982055664,512.5492761346663
0.0278317928314209,0.0006186783313751221,2.031689167022705,1000,612.19543,1151,1151000,0.00134967041015625,492.3880262353125
0.025366783142089844,0.0006027417182922363,1.9479103088378906,1000,606.35156,1157,1157000,0.0012904226779937745,513.5040931047422
0.02488541603088379,0.0006885464191436767,2.113764762878418,1000,580.3567,1163,1163000,0.0013702712059020996,473.2017324652204
0.038136959075927734,0.0005736241340637207,1.8682918548583984,1000,594.10144,1169,1169000,0.0012228209972381591,535.4932634748695
0.010300636291503906,0.0005942389965057373,1.898813009262085,1000,601.7482,1175,1175000,0.0012644364833831786,526.875220771599
0.03187870979309082,0.000578911304473877,1.8802897930145264,1000,626.6688,1181,1181000,0.001239164113998413,532.0274026260005
0.030251264572143555,0.0006150219440460205,2.0027685165405273,1000,615.08813,1187,1187000,0.0013271300792694091,499.45925605732054
0.017015695571899414,0.000565831184387207,1.8606367111206055,1000,630.1341,1193,1193000,0.0012513420581817627,537.6095617325616
0.02970409393310547,0.0005825707912445068,1.9046494960784912,1000,564.9405,1199,1199000,0.001261998176574707,525.2159252359105
0.03274178504943848,0.0006003420352935791,1.8881511688232422,1000,601.51215,1205,1205000,0.0012250452041625978,529.7580163983208
0.04066205024719238,0.0005478668212890625,1.8193910121917725,1000,630.11945,1211,1211000,0.0012005271911621094,549.8155944138904
0.028787851333618164,0.0006225731372833252,1.9308857917785645,1000,602.46423,1217,1217000,0.001249504327774048,518.0460629870688
0.032236337661743164,0.0006018342971801757,1.9257757663726807,1000,620.6708,1223,1223000,0.0012612369060516358,519.4181947154453
0.03547835350036621,0.0005775511264801026,1.8603479862213135,1000,602.7379,1229,1229000,0.0012192120552062989,537.6861302031689
0.010444402694702148,0.0006387944221496581,1.9951741695404053,1000,615.84753,1235,1235000,0.0013115503787994385,501.34573004285994
0.03192424774169922,0.0005328021049499512,1.7580671310424805,1000,616.30743,1241,1241000,0.001164846897125244,569.0126040587438
0.011062145233154297,0.0006235008239746094,1.949737787246704,1000,610.9494,1247,1247000,0.0012872116565704347,513.0249225931591
0.03985786437988281,0.0006000862121582031,1.922698736190796,1000,629.1159,1253,1253000,0.0012512836456298828,520.2459490984794
0.010174989700317383,0.000549349308013916,1.7931959629058838,1000,627.636,1259,1259000,0.001203922748565674,557.9526298762111
0.038874149322509766,0.0006718735694885254,2.195929527282715,1000,652.65906,1264,1264000,0.001453943967819214,455.51997191924
0.030247926712036133,0.0005831458568572998,1.8999998569488525,1000,636.599,1270,1270000,0.0012596642971038818,526.4766291569842
0.03484773635864258,0.0005758802890777588,1.895155906677246,1000,650.3359,1276,1276000,0.0012540607452392579,527.8976984749595
0.03829598426818848,0.0006206607818603515,1.9840049743652344,1000,639.765,1282,1282000,0.0012941286563873291,504.1685854095724
0.0316166877746582,0.000586482048034668,1.890428066253662,1000,639.94525,1288,1288000,0.001240910530090332,529.1449554025203
0.0351560115814209,0.0005714561939239502,1.8555395603179932,1000,615.4542,1294,1294000,0.001218961238861084,539.1055173077731
0.011440277099609375,0.0005803301334381104,1.8603198528289795,1000,631.7902,1300,1300000,0.001242138385772705,537.721699574841
0.030947208404541016,0.0005889294147491455,1.8874766826629639,1000,635.3308,1306,1306000,0.0012391743659973145,529.967931303748
0.028129100799560547,0.0005599124431610108,1.7627339363098145,1000,615.13654,1312,1312000,0.0011465926170349122,567.5354037808324
0.034189701080322266,0.0006029393672943115,1.8938887119293213,1000,632.7225,1318,1318000,0.0012268197536468505,528.2299157462564
0.027216196060180664,0.0005793068408966065,1.8304331302642822,1000,638.43634,1324,1324000,0.0011952946186065674,546.4908294175773
0.009415626525878906,0.0005663390159606934,1.827204704284668,1000,626.7582,1330,1330000,0.0012240149974822997,547.4960853081707
0.030266523361206055,0.0005735533237457276,1.869459629058838,1000,639.61884,1336,1336000,0.0012342894077301025,535.1168930053018
0.04047131538391113,0.0005231916904449463,1.7469522953033447,1000,621.51044,1342,1342000,0.0011566989421844481,572.6464931494244
0.032716989517211914,0.0005720040798187256,1.8740179538726807,1000,644.883,1348,1348000,0.0012412052154541016,533.8372812876739
0.010582923889160156,0.0005623538494110107,1.790069341659546,1000,641.5878,1354,1354000,0.0011894536018371583,558.8415204877051
0.009963274002075195,0.0005730829238891602,1.8127732276916504,1000,646.7337,1360,1360000,0.001202986717224121,551.8575621242107
0.02319169044494629,0.0005713393688201905,1.8407385349273682,1000,649.1151,1366,1366000,0.0012200303077697754,543.4484996129797
0.008888483047485352,0.0005873873233795166,1.8704121112823486,1000,652.3515,1372,1372000,0.0012471134662628174,534.8260111642257
0.021520137786865234,0.0005614404678344726,1.8338038921356201,1000,646.122,1378,1378000,0.0012206346988677978,545.5300538089845
0.0326542854309082,0.0005243558883666992,1.79325270652771,1000,645.2396,1384,1384000,0.001207097053527832,557.8476991979758
0.03564929962158203,0.0005592207908630371,1.8263072967529297,1000,641.1615,1390,1390000,0.0011995117664337159,547.7998431687232
0.011463165283203125,0.000554361343383789,1.8447363376617432,1000,649.65533,1396,1396000,0.0012523078918457032,542.302334523795
0.010649681091308594,0.0005963060855865478,1.9094629287719727,1000,654.53613,1402,1402000,0.0012740039825439454,523.887226271902
0.028942346572875977,0.0005464003086090087,1.8179144859313965,1000,662.7706,1408,1408000,0.001213961124420166,550.3093067825495
0.012468099594116211,0.0005872046947479248,1.8395395278930664,1000,652.7743,1414,1414000,0.001210249662399292,543.8126412105424
0.034665584564208984,0.0005705218315124512,1.8949730396270752,1000,667.5215,1420,1420000,0.0012609155178070067,527.8603609754465
0.03311800956726074,0.0005669026374816895,1.8540809154510498,1000,637.2944,1426,1426000,0.001228311777114868,539.5329069351324
0.03245067596435547,0.0006149678230285645,1.9814350605010986,1000,639.8943,1432,1432000,0.0013025457859039307,504.8760218364118
0.010962724685668945,0.0005632848739624024,1.8403284549713135,1000,643.8232,1438,1438000,0.0012375526428222655,543.5511821186955
0.03004145622253418,0.0005977022647857666,1.9539637565612793,1000,636.6786,1444,1444000,0.0012975432872772217,511.95556635648444
0.028942346572875977,0.000632561206817627,1.975903034210205,1000,655.1733,1450,1450000,0.001284092664718628,506.2498740200267
0.0207211971282959,0.0006046345233917237,1.9498274326324463,1000,653.9842,1456,1456000,0.0012951416969299316,513.0338333154751
0.029474735260009766,0.0006175537109375,1.9794893264770508,1000,626.4733,1462,1462000,0.0013015727996826172,505.3566452052251
0.014817237854003906,0.0006223707199096679,1.9950592517852783,1000,660.2907,1468,1468000,0.0013305211067199706,501.376593793422
0.03002786636352539,0.000595351219177246,1.9096810817718506,1000,656.0497,1474,1474000,0.0012547507286071776,523.815583820342
0.015201807022094727,0.0005572588443756104,1.834538221359253,1000,661.06,1480,1480000,0.0012326834201812744,545.2906888157727
0.008605241775512695,0.0005544307231903076,1.8036746978759766,1000,679.7701,1486,1486000,0.0012137913703918458,554.588717119299
0.02822589874267578,0.0005710957050323487,1.8830931186676025,1000,664.1431,1492,1492000,0.0012547624111175536,531.1937175254752
0.034139394760131836,0.0005577349662780762,1.6700794696807861,1000,652.88165,1498,1498000,0.0010480923652648926,599.0211270321183
0.013974905014038086,0.0006313722133636474,1.9542372226715088,1000,681.763,1504,1504000,0.0012822165489196778,511.8503562496072
0.030699729919433594,0.000522258996963501,1.733184576034546,1000,675.979,1510,1510000,0.001151487112045288,577.1480522389836
0.010648727416992188,0.000562993049621582,1.8376796245574951,1000,664.5364,1516,1516000,0.001237863063812256,544.3642911486344
0.032477378845214844,0.0005646777153015136,1.8280339241027832,1000,627.87396,1522,1522000,0.0012003951072692871,547.2065849986765
0.026143312454223633,0.0005558679103851318,1.8692448139190674,1000,673.54865,1528,1528000,0.0012596976757049561,535.1814853386978
0.03764939308166504,0.0005885825157165527,1.9187226295471191,1000,679.46185,1534,1534000,0.0012619147300720215,521.3616621605008
0.03897690773010254,0.0005599102973937989,1.8232927322387695,1000,687.1638,1540,1540000,0.0011954522132873536,548.6704340003456
0.03236269950866699,0.000554598331451416,1.8296098709106445,1000,687.69867,1546,1546000,0.0012098031044006348,546.7251205634432
0.009939908981323242,0.0005467345714569091,1.7267324924468994,1000,671.38293,1552,1552000,0.001144078254699707,579.2979925478453
0.030173063278198242,0.0006077926158905029,1.904545783996582,1000,678.1899,1558,1558000,0.0012367854118347167,525.2259879612503
0.019163131713867188,0.0005757133960723877,1.853747844696045,1000,660.983,1564,1564000,0.001229590892791748,539.6772336147969
0.035236358642578125,0.0005819723606109619,1.8643639087677002,1000,667.04254,1570,1570000,0.001217850923538208,536.5525860817295
0.012481451034545898,0.0005978596210479736,1.8926641941070557,1000,678.3968,1576,1576000,0.0012540757656097413,528.5415038196768
0.037421226501464844,0.0005579783916473389,1.8081345558166504,1000,654.25336,1582,1582000,0.0011838138103485107,553.3085492639116
0.02987837791442871,0.0005753271579742432,1.8654773235321045,1000,662.739,1588,1588000,0.0012319269180297852,536.2163334180086
0.03701615333557129,0.0007060041427612304,2.236778497695923,1000,638.73694,1594,1594000,0.0014597833156585692,447.2400072721883
0.02505207061767578,0.0006010880470275879,1.9272058010101318,1000,638.83545,1600,1600000,0.0012717978954315185,519.06619408748
0.023300647735595703,0.0005555334091186523,1.7882230281829834,1000,616.41833,1606,1606000,0.0011793780326843262,559.4055206682291
0.026604890823364258,0.0005382182598114014,1.788027048110962,1000,670.5315,1612,1612000,0.0011931607723236085,559.4840954095349
0.03327798843383789,0.0005418903827667236,1.7918829917907715,1000,674.42065,1618,1618000,0.001188018560409546,558.2741979150223
0.017154216766357422,0.0005410935878753662,1.795966386795044,1000,655.68445,1624,1624000,0.0012095375061035155,557.0148505279172
0.020519733428955078,0.0005939979553222656,1.8690531253814697,1000,663.5649,1630,1630000,0.0012249085903167725,535.2461615716261
0.024769306182861328,0.0005796406269073486,1.8650002479553223,1000,675.21234,1636,1636000,0.0012279362678527831,536.3707569965159
0.027587175369262695,0.0005674312114715576,1.8070156574249268,1000,680.5201,1642,1642000,0.001181095838546753,553.5636276193711
0.024446725845336914,0.0005722064971923828,1.876192569732666,1000,690.7507,1648,1648000,0.0012520883083343506,533.1483253758811
0.03353428840637207,0.0005502545833587646,1.8424348831176758,1000,661.08905,1654,1654000,0.0012263543605804444,542.9286404778461
0.03309130668640137,0.000586132287979126,1.8776676654815674,1000,681.8093,1660,1660000,0.0012302200794219972,532.7893195805573
0.041718482971191406,0.0005800259113311767,1.8802030086517334,1000,690.2735,1666,1666000,0.001228865623474121,532.0552754455006
0.031194210052490234,0.0005966074466705322,1.8810834884643555,1000,683.4005,1672,1672000,0.0012231404781341553,531.9413055333613
0.01780986785888672,0.0006363992691040039,1.9659006595611572,1000,665.3054,1678,1678000,0.0012787559032440186,508.95663564488956
0.03534817695617676,0.0006344552040100098,1.9982256889343262,1000,680.24585,1683,1683000,0.0012990202903747558,500.6077515294046
0.03147315979003906,0.0005575377941131592,1.8347322940826416,1000,687.3394,1689,1689000,0.0012149910926818849,545.2268227474399
0.033605098724365234,0.0005752112865447998,1.8867084980010986,1000,687.906,1695,1695000,0.0012486801147460938,530.2016035855919
0.008972883224487305,0.0005996491909027099,1.8534681797027588,1000,680.1399,1701,1701000,0.0012169108390808106,539.6843165645729
0.03310275077819824,0.0005631675720214844,1.8468677997589111,1000,681.4506,1707,1707000,0.0012234997749328612,541.6711759611512
0.035317420959472656,0.000563647747039795,1.8083362579345703,1000,683.63513,1713,1713000,0.001180246353149414,553.1543602918291
0.009299039840698242,0.0005433011054992676,1.7642662525177002,1000,675.6448,1719,1719000,0.00118584942817688,566.9672384546247
0.0327296257019043,0.0005953326225280761,1.9406871795654297,1000,668.5175,1725,1725000,0.0012833952903747558,515.4298230608758
0.02218151092529297,0.0006144289970397949,1.9331402778625488,1000,684.148,1731,1731000,0.0012653374671936035,517.4574325262947
0.039510488510131836,0.00059311842918396,1.9538516998291016,1000,677.3085,1737,1737000,0.0012901196479797364,511.95869083317376
0.010572195053100586,0.0005646674633026123,1.8596320152282715,1000,688.86755,1743,1743000,0.0012570481300354004,538.024919497731
0.03821420669555664,0.0005776360034942627,1.9131650924682617,1000,677.7102,1749,1749000,0.0012662522792816161,522.893117248101
0.014303922653198242,0.000602867841720581,1.9231212139129639,1000,685.61,1755,1755000,0.0012747344970703125,520.2223969401134
0.0477752685546875,0.0005777807235717773,1.9078178405761719,1000,698.6641,1761,1761000,0.0012520091533660888,524.3231296496865
0.02768254280090332,0.0006087470054626465,1.9560723304748535,1000,674.9921,1767,1767000,0.0012872252464294434,511.39004002915954
0.039577484130859375,0.0005802450180053711,1.9152963161468506,1000,698.6274,1773,1773000,0.0012673699855804443,522.2830858043685
0.022570133209228516,0.0006448361873626709,2.0681777000427246,1000,698.3979,1778,1778000,0.0013718616962432862,483.6533778099216
0.023715734481811523,0.0006301765441894531,1.969785213470459,1000,696.26044,1784,1784000,0.0012872118949890136,507.81437473015995
0.013335704803466797,0.0005654780864715576,1.871628999710083,1000,698.0463,1790,1790000,0.0012659368515014649,534.4637897082018
0.030596017837524414,0.0005926868915557862,1.9694886207580566,1000,694.1228,1796,1796000,0.0013142340183258056,507.8932072693455
0.02885890007019043,0.0006475110054016114,2.0671050548553467,1000,705.3914,1802,1802000,0.0013540987968444825,483.93021618251964
0.011087656021118164,0.0006082031726837158,1.9196879863739014,1000,693.9574,1808,1808000,0.0012733862400054932,521.0725265725864
0.027700185775756836,0.0006338515281677246,2.067871332168579,1000,689.8697,1814,1814000,0.0013742125034332275,483.9464088390778
0.03085923194885254,0.0005989358425140381,2.021498441696167,1000,694.05786,1820,1820000,0.0013635928630828858,494.88379863866083
0.015539884567260742,0.0006081044673919677,1.9800968170166016,1000,678.96924,1826,1826000,0.0013232226371765136,505.2999033927935
0.03446173667907715,0.000582606315612793,1.9058315753936768,1000,706.2033,1832,1832000,0.0012590200901031494,524.8769118951463
0.03781580924987793,0.0005556840896606446,1.8399035930633545,1000,720.2548,1838,1838000,0.0012180535793304443,543.6769470850386
0.04091334342956543,0.0005839502811431884,1.876767873764038,1000,714.68036,1844,1844000,0.0012231588363647461,533.0137007887624
0.03171086311340332,0.0005708365440368653,1.9203307628631592,1000,729.8924,1850,1850000,0.0012879388332366942,520.9246499972925
0.030341386795043945,0.0006893198490142822,2.228952646255493,1000,696.0086,1856,1856000,0.001477843999862671,448.8202255366833
0.030824661254882812,0.0006212317943572999,1.9668283462524414,1000,703.2157,1862,1862000,0.0012860438823699952,508.589618539355
0.03309059143066406,0.0005996167659759521,1.9796311855316162,1000,697.1139,1868,1868000,0.0013172619342803956,505.3805755619331
0.017472505569458008,0.000660062313079834,2.079035758972168,1000,683.5488,1873,1873000,0.0013704943656921388,481.12826840101945
0.03101038932800293,0.0005825953483581543,1.8983204364776611,1000,704.40625,1879,1879000,0.001258026123046875,527.0058349666524
0.017985105514526367,0.0005792577266693115,1.8623895645141602,1000,669.8094,1885,1885000,0.0012386922836303711,537.0942056934518
0.039963722229003906,0.0005581121444702148,1.887794017791748,1000,717.7686,1891,1891000,0.0012605769634246827,529.8290180999162
0.01519322395324707,0.0005600042343139648,1.8119781017303467,1000,726.10333,1897,1897000,0.0012093260288238525,552.0596360197937
0.013517141342163086,0.0005558898448944092,1.8066489696502686,1000,712.51666,1903,1903000,0.0012090661525726318,553.6717033411283
0.010077953338623047,0.0005851023197174073,1.8473105430603027,1000,700.5144,1909,1909000,0.001224168300628662,541.5160627792918
0.029766082763671875,0.0005825240612030029,1.8566148281097412,1000,706.45575,1915,1915000,0.0012171757221221924,538.7693109236617
0.012978076934814453,0.000627526044845581,1.9945735931396484,1000,710.7154,1921,1921000,0.0013261497020721435,501.51393860187716
0.03002333641052246,0.00056248140335083,1.8588218688964844,1000,710.2146,1927,1927000,0.001237161636352539,538.2594664045976
0.03120565414428711,0.0006091194152832031,1.9493515491485596,1000,722.67145,1933,1933000,0.0012816979885101319,513.1711728818602
0.03549599647521973,0.0005763051509857178,1.9094479084014893,1000,697.5165,1939,1939000,0.0012691326141357421,523.9054835088531
0.03839564323425293,0.0005566630363464355,1.8405563831329346,1000,713.8977,1945,1945000,0.0012153666019439698,543.5230074729644
0.03302359580993652,0.0006171762943267822,1.9963202476501465,1000,662.63684,1951,1951000,0.0013172290325164796,501.0562154122752
0.030466318130493164,0.0006602990627288818,2.104523181915283,1000,689.9979,1956,1956000,0.0013842446804046631,475.3371288794428
0.03566384315490723,0.0005879640579223633,1.900547981262207,1000,695.00867,1961,1961000,0.0012485237121582031,526.3068472778017
0.030868053436279297,0.0005892207622528076,1.9354913234710693,1000,718.4226,1967,1967000,0.0012854835987091064,516.8314147634997
0.014139652252197266,0.0005666046142578125,1.810201644897461,1000,723.10333,1973,1973000,0.001201836347579956,552.6421336290382
0.03677105903625488,0.0006323726177215576,1.9898841381072998,1000,726.95825,1979,1979000,0.0012862305641174316,502.7140877629154
0.03665971755981445,0.0005921645164489746,1.9334890842437744,1000,713.742,1985,1985000,0.0012742209434509278,517.4119189792156
0.01979231834411621,0.0005955760478973389,1.9225375652313232,1000,697.03394,1991,1991000,0.0012772798538208008,520.3305608779228
0.02702474594116211,0.0005895638465881348,1.9289264678955078,1000,716.6913,1997,1997000,0.0012828874588012695,518.5758224932589
0.029470443725585938,0.0006014487743377686,1.9445602893829346,1000,712.81445,2003,2003000,0.0012823765277862548,514.3943953961482
0.029262304306030273,0.0005441982746124267,1.8348088264465332,1000,711.8642,2009,2009000,0.0012335219383239745,545.1872772338937
0.026964664459228516,0.0006396992206573486,2.021423578262329,1000,722.67523,2015,2015000,0.0013233370780944824,494.8584582040677
0.03340506553649902,0.0005324678421020508,1.746129035949707,1000,720.61597,2021,2021000,0.0011505370140075684,572.9262127527628
0.03697705268859863,0.0005988230705261231,1.937182903289795,1000,714.2708,2027,2027000,0.0012697687149047852,516.5248255685148
0.04601287841796875,0.0005732336044311523,1.8938038349151611,1000,716.5507,2033,2033000,0.0012422540187835692,528.1776321273942
0.019318103790283203,0.0005888082981109619,1.8990790843963623,1000,722.88104,2039,2039000,0.0012619216442108154,526.7553880822005
0.03353118896484375,0.0005658872127532959,1.8330693244934082,1000,742.49243,2045,2045000,0.001205622911453247,545.7270935164539
0.028349876403808594,0.000597506046295166,1.9431076049804688,1000,727.1265,2050,2050000,0.0012870039939880372,514.7961247032067
0.018267393112182617,0.0006756336688995362,2.06919002532959,1000,730.25006,2056,2056000,0.0013442630767822265,483.4102826615697
0.02448892593383789,0.000548079252243042,1.7940433025360107,1000,719.92865,2062,2062000,0.0011929874420166017,557.5685710449599
0.011176347732543945,0.0005667948722839355,1.855341911315918,1000,722.8871,2068,2068000,0.0012497663497924804,539.1389877724325
0.03376293182373047,0.0006032848358154297,1.948373556137085,1000,724.32666,2074,2074000,0.0012822782993316651,513.408614749158
0.02768993377685547,0.0005817258358001709,1.916560173034668,1000,728.6513,2080,2080000,0.0012764396667480468,521.9341422601744
0.017281770706176758,0.000576904296875,1.8848154544830322,1000,726.8472,2086,2086000,0.0012603480815887452,530.7081086675788
0.021574974060058594,0.0005810585021972656,1.8425281047821045,1000,725.25934,2092,2092000,0.0012126233577728271,542.899195172094
0.011061906814575195,0.0005783016681671142,1.8919453620910645,1000,741.8879,2098,2098000,0.0012747287750244141,528.7412571456521
0.04006505012512207,0.0005467538833618164,1.8446857929229736,1000,714.7215,2104,2104000,0.0012298178672790526,542.3131327497705
0.03683733940124512,0.0006128232479095459,1.986302375793457,1000,730.714,2110,2110000,0.0013061347007751465,503.63505939316974
0.028192520141601562,0.0005586037635803223,1.8210644721984863,1000,740.1976,2116,2116000,0.0012082719802856445,549.316867769211
0.03427433967590332,0.0005959541797637939,1.9277980327606201,1000,761.72943,2122,2122000,0.0012674388885498048,518.8770207087936
0.03735470771789551,0.0005804793834686279,1.9149200916290283,1000,737.6657,2128,2128000,0.001265645980834961,522.4334266396078
0.034993648529052734,0.0005830180644989014,1.933779001235962,1000,736.70654,2134,2134000,0.001283766746520996,517.2959690345446
0.019030094146728516,0.0006163489818572999,1.9840099811553955,1000,744.3415,2140,2140000,0.0013205668926239015,504.2041616788854
0.033487796783447266,0.0006035399436950683,1.9265196323394775,1000,711.76025,2146,2146000,0.00125856614112854,519.2784558268315
0.031900882720947266,0.0006205518245697021,2.0016915798187256,1000,732.87225,2152,2152000,0.001318188190460205,499.73180382480393
0.03466367721557617,0.000577174186706543,1.9041216373443604,1000,721.3593,2158,2158000,0.0012621123790740967,525.3265706301357
0.03510761260986328,0.0005615129470825195,1.8578071594238281,1000,734.8721,2164,2164000,0.001232590913772583,538.4508733209613
0.03153634071350098,0.0006033139228820801,1.9482669830322266,1000,721.13904,2170,2170000,0.0012820234298706054,513.4619751673313
0.030817747116088867,0.0005690584182739258,1.936790943145752,1000,733.80176,2176,2176000,0.001309967041015625,516.4560727704543
0.009217023849487305,0.000590526819229126,1.890559434890747,1000,746.0824,2182,2182000,0.0012612800598144531,529.1073745208229
0.03206157684326172,0.0006080653667449951,1.960193157196045,1000,746.76984,2188,2188000,0.001291034460067749,510.30165231339447
0.012502193450927734,0.0005430247783660888,1.814521312713623,1000,737.54736,2194,2194000,0.0012320985794067383,551.3230201951784
0.03764748573303223,0.0005555827617645263,1.8348941802978516,1000,734.31995,2200,2200000,0.0012063126564025878,545.1418565816754
0.03541755676269531,0.0005618555545806884,1.8482246398925781,1000,760.09326,2206,2206000,0.001222977638244629,541.2584133193086
0.03242087364196777,0.0005452418327331543,1.8196146488189697,1000,759.9958,2212,2212000,0.001211744785308838,550.0067270624872
0.04063916206359863,0.0005472466945648193,1.7964792251586914,1000,737.1312,2218,2218000,0.0011782767772674561,556.9303121411967
0.03324103355407715,0.000586453914642334,1.8917860984802246,1000,755.8632,2224,2224000,0.0012431354522705078,528.7748529175755
0.012716054916381836,0.0005791866779327392,1.868398666381836,1000,752.11414,2230,2230000,0.001248103141784668,535.4013253094482
0.021901607513427734,0.0006010837554931641,1.9457361698150635,1000,747.31824,2236,2236000,0.0012940642833709716,514.121945446471
0.031745195388793945,0.0005868120193481445,1.8809762001037598,1000,750.90424,2242,2242000,0.0012333149909973145,531.7910397802597
0.012360811233520508,0.0005460324287414551,1.7988982200622559,1000,764.78314,2248,2248000,0.001213991403579712,556.2661411919704
0.028993844985961914,0.0005807809829711915,1.8492743968963623,1000,741.99774,2254,2254000,0.00121052885055542,540.9036123913403
0.03894519805908203,0.0005501739978790284,1.860398292541504,1000,757.9413,2260,2260000,0.0012422914505004882,537.6655903451796
0.040535688400268555,0.0006109075546264648,1.9651439189910889,1000,753.03595,2266,2266000,0.001285393238067627,509.05899121870135
0.03019571304321289,0.0005901575088500977,1.9318163394927979,1000,763.30786,2272,2272000,0.0012842135429382323,517.8219572201915
0.032466888427734375,0.000545875072479248,1.7858610153198242,1000,739.759,2278,2278000,0.0011780781745910644,560.1468509381513
0.0359039306640625,0.0005603795051574707,1.8579540252685547,1000,753.10767,2284,2284000,0.0012324745655059813,538.4619334748587
0.03205466270446777,0.0006650993824005127,2.0671517848968506,1000,717.8469,2289,2289000,0.0013388752937316894,483.8892926775805
0.034819841384887695,0.0005820579528808594,1.8940272331237793,1000,657.1845,2295,2295000,0.0012463655471801759,528.2786166703277
0.03152751922607422,0.0005627305507659912,1.8731689453125,1000,767.3448,2301,2301000,0.0012508172988891602,534.154705410325
0.02726149559020996,0.0005654008388519288,1.8933002948760986,1000,769.09924,2307,2307000,0.0012723088264465332,528.335911628934
0.028244972229003906,0.0006189503669738769,1.9921693801879883,1000,761.7911,2313,2313000,0.0013150672912597657,502.4034320986412
0.029640913009643555,0.0005860903263092041,1.9238975048065186,1000,735.80023,2319,2319000,0.0012783098220825195,519.9260801505767
0.0372467041015625,0.0006538758277893067,2.1161787509918213,1000,755.709,2325,2325000,0.0013918042182922362,472.6796537089253
0.02666306495666504,0.0005883028507232666,1.9489972591400146,1000,776.1741,2331,2331000,0.0013030366897583009,513.2289427417998
0.037145137786865234,0.0005540790557861328,1.866929054260254,1000,781.25507,2337,2337000,0.001247412919998169,535.9841112803316
0.03470110893249512,0.0006181690692901612,1.9912173748016357,1000,778.49603,2343,2343000,0.0013048291206359864,502.4474870222453
0.032446861267089844,0.0005789022445678711,1.8981237411499023,1000,777.88666,2349,2349000,0.0012572321891784668,527.0619931527119
0.018691062927246094,0.0005898957252502442,1.8926005363464355,1000,766.05054,2355,2355000,0.0012543785572052002,528.531380252782
0.03820967674255371,0.0006284258365631104,2.0395328998565674,1000,767.4959,2360,2360000,0.0013444032669067383,490.44708951741234
0.03432726860046387,0.0007127077579498291,2.2545418739318848,1000,775.69745,2365,2365000,0.0014768693447113038,443.7492336252901
0.02399587631225586,0.000587085247039795,1.894500732421875,1000,772.96643,2371,2371000,0.001255873680114746,528.0315456468062
0.03009772300720215,0.0006454372406005859,2.0351316928863525,1000,754.68054,2377,2377000,0.001330796241760254,491.5170240180186
0.032857656478881836,0.0006218874454498292,1.9801857471466064,1000,763.3833,2383,2383000,0.0012928862571716308,505.1287810406175
0.0321195125579834,0.0006641509532928466,2.098487615585327,1000,734.9892,2389,2389000,0.0013677973747253417,476.82620921649396
0.032161712646484375,0.000612804651260376,1.9415040016174316,1000,785.4158,2394,2394000,0.0012662243843078614,515.2003804885622
0.029541015625,0.0006009547710418701,1.9154119491577148,1000,767.018,2400,2400000,0.0012567481994628907,522.2345736563831
0.012215137481689453,0.0005884690284729004,1.8910853862762451,1000,780.0168,2406,2406000,0.001262427568435669,528.9957981052376
0.03618907928466797,0.0005735206604003906,1.8965682983398438,1000,732.2009,2412,2412000,0.0012535724639892577,527.4752029796039
0.03244924545288086,0.0006281795501708984,1.9988086223602295,1000,720.9863,2418,2418000,0.0013083705902099609,500.47424671496594
0.013248920440673828,0.0006050033569335938,1.9404017925262451,1000,771.34625,2424,2424000,0.0012923972606658936,515.5010905978506
0.02129507064819336,0.0006197471618652344,1.9904851913452148,1000,777.18726,2430,2430000,0.0013196845054626466,502.5567549024788
0.02545952796936035,0.0005904901027679444,1.8613591194152832,1000,743.173,2436,2436000,0.0012170271873474122,537.4438185114321
0.030147314071655273,0.0006327598094940186,1.9259135723114014,1000,782.1152,2442,2442000,0.0012315590381622315,519.3664188937604
0.029556989669799805,0.0005907838344573975,1.9297637939453125,1000,823.8502,2448,2448000,0.0012803192138671874,518.4778721548981
0.0294952392578125,0.00058595871925354,1.8950657844543457,1000,798.4717,2454,2454000,0.0012462575435638428,527.8624203796005
0.024942636489868164,0.0006046042442321777,1.9297497272491455,1000,798.96344,2460,2460000,0.0012692356109619142,518.3567674826754
0.011123180389404297,0.0005614528656005859,1.8610222339630127,1000,820.69775,2466,2466000,0.0012610599994659424,537.4962996946207
0.0189206600189209,0.0006164698600769043,1.9658598899841309,1000,801.1632,2472,2472000,0.0013001010417938233,508.87951009398665
0.02682971954345703,0.0006323432922363281,1.970731496810913,1000,777.52203,2478,2478000,0.001281348466873169,507.5702230109657
0.017590045928955078,0.0006137902736663818,1.9494845867156982,1000,782.91547,2484,2484000,0.0012912113666534424,513.0910073556064
0.03810262680053711,0.0005615956783294678,1.8563251495361328,1000,655.0755,2490,2490000,0.0012288563251495362,538.855555809647
0.023804664611816406,0.0005575098991394043,1.8285305500030518,1000,689.5842,2496,2496000,0.0012204911708831787,547.0469301987929
0.03866314888000488,0.0007568869590759277,2.2943453788757324,1000,781.6094,2501,2501000,0.0014654600620269775,435.9506178793527
0.03364133834838867,0.0005683615207672119,1.872025489807129,1000,760.4608,2507,2507000,0.0012404661178588867,534.3537552765838
0.03609347343444824,0.0006000895500183106,1.9536519050598145,1000,737.6268,2513,2513000,0.0012867734432220458,512.1139628606317
0.032494306564331055,0.0006071336269378662,1.9611589908599854,1000,800.28265,2519,2519000,0.001292149305343628,510.0608100671945
0.010230541229248047,0.0006059467792510987,1.9533162117004395,1000,797.2295,2525,2525000,0.0013097059726715089,512.0852016760113
0.03255605697631836,0.0005477261543273926,1.8240468502044678,1000,650.7853,2531,2531000,0.0012153544425964355,548.4332538812178
0.034598350524902344,0.000634486436843872,2.0240097045898438,1000,673.15814,2537,2537000,0.0013226244449615478,494.24506650967606
0.032295942306518555,0.0006128573417663575,1.9179093837738037,1000,622.41504,2543,2543000,0.0012416501045227051,521.5496038052207
0.03178691864013672,0.000639887809753418,2.051157236099243,1000,737.4196,2549,2549000,0.0013478093147277833,487.7308646374006
0.027025938034057617,0.0005425803661346435,1.8049731254577637,1000,771.49457,2555,2555000,0.001206123113632202,554.2092005272666
0.03268027305603027,0.0005804717540740967,1.8759019374847412,1000,720.1832,2561,2561000,0.0012319774627685546,533.3107512817159
0.032709360122680664,0.0006205251216888427,1.9984774589538574,1000,791.6736,2567,2567000,0.0013142476081848145,500.50787007690604
0.03989672660827637,0.0005673503875732422,1.9168870449066162,1000,660.09204,2573,2573000,0.0012788710594177246,521.9165417135889
0.031222105026245117,0.00061138916015625,1.996669054031372,1000,719.5364,2579,2579000,0.0013211531639099122,500.9886462748568
0.03937387466430664,0.0007511234283447266,2.2952425479888916,1000,95.80667,2585,2585000,0.0014706344604492186,435.83120776242873
0.03415226936340332,0.0006657311916351318,2.117976427078247,1000,689.5019,2590,2590000,0.001384906530380249,472.46651436339414
0.011508941650390625,0.0006194124221801758,1.9743006229400635,1000,803.9058,2595,2595000,0.0013157382011413574,506.64766815219394
0.03165245056152344,0.0005628540515899658,1.8246805667877197,1000,825.70264,2601,2601000,0.0012031054496765136,548.1830239212137
0.022588491439819336,0.000590414047241211,1.9014723300933838,1000,780.23047,2607,2607000,0.0012620415687561036,526.0467056486599
0.02935934066772461,0.0006154351234436035,1.9877276420593262,1000,783.0832,2613,2613000,0.0013131670951843262,503.2234440496641
0.039571523666381836,0.0005799438953399658,1.9227972030639648,1000,785.4024,2619,2619000,0.0012723541259765626,520.2178158091095
0.03656458854675293,0.0005660014152526855,1.882627010345459,1000,784.6542,2625,2625000,0.0012515201568603516,531.4283375721618
0.01838827133178711,0.0005602781772613525,1.853438138961792,1000,776.23474,2631,2631000,0.0012429790496826171,539.6764003388109
0.028708696365356445,0.0005807533264160157,1.904634952545166,1000,803.452,2637,2637000,0.0012663290500640868,525.2014566334498
0.010171175003051758,0.0005641870498657226,1.830897569656372,1000,827.5967,2642,2642000,0.0012294659614562988,546.3852539302301
0.03651261329650879,0.0007140281200408936,2.2154483795166016,1000,699.6965,2647,2647000,0.0014330003261566163,451.50810971002556
0.0353846549987793,0.0006473913192749024,2.1299397945404053,1000,701.0766,2652,2652000,0.0014136867523193359,469.62747155175214
0.01265716552734375,0.000602445125579834,1.95585298538208,1000,689.90796,2658,2658000,0.001310037136077881,511.456826856244
0.03192877769470215,0.0005804734230041503,1.901878833770752,1000,791.1026,2664,2664000,0.00125986385345459,525.9397796203702
0.026155471801757812,0.0006736183166503907,2.1813101768493652,1000,725.9967,2669,2669000,0.001452253818511963,458.58187329035104
0.03304266929626465,0.0006320517063140869,2.074309825897217,1000,793.4962,2675,2675000,0.0013776619434356689,482.2099388060846
0.029927492141723633,0.0005966215133666992,1.962419033050537,1000,772.7285,2681,2681000,0.0013061678409576416,509.7708725346756
0.03708148002624512,0.0006530981063842773,2.046332836151123,1000,815.584,2687,2687000,0.0013257946968078613,488.88103544818307
0.03638410568237305,0.0006969444751739502,2.1781485080718994,1000,806.94476,2692,2692000,0.0014124042987823486,459.79799733788144
0.03671622276306152,0.0006625304222106933,2.0795340538024902,1000,791.3649,2698,2698000,0.0013475096225738525,481.00952843610753
0.029868364334106445,0.0005846402645111084,1.9291062355041504,1000,781.28723,2704,2704000,0.0012846043109893798,518.7511741862202
0.03796577453613281,0.0006605455875396729,2.066080093383789,1000,749.22107,2710,2710000,0.0013364114761352539,484.1275053715906
0.035277366638183594,0.000609926700592041,1.9131829738616943,1000,789.90405,2716,2716000,0.0012387716770172119,522.9181505398919
0.02631068229675293,0.0006895277500152588,2.167630910873413,1000,786.6494,2722,2722000,0.0014211766719818115,461.49934163539154
0.029278039932250977,0.0006875176429748535,2.226992607116699,1000,766.02606,2727,2727000,0.0014790315628051757,449.18754780437746
0.031867265701293945,0.0005919196605682373,1.971163272857666,1000,759.1205,2733,2733000,0.0013157997131347655,507.44802029161025
0.025755882263183594,0.0006229248046875,2.0138936042785645,1000,819.62897,2739,2739000,0.0013380708694458007,496.68786259345825
0.017403125762939453,0.0006076722145080567,1.9090614318847656,1000,786.2387,2745,2745000,0.0012546076774597168,523.9881477824315
0.04399847984313965,0.0005881502628326416,1.7803850173950195,1000,719.0635,2751,2751000,0.001117225170135498,561.9190892479605
0.03168845176696777,0.0006196022033691407,2.0131571292877197,1000,797.32935,2757,2757000,0.001328439474105835,496.9321344638332
0.029080867767333984,0.0006383051872253418,2.0213370323181152,1000,796.916,2762,2762000,0.0013223564624786376,494.8662819322833
0.03719329833984375,0.0006063292026519775,1.968268632888794,1000,791.77435,2768,2768000,0.0012946088314056397,508.2605129835759
0.026482105255126953,0.0006527912616729737,2.1202402114868164,1000,771.3288,2774,2774000,0.0014122986793518066,471.77958129841113
0.030117273330688477,0.0005885307788848877,1.8870124816894531,1000,772.73517,2780,2780000,0.001241685152053833,530.0801192025109
0.029810428619384766,0.0006426331996917724,2.1015355587005615,1000,787.02637,2786,2786000,0.0013979265689849853,476.01285845204893
0.019416332244873047,0.0006454272270202637,2.015423059463501,1000,790.3993,2792,2792000,0.0013217248916625977,496.34795327519754
0.023430585861206055,0.0006432106494903564,2.043975830078125,1000,770.28735,2798,2798000,0.0013462231159210205,489.35930662088754
0.04243302345275879,0.0005726711750030517,1.9042181968688965,1000,774.1916,2804,2804000,0.00125954270362854,525.2990693837964
0.03251147270202637,0.0006226897239685059,1.9865126609802246,1000,776.3402,2810,2810000,0.0013031437397003174,503.60077270820926
0.029144763946533203,0.0006105818748474121,1.9362843036651611,1000,812.0687,2816,2816000,0.0012644977569580078,516.5963962561423
0.035755157470703125,0.0005918238162994385,1.8821139335632324,1000,792.9942,2822,2822000,0.0012260856628417969,531.5060514940586
0.040230512619018555,0.0005946629047393799,1.8956513404846191,1000,824.91473,2828,2828000,0.0012273867130279542,527.6748148396968
0.02822422981262207,0.0006062655448913574,1.9185566902160645,1000,781.47473,2834,2834000,0.0012550859451293946,521.3603660345785
0.03598499298095703,0.0005961735248565674,1.900296926498413,1000,815.9535,2840,2840000,0.0012398452758789061,526.4025590798236
0.03667807579040527,0.0005307350158691406,1.7575454711914062,1000,810.94464,2846,2846000,0.0011606488227844237,569.2078948325532
0.03332996368408203,0.0006135904788970947,1.965247392654419,1000,806.8145,2852,2852000,0.0012887389659881592,508.9830699551013
0.035349369049072266,0.0006518166065216064,2.053692102432251,1000,798.95746,2858,2858000,0.00133404278755188,487.08295963787066
0.0301516056060791,0.000616504430770874,1.9735355377197266,1000,793.3807,2864,2864000,0.0012970571517944337,506.92481136125434
0.028811216354370117,0.0006010453701019287,1.9290952682495117,1000,822.2854,2870,2870000,0.0012706723213195801,518.5204324151917
0.03965425491333008,0.000609389066696167,1.9910027980804443,1000,804.61694,2876,2876000,0.0013139731884002687,502.4580806150772
0.03731131553649902,0.0006373350620269776,2.0130069255828857,1000,822.5091,2882,2882000,0.0013085012435913087,496.9526828464344
0.015317201614379883,0.0006162021160125733,1.956998586654663,1000,814.62854,2888,2888000,0.0012975404262542726,511.1278631261259
0.027880191802978516,0.000590944766998291,1.9405810832977295,1000,813.2622,2894,2894000,0.0012941653728485106,515.5319476353868
0.028967618942260742,0.0005763013362884521,1.8634748458862305,1000,832.5593,2900,2900000,0.0012288258075714112,536.9905105265044
0.02482318878173828,0.0005707426071166992,1.8761606216430664,1000,820.9027,2906,2906000,0.0012541041374206543,533.2181374085163
0.015770673751831055,0.0006234030723571778,2.030193328857422,1000,838.2624,2911,2911000,0.001362215518951416,492.68815206115846
0.031172990798950195,0.0005798351764678955,1.8487639427185059,1000,806.40753,2917,2917000,0.0012078771591186523,541.088458454733
0.026948213577270508,0.0006294806003570557,2.0296177864074707,1000,811.9902,2922,2922000,0.0013431656360626222,492.8576078467961
0.03952312469482422,0.0006421425342559814,2.064598321914673,1000,810.51105,2928,2928000,0.0013535168170928954,484.5175293337697
0.034708499908447266,0.0005868382453918457,1.908308982849121,1000,824.60657,2934,2934000,0.001259415626525879,524.2104168583049
0.04305386543273926,0.0006635196208953858,2.0883400440216064,1000,824.26337,2939,2939000,0.0013485982418060302,479.0012462951185
0.07255983352661133,0.0006178045272827149,2.0288476943969727,1000,838.3309,2944,2944000,0.0013083906173706054,493.02121107042734
0.04154372215270996,0.000702944278717041,2.2644970417022705,1000,826.6304,2950,2950000,0.0014867098331451415,441.70333482909035
0.03223848342895508,0.0007178239822387695,2.2721543312072754,1000,826.44965,2955,2955000,0.0014888124465942383,440.2135878228576
0.011724472045898438,0.0005695106983184815,1.8993079662322998,1000,838.52277,2960,2960000,0.0012901451587677003,526.6508188989903
0.030335426330566406,0.0006470346450805664,2.125842332839966,1000,835.14844,2965,2965000,0.0014188697338104249,470.5722906637999
0.03620767593383789,0.0005967495441436768,1.924673318862915,1000,820.2318,2971,2971000,0.001262798547744751,519.7177965909528
0.03325343132019043,0.000614311933517456,1.8578686714172363,1000,822.0787,2976,2976000,0.0011829400062561034,538.3991040168414
0.03169059753417969,0.0006331701278686524,2.0217597484588623,1000,825.69434,2982,2982000,0.0013279178142547607,494.7421240379827
0.028594017028808594,0.0006632661819458008,2.099607229232788,1000,838.31195,2988,2988000,0.0013783597946166993,476.42568059529583
0.028529644012451172,0.0005994980335235595,1.946528673171997,1000,836.6324,2993,2993000,0.001289684295654297,513.9437261380872
0.028018474578857422,0.0006161341667175293,2.0171968936920166,1000,844.9884,2998,2998000,0.0013447065353393555,495.9406522435727
0.03287839889526367,0.0007208290100097657,2.2126708030700684,1000,770.19275,3003,3003000,0.0014236705303192138,452.07617696734275
0.03654336929321289,0.0006245403289794922,1.9899144172668457,1000,833.4202,3008,3008000,0.0012991073131561278,502.7299951876141
0.035567283630371094,0.0006123428344726562,1.9854331016540527,1000,844.3714,3013,3013000,0.0013086977005004883,503.80456586340847
0.025410175323486328,0.000633249044418335,2.0326085090637207,1000,845.79626,3018,3018000,0.0013423874378204346,492.143753759159
0.03513360023498535,0.0006429712772369385,2.0698158740997314,1000,835.2303,3023,3023000,0.001360081434249878,483.3024982416162
0.025867462158203125,0.0006248977184295654,1.9956696033477783,1000,839.4686,3028,3028000,0.0013146381378173829,501.2306387705945
0.028900861740112305,0.0006543750762939453,2.022216558456421,1000,821.36426,3033,3033000,0.0013079488277435304,494.64456926939664
0.036994218826293945,0.0006404376029968262,2.0577139854431152,1000,821.53705,3038,3038000,0.0013449947834014893,486.1823633612449
0.029950618743896484,0.0006115384101867676,1.952256202697754,1000,803.04,3043,3043000,0.0012804534435272217,512.4063848000544
0.026255369186401367,0.000620516300201416,1.952406883239746,1000,812.3717,3049,3049000,0.0012770593166351318,512.3814089149857
0.026316404342651367,0.0005632674694061279,1.8373284339904785,1000,832.41797,3054,3054000,0.0012184679508209229,544.4509939404686
0.0355684757232666,0.0006221497058868409,2.0134799480438232,1000,824.48694,3059,3059000,0.0013261110782623292,496.8436015588908
0.03490018844604492,0.000624309778213501,2.016940116882324,1000,842.8179,3064,3064000,0.0013277583122253418,495.92915892301545
0.03261566162109375,0.0006259233951568604,2.001349687576294,1000,840.4006,3070,3070000,0.001312500238418579,499.862053316423
0.015182733535766602,0.0007185952663421631,2.214824914932251,1000,837.86273,3076,3076000,0.0014523837566375731,451.58311800172265
0.03709983825683594,0.0006246969699859619,1.9759538173675537,1000,843.60547,3081,3081000,0.001285963773727417,506.22066797215626
0.02960681915283203,0.0005983638763427734,1.9961330890655518,1000,836.9164,3086,3086000,0.0013375916481018066,501.2201567675292
0.04352211952209473,0.0006504490375518799,2.067336320877075,1000,834.3029,3091,3091000,0.0013427870273590087,483.8501622118725
0.027101516723632812,0.000617537260055542,1.9802155494689941,1000,857.6536,3096,3096000,0.001301593780517578,505.15707030135
0.03505682945251465,0.0006425778865814209,2.02589750289917,1000,840.04474,3101,3101000,0.0013172705173492432,493.779814180837
0.012993097305297852,0.0006231217384338379,2.0078561305999756,1000,829.1341,3106,3106000,0.0013426451683044435,498.17432462125936
0.014764785766601562,0.0006208038330078125,2.005557060241699,1000,836.1004,3112,3112000,0.0013384535312652589,498.75510521019805
0.01078939437866211,0.000628399133682251,1.9946839809417725,1000,819.4353,3118,3118000,0.0013277308940887452,501.49912740215495
0.0432741641998291,0.000643784761428833,2.0366761684417725,1000,845.62366,3123,3123000,0.0013190178871154785,491.1380825855457
0.030154705047607422,0.000612652063369751,2.009371757507324,1000,834.01154,3129,3129000,0.001334576368331909,497.8068533089472
0.03433394432067871,0.0006226463317871094,2.0324554443359375,1000,829.04767,3134,3134000,0.001344606876373291,492.1447931944852
0.029479265213012695,0.000638444185256958,2.059937000274658,1000,836.1365,3140,3140000,0.001361828088760376,485.5690853138848
0.034003496170043945,0.0006727962493896484,2.0731594562530518,1000,860.90894,3146,3146000,0.0013338968753814698,482.51143609568174
0.03641915321350098,0.0006640381813049316,2.082192897796631,1000,815.76605,3152,3152000,0.0013504436016082764,480.49039919397103
0.039159536361694336,0.0006075465679168701,2.0130510330200195,1000,843.1052,3158,3158000,0.0013363821506500245,496.91199987489244
0.026103734970092773,0.0005991041660308837,1.9333956241607666,1000,818.3634,3164,3164000,0.0012766618728637694,517.423408319748
0.011108160018920898,0.0006733217239379883,2.1296238899230957,1000,819.72766,3169,3169000,0.0014139268398284913,469.7241919879193
0.03082275390625,0.0006306769847869874,2.0566890239715576,1000,827.75793,3174,3174000,0.0013662374019622803,486.3536889410329
0.035013675689697266,0.0006268115043640137,2.044224739074707,1000,842.89215,3179,3179000,0.001352281093597412,489.3135780392757
0.0378570556640625,0.0006510312557220459,2.104886531829834,1000,850.1854,3184,3184000,0.0013841004371643066,475.22408352641924
0.0354304313659668,0.0006272354125976562,2.012772560119629,1000,863.2804,3189,3189000,0.0013189582824707031,496.96175058143507
0.030753612518310547,0.0006324179172515869,2.0236294269561768,1000,842.7253,3194,3194000,0.0013303852081298828,494.2820519679756
0.04384422302246094,0.0005915255546569824,1.9470648765563965,1000,856.7962,3199,3199000,0.00128228759765625,513.7672665777459
0.02364945411682129,0.0006050751209259034,1.9795269966125488,1000,864.746,3205,3205000,0.0013231618404388429,505.3432500661754
0.029652833938598633,0.0005907704830169678,1.9317998886108398,1000,830.01447,3211,3211000,0.0012769176959991455,517.8283502448704
0.02606058120727539,0.0005945107936859131,1.9579641819000244,1000,870.2852,3217,3217000,0.0013092567920684815,510.86825718610675
0.033400535583496094,0.000632249116897583,2.023515224456787,1000,854.3465,3223,3223000,0.0013267261981964112,494.3468335396498
0.029106616973876953,0.0006420524120330811,2.043941020965576,1000,858.65106,3229,3229000,0.0013419866561889648,489.38557159277156
0.03258872032165527,0.0006651637554168701,2.089542865753174,1000,835.46326,3234,3234000,0.0013601546287536621,478.7182693796939
0.014910459518432617,0.0006304826736450196,1.9597690105438232,1000,849.03845,3239,3239000,0.0012851805686950684,510.4081521144565
0.036978960037231445,0.0006080508232116699,2.0187692642211914,1000,842.6691,3244,3244000,0.001341381311416626,495.5504121607811
0.030058860778808594,0.0005885114669799805,1.9177632331848145,1000,846.843,3249,3249000,0.001267207145690918,521.5922158315019
0.03333687782287598,0.0006124310493469239,2.0173892974853516,1000,856.7324,3254,3254000,0.0013410329818725586,495.8564584228368
0.04445004463195801,0.0006613664627075196,2.1041581630706787,1000,835.7682,3259,3259000,0.0013654239177703857,475.3768340746816
0.03721189498901367,0.0006660683155059815,2.090799331665039,1000,845.92786,3264,3264000,0.001357041358947754,478.4220926016143
0.03013324737548828,0.0006589806079864502,2.084718942642212,1000,856.4606,3269,3269000,0.0013666331768035888,479.83302929331916
0.028052330017089844,0.0006572108268737793,2.1468498706817627,1000,826.73206,3274,3274000,0.001426738739013672,465.92014503129514
0.0377810001373291,0.0006242380142211914,2.014146089553833,1000,834.5509,3280,3280000,0.001322542667388916,496.6285227402435
0.03396201133728027,0.0006018886566162109,1.951317310333252,1000,822.06024,3285,3285000,0.0012872178554534913,512.6337209096255
0.02756047248840332,0.0006543664932250977,2.101139783859253,1000,251.18105,3290,3290000,0.001387368679046631,476.0741282453468
0.031862497329711914,0.0005997865200042724,1.9650840759277344,1000,812.0595,3295,3295000,0.0013017723560333253,509.03903575527653
0.03790760040283203,0.0006313202381134033,2.0110104084014893,1000,824.69824,3300,3300000,0.0013084421157836914,497.45184116187977
0.035826683044433594,0.0006108336448669433,1.990692377090454,1000,853.9616,3305,3305000,0.001315159797668457,502.46379893321034
0.02772831916809082,0.0006524708271026611,2.101893901824951,1000,830.0426,3310,3310000,0.0013871827125549316,475.9221713731209
0.037017822265625,0.0006261770725250244,1.9809327125549316,1000,848.4731,3316,3316000,0.0012867131233215332,504.9524856573309
0.031827688217163086,0.0006153414249420166,2.0185494422912598,1000,863.2239,3322,3322000,0.0013395164012908935,495.618396295586
0.021637916564941406,0.0006169750690460205,1.976409912109375,1000,860.451,3327,3327000,0.001309746742248535,506.1045492291575
0.036478519439697266,0.0006307384967803955,2.0609891414642334,1000,862.9463,3333,3333000,0.0013631548881530761,485.33428186898703
0.02289748191833496,0.0006598877906799316,2.107753038406372,1000,839.98566,3338,3338000,0.0013901410102844238,474.56680531521556
0.03642702102661133,0.0006136863231658936,2.000788927078247,1000,850.84216,3344,3344000,0.0013204429149627685,499.94642116634503
0.0346217155456543,0.0005993216037750244,1.9571797847747803,1000,856.6649,3349,3349000,0.0012950518131256104,511.088251500558
0.033121585845947266,0.0006690552234649658,2.1530942916870117,1000,819.84247,3354,3354000,0.0014187085628509521,464.645674638444
0.019101858139038086,0.0006269354820251465,1.949188232421875,1000,859.0542,3360,3360000,0.0012738802433013916,513.2128663442902
0.032473087310791016,0.0006041600704193115,1.9837429523468018,1000,819.3832,3365,3365000,0.0013179233074188232,504.27187349151706
0.03527569770812988,0.0006439270973205566,2.107907295227051,1000,855.4591,3370,3370000,0.001397376537322998,474.5608452318521
0.03528141975402832,0.0006113221645355224,2.0069825649261475,1000,853.6156,3375,3375000,0.001329953908920288,498.4631832470514
0.03025650978088379,0.0006115462779998779,1.9765496253967285,1000,853.33215,3381,3381000,0.0013059639930725097,506.0806723893638
0.029078960418701172,0.0006261470317840577,1.9919962882995605,1000,821.5094,3387,3387000,0.0013083031177520753,502.16776120289313
0.03580117225646973,0.0006099867820739746,1.994727373123169,1000,841.29034,3392,3392000,0.001317937135696411,501.47532337971785
0.03445243835449219,0.0006046819686889648,1.9778547286987305,1000,829.9373,3397,3397000,0.0013045423030853271,505.7494992309403
0.03554272651672363,0.0005875585079193115,1.9099206924438477,1000,842.5139,3402,3402000,0.0012589631080627442,523.7376172314919
0.03821086883544922,0.0006591579914093017,2.1027894020080566,1000,824.92017,3407,3407000,0.0013737409114837646,475.6809036238723
0.010375022888183594,0.0006394126415252686,2.0569982528686523,1000,806.48517,3412,3412000,0.001369130849838257,486.3029382789022
0.04133486747741699,0.0006132798194885254,2.047900915145874,1000,845.731,3417,3417000,0.0013610289096832276,488.4292919418152
0.02312922477722168,0.0006076405048370361,2.010394811630249,1000,848.2463,3422,3422000,0.0013432374000549316,497.5456077107574
0.0349576473236084,0.000626248836517334,2.0465939044952393,1000,852.14343,3427,3427000,0.001354747772216797,488.8309523878897
0.03551912307739258,0.0006256470680236816,2.0554654598236084,1000,828.1846,3432,3432000,0.0013611061573028565,486.63012757742126
0.02182483673095703,0.0006513972282409668,2.0769402980804443,1000,840.2676,3438,3438000,0.0013708069324493409,481.6098427762324
0.031136512756347656,0.0006502037048339844,2.0819127559661865,1000,845.02625,3443,3443000,0.001370318651199341,480.4892432739818
0.03637838363647461,0.0005961759090423584,1.9578676223754883,1000,878.03125,3449,3449000,0.0012954065799713134,510.9140581566621
0.032111406326293945,0.000653048038482666,2.0144875049591064,1000,845.19824,3454,3454000,0.001300680637359619,496.5372764264409
0.02945852279663086,0.0006364185810089112,2.0476179122924805,1000,845.97375,3460,3460000,0.0013522803783416748,488.56122740422495
0.03702187538146973,0.0006378817558288574,2.015657424926758,1000,830.62866,3466,3466000,0.0013105754852294922,496.2967398010366
0.012638568878173828,0.0006290438175201416,2.0319435596466064,1000,863.09454,3471,3471000,0.001357707977294922,492.30705667611653
0.022708654403686523,0.0006816012859344482,2.137234687805176,1000,847.3989,3476,3476000,0.0014036531448364258,468.02151716356224
0.02192091941833496,0.0006459035873413086,2.0241081714630127,1000,846.13434,3482,3482000,0.0013228678703308106,494.4016664631366
0.034467220306396484,0.0006170737743377686,2.0129213333129883,1000,792.72235,3488,3488000,0.0013304579257965088,496.9248928886956
0.027830839157104492,0.0006208038330078125,2.0030014514923096,1000,794.90686,3493,3493000,0.0013218827247619628,499.3887871887604
0.03645658493041992,0.0006472823619842529,2.05399489402771,1000,853.0218,3499,3499000,0.0013388521671295166,487.0129425281617
0.03832364082336426,0.0006047589778900147,1.954920768737793,1000,866.25464,3505,3505000,0.0012791078090667724,511.71597015182124
0.029255151748657227,0.0006693906784057618,2.1288797855377197,1000,862.3434,3511,3511000,0.0013985650539398192,469.8521618858324
0.03403449058532715,0.0006458568572998047,2.0354793071746826,1000,823.57446,3516,3516000,0.0013241674900054932,491.44756907507343
0.03391766548156738,0.0006319727897644043,2.064307689666748,1000,865.8371,3521,3521000,0.0013688244819641112,484.55402483985404
0.02360987663269043,0.0006443734169006347,2.006671905517578,1000,811.37396,3526,3526000,0.0013107964992523193,498.4580887621297
0.024193286895751953,0.0006347837448120117,2.0274717807769775,1000,880.76776,3532,3532000,0.0013363571166992187,493.4008594951725
0.033757686614990234,0.0006204822063446045,1.9566755294799805,1000,840.7247,3538,3538000,0.0012727947235107423,511.2248004795463
0.013590574264526367,0.0006797964572906494,2.1158037185668945,1000,810.33,3543,3543000,0.001393437385559082,472.7469952196728
0.01474761962890625,0.0006231505870819092,2.0082287788391113,1000,850.0761,3549,3549000,0.001342055559158325,498.089784804945
0.025725603103637695,0.0006335620880126953,1.940342664718628,1000,844.3508,3555,3555000,0.0012515573501586915,515.5107211452604
0.030935287475585938,0.000616194486618042,1.996107578277588,1000,847.8567,3561,3561000,0.001318655490875244,501.14631599322297
0.028287410736083984,0.000607637882232666,1.928368330001831,1000,843.42053,3567,3567000,0.0012632241249084472,518.7457207198294
0.026881933212280273,0.0006127727031707764,1.9390647411346436,1000,851.6834,3573,3573000,0.0012692160606384277,515.8917965250797
0.03138566017150879,0.0006780693531036377,2.1138672828674316,1000,845.62964,3579,3579000,0.001373032808303833,473.22121939840724
0.03127908706665039,0.0006060175895690918,2.0416479110717773,1000,800.33563,3584,3584000,0.0013741981983184815,489.9403633706295
0.015253782272338867,0.0005744898319244385,1.897279977798462,1000,849.4811,3589,3589000,0.0012763497829437257,527.226298062389
0.0287168025970459,0.0005984621047973633,1.921025276184082,1000,869.04816,3595,3595000,0.0012637960910797119,520.7138849827143
0.013105154037475586,0.0006175985336303711,1.973146677017212,1000,867.08777,3601,3601000,0.0013125505447387695,506.9374939643881
0.039613962173461914,0.0006459343433380127,2.058171510696411,1000,870.52783,3607,3607000,0.001341989755630493,486.0489494849344
0.017227649688720703,0.0006094684600830078,1.988252878189087,1000,866.3029,3612,3612000,0.0013305697441101075,503.10519594191226
0.036379337310791016,0.0006683275699615478,2.1415257453918457,1000,876.1205,3618,3618000,0.0014057495594024657,467.20115773724393
0.036971330642700195,0.0006075241565704346,1.9921090602874756,1000,869.71747,3623,3623000,0.0013143212795257567,502.14443471781385
0.030104637145996094,0.0006463062763214111,2.0926146507263184,1000,884.04486,3628,3628000,0.0013856968879699706,478.00487885209645
0.03222203254699707,0.0006547725200653076,2.083242416381836,1000,873.97845,3633,3633000,0.0013606867790222168,480.2469531604234
0.031011343002319336,0.0006307895183563232,2.018162488937378,1000,891.175,3638,3638000,0.0013261864185333252,495.65687620300935
0.01038980484008789,0.000652794361114502,2.097806930541992,1000,869.1593,3644,3644000,0.0014050941467285156,476.81173622149197
0.03355813026428223,0.0005997607707977295,1.9799928665161133,1000,886.96027,3650,3650000,0.0013166897296905517,505.2772589310077
0.037672996520996094,0.0005708940029144287,1.8909392356872559,1000,848.7574,3656,3656000,0.0012528085708618164,529.010142914458
0.009820222854614258,0.0006401560306549072,2.0069406032562256,1000,852.9001,3661,3661000,0.0013280887603759766,498.4063204843578
0.021605491638183594,0.0006664190292358399,2.13090443611145,1000,882.90375,3666,3666000,0.0014132177829742432,469.4166024445946
0.03336048126220703,0.000641716480255127,2.0786149501800537,1000,865.56305,3672,3672000,0.0013695614337921143,481.2633567005672
0.03724193572998047,0.0005922379493713379,1.9690594673156738,1000,847.5508,3678,3678000,0.0013078467845916747,508.00971761600107
0.021405696868896484,0.0006140413284301758,1.98976731300354,1000,875.2736,3683,3683000,0.0013230204582214355,502.7602461740429
0.03906059265136719,0.0005952129364013672,1.9561457633972168,1000,865.25055,3689,3689000,0.0012923364639282227,511.3980834569468
0.010339498519897461,0.0006099193096160888,1.9677886962890625,1000,853.71625,3695,3695000,0.0013203036785125733,508.3736796908284
0.036692142486572266,0.0006080422401428222,1.9611005783081055,1000,841.7223,3700,3700000,0.001287123441696167,510.0655862264546
0.028136730194091797,0.0006243407726287842,1.9715309143066406,1000,801.74506,3706,3706000,0.0012878715991973878,507.37712057135667
0.01342630386352539,0.0006414380073547363,2.0299665927886963,1000,893.64465,3711,3711000,0.0013458230495452881,492.75818969016404
0.03271055221557617,0.0005793602466583252,1.9184808731079102,1000,900.00793,3717,3717000,0.0012765400409698487,521.4151977908715
0.027740001678466797,0.0006183612346649169,2.0328056812286377,1000,884.10944,3722,3722000,0.001354349136352539,492.06904141011086
0.033817291259765625,0.0006220471858978271,2.029506206512451,1000,886.46985,3728,3728000,0.0013413305282592774,492.8820487365554
0.03212285041809082,0.0006003484725952148,1.9345135688781738,1000,865.90265,3734,3734000,0.001273641586303711,517.0834121826329
0.03391242027282715,0.0006736574172973633,2.1240503787994385,1000,863.38794,3740,3740000,0.001386998176574707,470.96017822877684
0.03368687629699707,0.0006028029918670654,1.9410977363586426,1000,865.0534,3745,3745000,0.0012747583389282227,515.3638943843538
0.032971858978271484,0.0006042327880859374,1.9681990146636963,1000,862.3728,3750,3750000,0.0013021025657653808,508.23267565957616
0.036190032958984375,0.0006305766105651855,2.0416624546051025,1000,851.8587,3755,3755000,0.0013439838886260987,489.9689229887527
0.03366875648498535,0.0006094644069671631,1.9585795402526855,1000,862.2338,3761,3761000,0.0012868983745574951,510.7499967425913
0.030182838439941406,0.0005700924396514893,1.889697551727295,1000,869.8011,3767,3767000,0.0012596282958984375,529.3417581000205
0.036141395568847656,0.0005833144187927246,1.896296739578247,1000,852.0942,3773,3773000,0.001248791456222534,527.4889347281642
0.03317403793334961,0.0006054718494415283,1.9361920356750488,1000,891.50714,3779,3779000,0.0012657952308654785,516.62573006279
0.03940987586975098,0.0005949447154998779,1.904768705368042,1000,881.03204,3785,3785000,0.0012407209873199463,525.1687079231872
0.03617358207702637,0.0005765993595123291,1.9400601387023926,1000,888.9846,3791,3791000,0.0012991344928741455,515.603433566719
0.0317838191986084,0.0005861318111419678,1.9547545909881592,1000,876.78955,3797,3797000,0.0013076167106628419,511.78178054694206
0.035341501235961914,0.0005664815902709961,1.8766491413116455,1000,887.3406,3803,3803000,0.0012458553314208985,533.1014328000883
0.03513312339782715,0.0005515673160552978,1.8592534065246582,1000,865.46783,3809,3809000,0.0012437081336975097,538.0365833227931
0.03510332107543945,0.0006482052803039551,2.0799639225006104,1000,893.8793,3815,3815000,0.0013649179935455323,480.92497850384467
0.031740427017211914,0.0005789148807525635,1.9231336116790771,1000,873.96295,3821,3821000,0.001281938076019287,520.157042805301
0.026171207427978516,0.000572338342666626,1.897742509841919,1000,873.42957,3827,3827000,0.001271463632583618,527.1129962140849
0.030244112014770508,0.0005876154899597168,1.9621057510375977,1000,895.9258,3833,3833000,0.0013128643035888671,509.8285609958853
0.025678396224975586,0.0005573740005493164,1.8069841861724854,1000,874.42377,3839,3839000,0.0011974372863769532,553.6020594510208
0.024878501892089844,0.0005724296569824219,1.8382289409637451,1000,886.39886,3845,3845000,0.0012129940986633301,544.1690107441589
0.026541709899902344,0.000570807695388794,1.89357590675354,1000,891.2479,3851,3851000,0.0012662341594696044,528.2784170580501
0.018052339553833008,0.0005986230373382568,1.9279322624206543,1000,892.16406,3857,3857000,0.001282590627670288,518.8423602969136
0.03982281684875488,0.0006193568706512452,2.0055835247039795,1000,892.9898,3863,3863000,0.0013133149147033691,498.94555725586036
0.0266876220703125,0.0005510265827178955,1.8121423721313477,1000,890.5674,3869,3869000,0.0012070314884185791,552.0386372714895
0.031801462173461914,0.0005768101215362549,1.9075539112091064,1000,898.24194,3875,3875000,0.0012704048156738281,524.4419892791021
0.01563882827758789,0.0005603344440460206,1.7833974361419678,1000,878.37726,3881,3881000,0.001177734375,560.9194024996416
0.012051105499267578,0.0005672283172607422,1.880164623260498,1000,893.234,3887,3887000,0.001272796630859375,532.0440044864016
0.03268885612487793,0.0005769994258880615,1.8906595706939697,1000,886.21423,3893,3893000,0.0012519562244415283,529.1188551474967
0.022087574005126953,0.0006035370826721192,1.9389383792877197,1000,861.2417,3899,3899000,0.001283637285232544,515.9098180215124
0.03485417366027832,0.0005791192054748535,1.862717866897583,1000,889.4972,3905,3905000,0.0012192273139953614,537.0350642858899
0.02590346336364746,0.0005921683311462402,1.914457082748413,1000,866.5698,3911,3911000,0.001267169952392578,522.5085318811124
0.023937702178955078,0.0006199207305908203,1.9588146209716797,1000,843.5558,3917,3917000,0.0012858402729034424,510.6777361497227
0.0264589786529541,0.0005880610942840576,1.870758295059204,1000,892.2393,3923,3923000,0.0012267396450042726,534.7553002470355
0.025271892547607422,0.0005886297225952148,1.8354368209838867,1000,895.4231,3929,3929000,0.0011931416988372804,545.000328743656
0.03494596481323242,0.0005797746181488038,1.8929448127746582,1000,881.97296,3935,3935000,0.0012521028518676757,528.4436811082352
0.014494657516479492,0.000594998836517334,1.9397799968719482,1000,884.28394,3941,3941000,0.0013034718036651612,515.6824206842268
0.036299705505371094,0.0006002504825592041,1.8692052364349365,1000,895.95386,3947,3947000,0.0012049598693847656,535.1490506641223
0.023178815841674805,0.0005978462696075439,1.916121244430542,1000,889.25,3953,3953000,0.0012661292552947998,522.0606933095813
0.03321981430053711,0.0005880463123321534,1.9225795269012451,1000,895.35724,3959,3959000,0.001271533727645874,520.3131328606527
0.030206918716430664,0.0005691542625427246,1.842137098312378,1000,853.69965,3965,3965000,0.001215000629425049,543.0548206087444
0.020991802215576172,0.0006416764259338379,2.020007848739624,1000,894.0705,3971,3971000,0.0013283746242523193,495.17943404644313
0.037865400314331055,0.0006259713172912598,1.9908952713012695,1000,893.1177,3977,3977000,0.0012976961135864257,502.4411671938083
0.028464078903198242,0.0005602169036865234,1.888709545135498,1000,882.53864,3983,3983000,0.0012719323635101319,529.7145949536786
0.032990455627441406,0.000637042760848999,2.0088798999786377,1000,884.6096,3989,3989000,0.0013100762367248536,497.94827886691616
0.03437519073486328,0.0005975916385650635,1.9173948764801025,1000,876.49536,3995,3995000,0.0012564964294433593,521.6855066394409
0.031147003173828125,0.0006015739440917969,1.9433345794677734,1000,860.44696,4001,4001000,0.0012773690223693848,514.7336428056522
0.027577877044677734,0.0005665514469146729,1.8890445232391357,1000,874.50354,4007,4007000,0.001265950918197632,529.550072880454
0.02958536148071289,0.0006067392826080323,1.9745445251464844,1000,887.09937,4013,4013000,0.0013107249736785888,506.5785214680002
0.03364825248718262,0.0005512208938598632,1.8142390251159668,1000,899.33234,4019,4019000,0.00119970440864563,551.3778122141184
0.031296730041503906,0.000579789400100708,1.8782782554626465,1000,895.24115,4025,4025000,0.0012371084690093995,532.6379656482302
0.03572487831115723,0.0005900166034698486,1.8712482452392578,1000,834.6545,4031,4031000,0.0012148730754852294,534.6646376207848
0.030997276306152344,0.0005651283264160157,1.8706555366516113,1000,899.9762,4037,4037000,0.0012429664134979248,534.7888463933567
0.023578166961669922,0.0006180534362792969,1.9554722309112549,1000,273.2441,4042,4042000,0.001286240816116333,511.56075215690043
0.015306234359741211,0.0005769734382629394,1.885984182357788,1000,840.722,4048,4048000,0.0012636077404022217,530.3787368189445
0.035032033920288086,0.0005852437019348145,1.8910503387451172,1000,866.79645,4054,4054000,0.0012426650524139404,528.979319214872
0.028951644897460938,0.0006056196689605712,1.9328231811523438,1000,902.66187,4060,4060000,0.0012689270973205566,517.5250473715791
0.03027510643005371,0.000597898006439209,1.924537181854248,1000,903.09485,4066,4066000,0.0012656486034393311,520.3189420700221
0.015010833740234375,0.0005827968120574951,1.9280648231506348,1000,891.57214,4072,4072000,0.0013015577793121338,518.8108490155863
0.0329134464263916,0.0005709412097930908,1.9059700965881348,1000,899.09106,4078,4078000,0.001273270606994629,524.850836916238
0.009778738021850586,0.0006170403957366943,1.9994733333587646,1000,901.5568,4084,4084000,0.0013438153266906738,500.2924721578911
0.008420705795288086,0.0006033251285552979,1.9351098537445068,1000,880.68506,4090,4090000,0.0012967600822448731,516.9102689587195
0.010145187377929688,0.0005561685562133789,1.8408772945404053,1000,895.6915,4096,4096000,0.0012474355697631835,543.471455433906
0.031018495559692383,0.000563415288925171,1.9131784439086914,1000,889.88116,4102,4102000,0.001288414716720581,522.8427319781294
0.03261566162109375,0.0007066099643707276,2.2440314292907715,1000,819.2414,4108,4108000,0.0014709110260009766,445.91896770330527
0.029652118682861328,0.0005994558334350586,1.9921941757202148,1000,887.92267,4113,4113000,0.0013339593410491943,502.14647870461823
0.029242515563964844,0.0005844376087188721,1.9341228008270264,1000,905.4075,4118,4118000,0.0012896535396575927,517.1970347053023
0.03296542167663574,0.0005586717128753662,1.8788940906524658,1000,895.41315,4124,4124000,0.0012580795288085938,532.3690967034094
0.03208351135253906,0.0005887010097503662,1.9199085235595703,1000,907.57404,4130,4130000,0.0012710037231445312,521.0383489474086
0.020922183990478516,0.0006392362117767334,2.024235725402832,1000,893.18494,4136,4136000,0.0013324782848358155,494.1686668404104
0.025343656539916992,0.0005488984584808349,1.797348976135254,1000,834.17395,4142,4142000,0.0011967453956604004,556.54728968907
0.021631479263305664,0.0005524256229400635,1.8254735469818115,1000,880.1859,4148,4148000,0.0012236812114715576,547.9804126225991
0.010904312133789062,0.0005775744915008545,1.8532812595367432,1000,473.5756,4154,4154000,0.0012362246513366699,539.7768286252993
0.03524208068847656,0.0005885257720947266,1.9450464248657227,1000,593.6066,4160,4160000,0.0012879753112792968,514.3026217355217
0.032306671142578125,0.000567472219467163,1.8635809421539307,1000,887.30725,4166,4166000,0.0012349641323089599,536.7694325181659
0.014382123947143555,0.0005748910903930664,1.7934346199035645,1000,885.38306,4172,4172000,0.0011709401607513429,557.7677290525125
0.02094101905822754,0.0005817337036132812,1.8625144958496094,1000,900.0862,4178,4178000,0.001232697010040283,537.1041097139391
0.032140493392944336,0.0006064729690551758,1.9208929538726807,1000,900.45184,4184,4184000,0.001251260280609131,520.7595933750871
0.031048059463500977,0.0006054792404174804,1.9017417430877686,1000,845.22296,4190,4190000,0.001235673427581787,526.0193268619503
0.027676820755004883,0.0005995409488677979,1.9461371898651123,1000,809.8086,4196,4196000,0.0012894382476806641,514.0094179210108
0.028593063354492188,0.000658475399017334,2.0829546451568604,1000,589.98596,4202,4202000,0.001364367723464966,480.2239142190361
0.0268094539642334,0.0005782856941223144,1.8430612087249756,1000,204.1352,4208,4208000,0.0012087552547454833,542.7487155942765
0.03045654296875,0.0006119775772094727,1.957489013671875,1000,878.6074,4214,4214000,0.0012854745388031007,511.0459062390113
0.045426130294799805,0.0005899715423583984,1.908431053161621,1000,857.1109,4220,4220000,0.0012431955337524414,524.1591223757858
0.024825096130371094,0.000598595142364502,1.9536089897155762,1000,689.3327,4226,4226000,0.001300696849822998,512.0648832212871
0.01023101806640625,0.0005764997005462646,1.857987642288208,1000,871.79724,4232,4232000,0.0012419204711914063,538.453845692675
0.030354022979736328,0.0005876932144165039,1.8404581546783447,1000,898.864,4238,4238000,0.0011946289539337158,543.5217396825825
0.02911663055419922,0.0006961374282836914,2.1910698413848877,1000,851.5014,4243,4243000,0.0014354016780853272,456.54778018371394
0.01898479461669922,0.0006305897235870362,2.0046746730804443,1000,893.95465,4248,4248000,0.001325554847717285,498.98307149526084
0.024221181869506836,0.0005988123416900635,1.8837890625,1000,321.05984,4254,4254000,0.0012303123474121094,531.0293512352628
0.03267192840576172,0.0005832595825195312,1.9094092845916748,1000,899.7075,4260,4260000,0.0012604951858520507,523.8736159697679
0.019622087478637695,0.0005997183322906494,1.9074997901916504,1000,757.4675,4266,4266000,0.0012550475597381593,524.4233667815505
0.03200888633728027,0.0005943582057952881,1.9039340019226074,1000,797.7652,4272,4272000,0.001250441551208496,525.3880970016093
0.033417463302612305,0.0006253430843353271,1.9991040229797363,1000,900.0813,4278,4278000,0.0013071935176849365,500.3926855383991
0.02844691276550293,0.0006249573230743408,1.9345903396606445,1000,897.403,4284,4284000,0.0012524998188018798,517.0856433452548
0.03269648551940918,0.0005662720203399659,1.865739345550537,1000,894.29095,4290,4290000,0.0012350780963897704,536.3807715420111
0.035158395767211914,0.0005517961978912353,1.8307135105133057,1000,896.9109,4296,4296000,0.0012164483070373536,546.4852043405552
0.02978825569152832,0.0005969538688659668,1.9127840995788574,1000,889.8473,4302,4302000,0.0012558472156524658,522.9600736330274
0.02824258804321289,0.0005785481929779053,1.874314546585083,1000,902.8997,4308,4308000,0.00124017333984375,533.6930728886138
0.02138519287109375,0.0006032354831695556,1.9053852558135986,1000,891.4021,4314,4314000,0.0012507243156433105,524.9990455823606
0.036771535873413086,0.0006056120395660401,1.997009515762329,1000,901.3974,4320,4320000,0.0013238532543182373,501.11524110271296
0.031479597091674805,0.0005769228935241699,1.9206628799438477,1000,893.55365,4326,4326000,0.001278505802154541,520.803822427957
0.02043294906616211,0.0006028363704681396,1.982816219329834,1000,897.6697,4332,4332000,0.0013299932479858398,504.4958095843167
0.03070998191833496,0.0005979201793670654,1.9211640357971191,1000,901.9683,4338,4338000,0.0012610387802124024,520.6679260769683
0.03275299072265625,0.0005950517654418945,1.9397332668304443,1000,903.4582,4344,4344000,0.0012798144817352294,515.6882537582637
0.031119823455810547,0.0005991613864898682,1.949486494064331,1000,880.8713,4350,4350000,0.0012886061668395995,513.1679080172208
0.03704118728637695,0.0005848803520202637,1.9119617938995361,1000,884.4809,4356,4356000,0.001254880428314209,523.1940013431914
0.04076886177062988,0.0005897228717803955,1.9045162200927734,1000,902.6827,4362,4362000,0.0012441787719726562,525.2196740493042
0.027136802673339844,0.0005796005725860596,1.880159616470337,1000,905.57263,4368,4368000,0.0012435691356658936,532.0137034970453
0.032759666442871094,0.0006160025596618653,2.009370803833008,1000,893.82324,4374,4374000,0.0013310444355010987,497.844905608017
0.03281450271606445,0.0006174149513244629,1.9500818252563477,1000,878.2335,4380,4380000,0.001269052743911743,512.9441754420766
0.02576160430908203,0.0006082537174224854,1.963151216506958,1000,887.7229,4386,4386000,0.0012981109619140624,509.5443346761457
0.03287315368652344,0.0006111745834350586,1.9944939613342285,1000,879.6646,4392,4392000,0.0013185317516326905,501.7051235523794
0.03283357620239258,0.0005578074455261231,1.837557077407837,1000,859.6543,4398,4398000,0.0012148311138153076,544.5353913911741
0.008880853652954102,0.0005897006988525391,1.853440523147583,1000,849.3937,4404,4404000,0.0012258503437042236,539.7659227771145
0.03694629669189453,0.0005833895206451416,1.856393814086914,1000,851.3427,4410,4410000,0.0012074177265167236,538.8559711808749
0.022814035415649414,0.0005325551033020019,1.777345895767212,1000,892.568,4416,4416000,0.0011929938793182374,562.8237696234332
0.02763962745666504,0.0005708787441253662,1.8716135025024414,1000,907.2162,4422,4422000,0.001242680311203003,534.5282244600943
0.012248992919921875,0.0005595815181732177,1.7768118381500244,1000,875.3209,4428,4428000,0.0011775729656219483,562.9770495429532
0.038568973541259766,0.0005859568119049072,1.908031940460205,1000,896.72595,4434,4434000,0.0012536373138427735,524.279021721753
0.02037215232849121,0.000621617078781128,1.9866435527801514,1000,892.2245,4440,4440000,0.00131241774559021,503.5170409077344
0.013490676879882812,0.0006065959930419922,1.9234330654144287,1000,729.0592,4446,4446000,0.0012728900909423828,520.0756472947363
0.011575460433959961,0.0005837051868438721,1.9035935401916504,1000,806.01434,4452,4452000,0.0012807347774505616,525.4878859014702
0.03289794921875,0.000618525505065918,2.020019054412842,1000,895.3238,4458,4458000,0.0013397912979125977,495.19147727909996
0.03421282768249512,0.000615471601486206,2.0403075218200684,1000,902.5187,4464,4464000,0.0013580443859100343,490.2963085140668
0.030527591705322266,0.0005777044296264649,1.9127857685089111,1000,904.4127,4470,4470000,0.0012750797271728516,522.978461931324
0.03478240966796875,0.000565767765045166,1.8377282619476318,1000,895.8865,4476,4476000,0.001209143877029419,544.3178772881853
0.01072835922241211,0.0005997655391693116,1.9455265998840332,1000,868.2653,4482,4482000,0.001299872398376465,514.1714832526969
0.03927898406982422,0.000622260332107544,2.0270774364471436,1000,887.3621,4488,4488000,0.0013323922157287597,493.5001887848503
0.028892993927001953,0.0005984783172607421,1.9119186401367188,1000,299.67288,4494,4494000,0.0012558772563934326,523.2692601591277
0.026953458786010742,0.000588892936706543,1.9436132907867432,1000,854.93036,4500,4500000,0.0012966401576995849,514.676796826856
0.03200531005859375,0.0006271641254425048,1.9662048816680908,1000,878.2943,4506,4506000,0.0012767834663391113,508.7332889163978
0.03360128402709961,0.0006212139129638672,1.9637000560760498,1000,255.5366,4512,4512000,0.0012775394916534424,509.39538033494995
0.030246734619140625,0.0005947513580322266,1.9247822761535645,1000,783.8646,4518,4518000,0.001270233392715454,519.7158646452664
0.030869483947753906,0.0006045746803283691,1.9393908977508545,1000,901.50775,4524,4524000,0.001273277759552002,515.904424131753
0.024190187454223633,0.0005792100429534912,1.8854186534881592,1000,908.24005,4530,4530000,0.0012528634071350098,530.5597467665272
0.04567122459411621,0.0006700210571289062,2.18361496925354,1000,850.1383,4536,4536000,0.0014368984699249267,458.09509163859025
0.03963279724121094,0.0005895445346832275,1.924492359161377,1000,794.8458,4542,4542000,0.0012659823894500732,519.8114487795417
0.030519962310791016,0.0005873327255249024,1.9226100444793701,1000,894.41895,4548,4548000,0.00127378511428833,520.3239768230706
0.017118453979492188,0.0005915632247924804,1.8849670886993408,1000,888.1644,4554,4554000,0.0012469229698181153,530.7693573145068
0.011252880096435547,0.0005988142490386963,1.9016859531402588,1000,901.35596,4560,4560000,0.0012631723880767822,526.0077824447029
0.01298213005065918,0.0005856544971466064,1.9425609111785889,1000,869.8726,4566,4566000,0.0013140196800231934,515.0019989568098
0.022418975830078125,0.000579986572265625,1.8837242126464844,1000,857.7471,4572,4572000,0.0012526285648345947,531.0558420328468
0.027168750762939453,0.0006287620067596436,1.9590706825256348,1000,902.98,4578,4578000,0.0012736983299255372,510.6373860767045
0.032898902893066406,0.0005649363994598388,1.870131254196167,1000,867.52747,4584,4584000,0.0012412421703338623,534.9336476552818
0.03651785850524902,0.0005661652088165283,1.6335749626159668,1000,885.1306,4590,4590000,0.0010009548664093018,612.370535870063
0.019227981567382812,0.00042270684242248535,1.282393217086792,1000,870.76807,4597,4597000,0.0008168017864227295,780.1717555512525
0.036261796951293945,0.0004446711540222168,1.3190436363220215,1000,771.3794,4605,4605000,0.0008121385574340821,758.4210001932984
0.025299549102783203,0.0003970739841461182,1.2137584686279297,1000,904.12665,4613,4613000,0.0007694728374481201,824.2699038696608
0.02801370620727539,0.0003953685760498047,1.2344870567321777,1000,87.54031,4621,4621000,0.0007855918407440185,810.4244643113504
0.00906682014465332,0.00044156956672668457,1.3095333576202393,1000,889.86774,4629,4629000,0.0008357903957366944,763.9466623924696
0.020309925079345703,0.00038320088386535644,1.2150871753692627,1000,897.9455,4637,4637000,0.0007893316745758057,823.3962653813664
0.019037246704101562,0.0004655845165252686,1.3733103275299072,1000,893.7889,4646,4646000,0.0008647632598876953,728.4638516028343
0.009191751480102539,0.0004053993225097656,1.2349843978881836,1000,897.8533,4654,4654000,0.0007984154224395752,810.1791613997892
0.013882160186767578,0.00048239660263061523,1.3980748653411865,1000,890.5178,4662,4662000,0.0008763666152954102,715.6161060986923
0.027110815048217773,0.000425095796585083,1.2919836044311523,1000,885.29425,4670,4670000,0.0008146164417266845,774.4030521897641
0.015439748764038086,0.00041172242164611814,1.2821052074432373,1000,894.67914,4678,4678000,0.0008328657150268554,780.315013073143
0.026660442352294922,0.0003532211780548096,1.1778905391693115,1000,901.53796,4686,4686000,0.0007743167877197265,849.4440230835986
0.021273374557495117,0.0004573347568511963,1.3639299869537354,1000,899.93,4694,4694000,0.0008616745471954346,733.5155038793582
0.03510761260986328,0.000395244836807251,1.2302443981170654,1000,904.1877,4702,4702000,0.0007763369083404542,813.2469371179213
0.0329585075378418,0.0004287352561950684,1.2971789836883545,1000,889.07135,4711,4711000,0.0008110733032226562,771.4858597847906
0.008877992630004883,0.00043798160552978516,1.2897086143493652,1000,898.6347,4720,4720000,0.000820537805557251,775.6920108219132
0.026414871215820312,0.00041469144821166995,1.2373557090759277,1000,902.58636,4728,4728000,0.0007726476192474365,808.4981375434387
0.02548980712890625,0.0004159479141235352,1.2784345149993896,1000,896.1958,4736,4736000,0.0008120315074920655,782.5709417056758
0.02469348907470703,0.00042490482330322267,1.290508508682251,1000,892.0067,4744,4744000,0.0008171131610870361,775.3353997586541
0.012519359588623047,0.00046596717834472654,1.393209457397461,1000,896.9053,4752,4752000,0.0008914482593536377,718.1172788512326
0.00755763053894043,0.00044239068031311034,1.2876803874969482,1000,895.074,4760,4760000,0.0008144829273223877,776.9239560678939
0.03126859664916992,0.00041599440574645996,1.2888462543487549,1000,894.46936,4768,4768000,0.0008149657249450683,776.2360904373497
0.015301704406738281,0.0004975636005401611,1.443969488143921,1000,895.18915,4776,4776000,0.0009042315483093261,692.8471442857799
0.008588075637817383,0.0005132460594177246,1.4408390522003174,1000,891.19727,4784,4784000,0.0008952794075012207,694.3609527915128
0.017187833786010742,0.00041065216064453127,1.271144151687622,1000,902.20636,4792,4792000,0.0008196763992309571,787.1781464856
0.014176607131958008,0.000408841609954834,1.2517199516296387,1000,902.80396,4800,4800000,0.0008059241771697998,799.3110491502553
0.029520273208618164,0.00039947509765625,1.2391786575317383,1000,894.90936,4808,4808000,0.0007864923477172852,807.3430944060992
0.008125066757202148,0.0004232490062713623,1.27413010597229,1000,901.8803,4816,4816000,0.0008204274177551269,785.2022750869295
0.01835036277770996,0.0003779029846191406,1.2081353664398193,1000,902.89996,4824,4824000,0.0007884092330932617,828.1213905586789
0.026473283767700195,0.0003649458885192871,1.1576640605926514,1000,905.65247,4832,4832000,0.0007437586784362793,864.2625123530715
0.00947117805480957,0.0004536545276641846,1.3406109809875488,1000,897.3833,4840,4840000,0.0008544836044311523,746.2910121154073
0.03168225288391113,0.000402346134185791,1.2435226440429688,1000,902.94385,4848,4848000,0.0007875866889953614,804.6419526097554
0.023693084716796875,0.00044649314880371095,1.3466649055480957,1000,55.759743,4856,4856000,0.0008529558181762695,742.9210196161923
0.008437871932983398,0.00048493123054504396,1.3952996730804443,1000,26.50983,4864,4864000,0.000878760576248169,717.0349795051244
0.026850461959838867,0.00047626161575317383,1.4066104888916016,1000,902.57104,4872,4872000,0.0008783793449401856,711.2322978480593
0.009291410446166992,0.000427534818649292,1.2989516258239746,1000,883.70197,4880,4880000,0.0008392210006713867,770.1751902207694
0.017974853515625,0.0004864513874053955,1.4503755569458008,1000,888.8286,4888,4888000,0.0009212145805358886,689.77503188786
0.008781194686889648,0.00047393226623535157,1.3691694736480713,1000,886.495,4896,4896000,0.0008631010055541993,730.7522840451612
0.008183002471923828,0.0004970660209655762,1.413926362991333,1000,48.94936,4904,4904000,0.0008829736709594727,707.8058713928607
0.03229880332946777,0.00040489864349365235,1.2651011943817139,1000,897.0776,4912,4912000,0.0008027040958404541,790.903272789808
0.01093292236328125,0.00046320652961730956,1.3923215866088867,1000,904.0313,4920,4920000,0.0008840453624725342,718.6297337630407
0.02533245086669922,0.00045262813568115235,1.3601744174957275,1000,880.9579,4928,4928000,0.0008562393188476562,735.5839330930203
0.0218966007232666,0.000496981143951416,1.4294407367706299,1000,903.55273,4936,4936000,0.0008871080875396728,699.8477933032391
0.014505863189697266,0.00044541478157043455,1.3400373458862305,1000,902.74365,4944,4944000,0.0008565754890441894,746.5875111049958
0.008908271789550781,0.00040914177894592286,1.2695329189300537,1000,900.476,4952,4952000,0.0008278415203094483,788.0628961636106
0.027375221252441406,0.0004570515155792236,1.3834898471832275,1000,892.02954,4960,4960000,0.0008740577697753906,723.1426460137108
0.010075092315673828,0.0004097700119018555,1.259028434753418,1000,875.4523,4968,4968000,0.000816399097442627,794.6897202190107
0.03188347816467285,0.00038463640213012694,1.2283432483673096,1000,899.1631,4976,4976000,0.0007884759902954102,814.5253878910565
0.00854802131652832,0.000442781925201416,1.3505206108093262,1000,860.58777,4984,4984000,0.0008755819797515869,741.0293625294937
0.009258747100830078,0.00047894787788391115,1.3877544403076172,1000,903.1632,4992,4992000,0.0008758065700531006,720.8624010540259
0.008635759353637695,0.00041505074501037596,1.2661802768707275,1000,888.37915,5000,5000000,0.0008175280094146728,790.1459328047865
0.009414911270141602,0.00048490762710571287,1.3760266304016113,1000,864.10364,5008,5008000,0.0008573455810546875,727.1792949576701
0.012553215026855469,0.0004264183044433594,1.276796817779541,1000,364.7869,5016,5016000,0.0008124816417694092,783.5478094850238
0.02844381332397461,0.00042481136322021485,1.2891831398010254,1000,869.8416,5024,5024000,0.0008112008571624755,776.0231050885591
0.008423566818237305,0.0004709484577178955,1.3746213912963867,1000,908.0463,5032,5032000,0.0008714723587036132,727.7146177450255
0.023828506469726562,0.00046541786193847657,1.4077942371368408,1000,905.5288,5040,5040000,0.0008925530910491944,710.6666311980371
0.032103538513183594,0.0004826359748840332,1.4171783924102783,1000,887.3667,5048,5048000,0.0008772807121276855,705.8912232137568
0.03063058853149414,0.0004751436710357666,1.4315533638000488,1000,903.1361,5056,5056000,0.0008986155986785889,698.8696594248756
0.007715463638305664,0.00044576478004455566,1.3271853923797607,1000,902.80176,5064,5064000,0.0008498947620391846,753.790289318394
0.010114669799804688,0.000437082052230835,1.3298838138580322,1000,909.3794,5072,5072000,0.0008581140041351318,752.3126466535634
0.02622056007385254,0.00045527052879333494,1.3709332942962646,1000,901.1928,5080,5080000,0.0008638844490051269,729.8667350192833
0.0232694149017334,0.0004216189384460449,1.2836461067199707,1000,905.5494,5088,5088000,0.0008145420551300049,779.4039682797772
0.02140951156616211,0.0004777684211730957,1.4020626544952393,1000,905.73865,5096,5096000,0.000876715898513794,713.550731072797
0.007570981979370117,0.0005313708782196045,1.500891923904419,1000,905.42944,5104,5104000,0.0009383096694946289,666.5305309721153
0.0283968448638916,0.0005401611328125,1.5718388557434082,1000,905.2186,5110,5110000,0.0009778378009796143,636.4438930548276
0.025490760803222656,0.00048605680465698244,1.4387083053588867,1000,895.45856,5117,5117000,0.0008996262550354004,695.4084648321085
0.00998997688293457,0.0004234740734100342,1.2703542709350586,1000,904.7844,5125,5125000,0.000813016414642334,787.5760526635003
0.031285762786865234,0.0004519517421722412,1.346452236175537,1000,900.9996,5133,5133000,0.0008369302749633789,743.0942334291278
0.031937360763549805,0.0004144341945648193,1.2651937007904053,1000,901.51337,5141,5141000,0.000793175220489502,790.9262406308245
0.029797792434692383,0.0003877420425415039,1.2412512302398682,1000,889.5944,5149,5149000,0.0008013346195220948,806.0515981687773
0.022413015365600586,0.0004393754005432129,1.3120198249816895,1000,893.07825,5157,5157000,0.0008257417678833007,762.6008659274302
0.020111083984375,0.00044952058792114256,1.342207431793213,1000,899.88403,5165,5165000,0.0008500590324401855,745.3675582824877
0.018611907958984375,0.00043350076675415037,1.2907676696777344,1000,902.9794,5173,5173000,0.0008125941753387451,775.1085840287831
0.014921903610229492,0.0004242355823516846,1.2948179244995117,1000,905.0613,5181,5181000,0.0008320744037628174,772.6673180623777
0.008570671081542969,0.0004421966075897217,1.3346712589263916,1000,900.9355,5189,5189000,0.0008610172271728515,749.6225796979244
0.008132696151733398,0.0004445152282714844,1.3267312049865723,1000,898.1191,5197,5197000,0.0008519136905670166,754.0857283348661
0.021178007125854492,0.0004487667083740234,1.3355772495269775,1000,902.8589,5205,5205000,0.0008421177864074707,749.0652543208324
0.030936241149902344,0.00041535520553588867,1.279099464416504,1000,901.04675,5213,5213000,0.0008104321956634522,782.1960174674052
0.010327816009521484,0.0004558510780334473,1.3402044773101807,1000,899.71106,5221,5221000,0.0008501827716827393,746.5229307782765
0.0156552791595459,0.0005081603527069092,1.448173999786377,1000,899.44104,5228,5228000,0.0009004254341125488,690.8322954031194
0.027987957000732422,0.0004785897731781006,1.4073634147644043,1000,902.35284,5236,5236000,0.0008765335083007812,710.8875365566148
0.029956817626953125,0.0005256595611572265,1.4911353588104248,1000,904.2641,5244,5244000,0.0009118022918701172,670.931802981735
0.009244918823242188,0.0003989784717559814,1.2452316284179688,1000,894.3099,5252,5252000,0.000813652515411377,803.452334248725
0.015375614166259766,0.00045166730880737306,1.3510584831237793,1000,882.00653,5260,5260000,0.00086077880859375,740.4452588634265
0.021282196044921875,0.0004312794208526611,1.3062946796417236,1000,898.31256,5268,5268000,0.0008306407928466797,765.8591096665815
0.009540557861328125,0.00040964412689208985,1.2723274230957031,1000,886.85767,5276,5276000,0.0008312475681304932,786.3039307472795
0.008843183517456055,0.000466893196105957,1.367089033126831,1000,905.4168,5284,5284000,0.0008680362701416016,731.7977627873437
0.00849771499633789,0.00044328904151916504,1.3112404346466064,1000,906.0191,5292,5292000,0.0008368031978607177,762.9708374898951
0.023228883743286133,0.0004471862316131592,1.3440346717834473,1000,907.45074,5300,5300000,0.0008480994701385498,744.3412250145121
0.008795499801635742,0.00039981842041015626,1.2398693561553955,1000,892.9948,5308,5308000,0.0008080947399139404,806.907272027703
0.03438520431518555,0.00042283916473388674,1.3050851821899414,1000,898.1193,5316,5316000,0.0008231842517852783,766.6008505106921
0.027179241180419922,0.0004349946975708008,1.3318822383880615,1000,901.999,5324,5324000,0.0008467860221862793,751.1982211826485
0.031378746032714844,0.00045303845405578614,1.341252326965332,1000,894.1912,5332,5332000,0.0008321831226348877,745.9200561124554
0.00951242446899414,0.0004508078098297119,1.343968391418457,1000,910.19794,5340,5340000,0.000860588550567627,744.3700226968484
0.02582716941833496,0.0004421975612640381,1.3519439697265625,1000,886.1937,5348,5348000,0.0008602530956268311,740.0084052086887
0.029725074768066406,0.00044852709770202637,1.3670241832733154,1000,899.0557,5356,5356000,0.0008645677566528321,731.7288221816743
0.025970935821533203,0.00044356393814086914,1.3362481594085693,1000,896.4941,5364,5364000,0.0008410177230834961,748.6853883947896
0.03432440757751465,0.0005899052619934082,1.6188888549804688,1000,900.145,5371,5371000,0.0009682662487030029,618.0578886998796
0.02896904945373535,0.0005114269256591797,1.482908010482788,1000,897.11945,5378,5378000,0.0009154314994812012,674.6088027011991
0.026587724685668945,0.000488476037979126,1.4359841346740723,1000,908.6391,5386,5386000,0.0008955559730529785,696.6755834899521
0.008967161178588867,0.0004573235511779785,1.37605619430542,1000,899.74115,5394,5394000,0.000886514663696289,727.0153105884515
0.009073972702026367,0.00046737146377563477,1.3570597171783447,1000,905.77106,5402,5402000,0.0008575458526611328,737.1918681362332
0.02079296112060547,0.00047153496742248534,1.3866281509399414,1000,910.27155,5410,5410000,0.0008705298900604248,721.4508746312808
0.008480310440063477,0.0004560830593109131,1.3643474578857422,1000,903.39166,5418,5418000,0.0008765230178833008,733.311210875857
0.012138128280639648,0.00047787213325500486,1.3859949111938477,1000,910.36993,5426,5426000,0.0008721597194671631,721.9203824627026
0.023107290267944336,0.0005177631378173828,1.4795880317687988,1000,910.0542,5434,5434000,0.0009148340225219727,676.1406547900867
0.030616044998168945,0.0004759795665740967,1.4066574573516846,1000,903.4684,5442,5442000,0.0008748369216918945,711.1911741366283
0.00872492790222168,0.0005140211582183837,1.4582860469818115,1000,904.9832,5449,5449000,0.0009121389389038086,686.0060332752598
0.011487960815429688,0.0005192444324493409,1.4917831420898438,1000,905.92346,5457,5457000,0.0009370622634887695,670.6267123205536
0.028766870498657227,0.0004989430904388428,1.4652795791625977,1000,902.6476,5465,5465000,0.000909618616104126,682.7702379332281
0.03142809867858887,0.0004829912185668945,1.419062852859497,1000,898.60364,5473,5473000,0.0008783090114593506,705.0559809847039
0.02882862091064453,0.0004737777709960937,1.4104161262512207,1000,906.72156,5481,5481000,0.0008804988861083984,709.3106081770787
0.00879669189453125,0.0005091650485992431,1.4431328773498535,1000,906.42413,5489,5489000,0.0009018359184265137,693.1907784212824
0.008611917495727539,0.0004893629550933837,1.4281797409057617,1000,877.2289,5496,5496000,0.000906062126159668,700.5023410180364
0.016303300857543945,0.000490645170211792,1.434736967086792,1000,903.1002,5504,5504000,0.0009040822982788086,697.2813153290193
0.010557174682617188,0.0005072417259216308,1.427701711654663,1000,911.4208,5512,5512000,0.0008862602710723877,700.7163863029732
0.033106327056884766,0.000502485990524292,1.452331781387329,1000,905.4366,5519,5519000,0.0008904833793640137,688.8787971609214
0.008766889572143555,0.0004616520404815674,1.334336280822754,1000,903.8397,5527,5527000,0.0008409790992736817,749.7840549615876
0.00837564468383789,0.0005260288715362548,1.4806206226348877,1000,907.5902,5535,5535000,0.0009212861061096191,675.6665239396397
0.009372711181640625,0.0005238912105560303,1.4468038082122803,1000,903.30994,5543,5543000,0.0008892519474029541,691.4524113602969
0.030596256256103516,0.00047390294075012207,1.3907127380371094,1000,901.7528,5551,5551000,0.0008605561256408692,719.3496343228047
0.025023937225341797,0.00042863106727600097,1.3332042694091797,1000,913.9241,5559,5559000,0.0008566586971282959,750.414540884788
0.023284196853637695,0.0004870777130126953,1.427898645401001,1000,899.67505,5567,5567000,0.0008926115036010742,700.6263753849073
0.029402732849121094,0.0005111131668090821,1.4954431056976318,1000,909.19165,5575,5575000,0.0009286136627197265,668.9950600991234
0.03183245658874512,0.00047514939308166505,1.3954582214355469,1000,899.6876,5583,5583000,0.0008644652366638183,716.863898195613
0.026370525360107422,0.0004910776615142822,1.4373226165771484,1000,908.5272,5590,5590000,0.0008955516815185547,696.0372892291639
0.024616003036499023,0.0005044779777526856,1.4608969688415527,1000,904.68427,5598,5598000,0.0009075710773468017,684.8047868205695
0.013448476791381836,0.0005117897987365722,1.4439449310302734,1000,911.08545,5606,5606000,0.0008927736282348632,692.8160153445808
0.03473949432373047,0.00041631388664245604,1.287870168685913,1000,908.33765,5614,5614000,0.0008122069835662842,776.8674027541417
0.014109373092651367,0.00045072197914123533,1.344494104385376,1000,900.0464,5622,5622000,0.0008567185401916504,744.1868387481393
0.008935689926147461,0.0004372010231018066,1.3024978637695312,1000,904.2962,5630,5630000,0.0008308303356170655,770.0340762197702
0.012718915939331055,0.0005080296993255616,1.454517126083374,1000,908.7187,5638,5638000,0.0009096920490264893,687.7858802578436
0.02574324607849121,0.0005096204280853272,1.4872658252716064,1000,910.3336,5646,5646000,0.0009263358116149902,672.6541483587241
0.008675336837768555,0.000537074327468872,1.49094557762146,1000,906.6411,5654,5654000,0.0009214844703674316,671.0140232406156
0.021039485931396484,0.00045746040344238283,1.36277437210083,1000,905.8963,5662,5662000,0.0008564066886901856,734.1185300210664
0.03107738494873047,0.0004942409992218017,1.4434585571289062,1000,898.36206,5670,5670000,0.0008917176723480225,693.2289301115895
0.036572933197021484,0.0004994740486145019,1.4696927070617676,1000,905.2809,5677,5677000,0.0009065959453582764,680.7016723858342
0.01499485969543457,0.0005120887756347657,1.4597704410552979,1000,905.06665,5685,5685000,0.0009085655212402344,685.3248660290263
0.012630939483642578,0.0004629228115081787,1.3546066284179688,1000,899.2772,5693,5693000,0.0008556885719299316,738.5284592814008
0.028292417526245117,0.00043363285064697266,1.3397235870361328,1000,893.3919,5701,5701000,0.0008530833721160888,746.7604447193406
0.0326540470123291,0.0006935384273529053,1.8610813617706299,1000,908.45087,5707,5707000,0.0011049497127532959,537.5028433428613
0.030951738357543945,0.0005800414085388183,1.6766717433929443,1000,911.7725,5714,5714000,0.0010381455421447753,596.6337162095651
0.02977299690246582,0.0006116149425506592,1.7458500862121582,1000,907.0984,5721,5721000,0.0010754916667938233,572.9873400013989
0.02983260154724121,0.0005762691497802734,1.6645474433898926,1000,908.8688,5728,5728000,0.001031862258911133,601.0586693347877
0.027956485748291016,0.0005776247978210449,1.6400701999664307,1000,885.36,5735,5735000,0.0010053248405456543,609.9514939020178
0.029119253158569336,0.0005351955890655518,1.5851998329162598,1000,910.02704,5741,5741000,0.0009942882061004638,631.0906212948306
0.009955883026123047,0.0004243404865264893,1.2912111282348633,1000,908.2759,5748,5748000,0.0008344461917877197,774.7998809621231
0.010164976119995117,0.00043217062950134277,1.3223614692687988,1000,904.58923,5756,5756000,0.0008578455448150635,756.6176698730692
0.026612281799316406,0.0004997551441192627,1.50299072265625,1000,908.8163,5764,5764000,0.0009507219791412354,665.6164210301135
0.024817705154418945,0.0005311400890350342,1.5392613410949707,1000,900.76874,5771,5771000,0.0009559011459350586,650.0027585146669
0.009494304656982422,0.0004657294750213623,1.3639657497406006,1000,909.9623,5778,5778000,0.0008659274578094483,733.4608607030747
0.02785491943359375,0.0004505195617675781,1.37752103805542,1000,908.2921,5786,5786000,0.0008742518424987793,726.269177683577
0.01095724105834961,0.0005425372123718261,1.5473763942718506,1000,904.4746,5794,5794000,0.0009679627418518066,646.5079923651615
0.03139472007751465,0.00043050312995910646,1.3499274253845215,1000,909.553,5802,5802000,0.0008644061088562011,741.1155188837355
0.009439229965209961,0.00041808533668518066,1.267136812210083,1000,891.5487,5810,5810000,0.0008174784183502198,789.5664306861181
0.012873411178588867,0.0004814074039459229,1.4081499576568604,1000,906.4193,5818,5818000,0.0008903565406799316,710.4698111174877
0.028467178344726562,0.0005194995403289795,1.4704928398132324,1000,824.4001,5825,5825000,0.0008982899188995361,680.3637946819327
0.0322723388671875,0.00041698002815246583,1.2672240734100342,1000,855.4021,5833,5833000,0.0007944812774658203,789.489297303809
0.008035421371459961,0.00035694575309753415,1.1277451515197754,1000,906.17664,5841,5841000,0.0007401986122131348,887.2725180382079
0.022900819778442383,0.0004068050384521484,1.2391765117645264,1000,775.41455,5849,5849000,0.0007868030071258545,807.4674350848242
0.022714614868164062,0.0004316463470458984,1.3029346466064453,1000,506.80014,5857,5857000,0.0008250110149383545,767.8736457916837
0.02148914337158203,0.00045131182670593264,1.3374786376953125,1000,902.6955,5865,5865000,0.0008410747051239014,748.0381917692514
0.010601997375488281,0.00042301106452941896,1.2885339260101318,1000,902.92084,5873,5873000,0.0008322854042053223,776.4194404742886
0.02997899055480957,0.0006312198638916015,1.747413158416748,1000,908.01184,5881,5881000,0.0010595076084136963,572.4774328663945
0.034429311752319336,0.0006030454635620118,1.6790814399719238,1000,905.46265,5888,5888000,0.0010126578807830812,595.7945126671733
0.031415700912475586,0.0004772603511810303,1.3943746089935303,1000,908.0499,5895,5895000,0.0008599448204040527,717.42033388587
0.02733445167541504,0.0004501311779022217,1.3464581966400146,1000,903.1955,5903,5903000,0.0008436472415924072,743.0156454219275
0.034328460693359375,0.00043485283851623535,1.3469269275665283,1000,908.1309,5911,5911000,0.0008524434566497803,742.8002389397817
0.03213977813720703,0.0004990577697753906,1.4786529541015625,1000,911.3699,5918,5918000,0.0009218430519104003,676.5591347897173
0.009404420852661133,0.00040875697135925293,1.2648093700408936,1000,909.6932,5926,5926000,0.0008246183395385742,791.0194679657507
0.025511741638183594,0.00038872265815734864,1.221956491470337,1000,912.1483,5934,5934000,0.0007858047485351562,818.76630972032
0.03197836875915527,0.000427962064743042,1.282663106918335,1000,907.4647,5942,5942000,0.0007983040809631347,779.9590709229684
0.02908158302307129,0.0003944077491760254,1.2494173049926758,1000,910.75903,5950,5950000,0.0008013575077056885,800.7421123359376
0.020740032196044922,0.0003790900707244873,1.2053961753845215,1000,894.5353,5958,5958000,0.0007844183444976807,830.0361872714053
0.029979944229125977,0.00043534898757934573,1.2955076694488525,1000,898.678,5966,5966000,0.0008079867362976074,772.2312939423269
0.012085914611816406,0.0003842048645019531,1.2201125621795654,1000,903.5543,5974,5974000,0.0008007373809814453,819.9727282057798
0.02594757080078125,0.00045690417289733886,1.338758945465088,1000,904.2831,5983,5983000,0.0008303546905517579,747.3481664837037
0.0283200740814209,0.0003643186092376709,1.1736407279968262,1000,911.7956,5991,5991000,0.000758173942565918,852.495614864137
0.0322113037109375,0.0005921363830566406,1.65964937210083,1000,852.88965,5999,5999000,0.0010084059238433837,602.7418599461078
0.024966001510620117,0.0005322551727294922,1.5702152252197266,1000,910.15674,6006,6006000,0.0009863085746765136,637.3249971471365
0.02010488510131836,0.0005539195537567138,1.5591726303100586,1000,905.3921,6013,6013000,0.0009605517387390137,641.6409151822593
0.024460315704345703,0.000476940393447876,1.4474241733551025,1000,911.14355,6020,6020000,0.0009210700988769531,691.1527490115865
0.032224416732788086,0.00044506382942199706,1.351161003112793,1000,908.5735,6027,6027000,0.0008480653762817383,740.4218615864534
0.010539054870605469,0.0004054834842681885,1.2432305812835693,1000,910.4136,6036,6036000,0.0008050861358642578,804.7511026152132
0.009881019592285156,0.0004369504451751709,1.304046630859375,1000,905.1636,6044,6044000,0.0008308298587799073,767.3041622776416
0.00887298583984375,0.00039391303062438966,1.2208330631256104,1000,901.052,6052,6052000,0.0007959227561950684,819.5279712525579
0.03238105773925781,0.0004667963981628418,1.3931052684783936,1000,910.2665,6060,6060000,0.0008696208000183106,718.1750703097912
0.012207746505737305,0.00040374422073364256,1.2621164321899414,1000,897.41724,6068,6068000,0.0008238084316253662,792.841728957759
0.008863687515258789,0.0004228827953338623,1.2686896324157715,1000,909.15955,6077,6077000,0.0008144607543945313,788.596895627722
0.008452415466308594,0.0004210631847381592,1.2641017436981201,1000,905.78204,6085,6085000,0.0008122689723968505,791.4254494089552
0.03670907020568848,0.0004168391227722168,1.3034131526947021,1000,896.4575,6093,6093000,0.0008256473541259766,767.5736274668228
0.029541730880737305,0.0004260914325714111,1.3012280464172363,1000,911.5368,6101,6101000,0.0008224825859069825,768.8320410717922
0.015201568603515625,0.00047905349731445314,1.3816630840301514,1000,910.69495,6109,6109000,0.0008637886047363282,724.0935632333527
0.02661418914794922,0.00045502758026123044,1.3528554439544678,1000,905.21124,6117,6117000,0.0008451778888702393,739.5536797887082
0.01147317886352539,0.0004210193157196045,1.2792844772338867,1000,910.49615,6125,6125000,0.0008244967460632324,782.0297589792659
0.01326441764831543,0.0003929269313812256,1.216684341430664,1000,902.22144,6133,6133000,0.0007892756462097168,822.2290790800014
0.024230241775512695,0.0004012792110443115,1.2538845539093018,1000,906.2507,6141,6141000,0.0008053746223449707,797.8696104665905
0.027016639709472656,0.0004391145706176758,1.3260321617126465,1000,907.3818,6149,6149000,0.0008363571166992188,754.5355652103362
0.014925241470336914,0.00043850326538085935,1.3149030208587646,1000,907.727,6157,6157000,0.0008384156227111817,760.9816350738846
0.02532672882080078,0.0004307751655578613,1.304675579071045,1000,914.20496,6165,6165000,0.0008238358497619629,766.8277607363646
0.010757923126220703,0.0004515833854675293,1.3331093788146973,1000,902.6345,6173,6173000,0.0008438985347747803,750.4455559362578
0.026701688766479492,0.00041000866889953614,1.2601802349090576,1000,908.5303,6181,6181000,0.0007982518672943115,793.9127921426123
0.00900721549987793,0.00044336891174316407,1.316596269607544,1000,910.048,6189,6189000,0.0008395609855651855,759.8792542635484
0.027608394622802734,0.00045630288124084474,1.3609371185302734,1000,914.35864,6197,6197000,0.0008519816398620605,735.0980366383181
0.025426864624023438,0.00042403411865234375,1.2876534461975098,1000,910.7627,6206,6206000,0.0008146438598632813,776.9635338941983
0.03502011299133301,0.00045588135719299317,1.3706376552581787,1000,912.60583,6214,6214000,0.0008544299602508545,729.9089037385369
0.010245323181152344,0.0004140667915344238,1.2534399032592773,1000,881.86584,6222,6222000,0.0008071463108062744,798.1881642641245
0.008938312530517578,0.0004205763339996338,1.2882616519927979,1000,910.9126,6230,6230000,0.0008368487358093262,776.5355878016842
0.028763294219970703,0.00041902899742126467,1.2958767414093018,1000,902.84863,6238,6238000,0.0008241746425628662,772.0730813423305
0.019838571548461914,0.00040944981575012206,1.2671153545379639,1000,904.86035,6246,6246000,0.0008139755725860596,789.5594449614924
0.031664371490478516,0.00047693347930908203,1.3901910781860352,1000,908.0161,6254,6254000,0.0008565857410430908,719.6138729577247
0.025719642639160156,0.000512315034866333,1.5101852416992188,1000,897.0349,6261,6261000,0.00094752836227417,662.4137751863634
0.034804582595825195,0.0005183444023132324,1.5276944637298584,1000,908.03815,6268,6268000,0.000950190544128418,654.8809136815848
0.03324699401855469,0.0004133009910583496,1.2754862308502197,1000,880.66223,6276,6276000,0.0008041582107543945,784.351507626022
0.013660192489624023,0.0004266352653503418,1.2922637462615967,1000,875.63586,6284,6284000,0.0008292548656463623,774.170351276947
0.03497672080993652,0.0004271135330200195,1.3025257587432861,1000,899.93164,6292,6292000,0.000814896821975708,768.0946991755575
0.00987386703491211,0.0004259834289550781,1.2810454368591309,1000,876.86865,6300,6300000,0.0008225324153900147,780.9713022227395
0.031278133392333984,0.00039216208457946777,1.2169795036315918,1000,913.1578,6309,6309000,0.0007672040462493897,822.109496891342
0.036923885345458984,0.0004136507511138916,1.2925560474395752,1000,901.69385,6318,6318000,0.0008175592422485352,774.0323405436399
0.011253595352172852,0.00043076062202453613,1.307117223739624,1000,907.18677,6326,6326000,0.0008417766094207763,765.3874333368309
0.03761935234069824,0.00042526674270629885,1.311575174331665,1000,908.67505,6334,6334000,0.0008242459297180176,762.7362169607219
0.010464668273925781,0.0004065945148468018,1.2631545066833496,1000,909.47064,6342,6342000,0.0008226969242095947,792.0719981674512
0.011429786682128906,0.0005202431678771973,1.5008163452148438,1000,904.80994,6350,6350000,0.0009445865154266357,666.6428256613773
0.03430652618408203,0.0005514342784881591,1.5949907302856445,1000,908.6009,6357,6357000,0.0009826653003692626,627.2473613104661
0.01844048500061035,0.0004407591819763184,1.3291082382202148,1000,912.9936,6364,6364000,0.0008439900875091553,752.7133583118907
0.013434886932373047,0.00044074487686157225,1.330676555633545,1000,905.6897,6372,6372000,0.0008527481555938721,751.850360715027
0.009163141250610352,0.0004578416347503662,1.339702844619751,1000,910.79114,6380,6380000,0.0008495943546295166,746.8146940542973
0.030129432678222656,0.000408698558807373,1.2634553909301758,1000,908.206,6388,6388000,0.0008012807369232178,791.8722115856064
0.008205652236938477,0.00044957637786865236,1.3518977165222168,1000,909.1986,6396,6396000,0.0008710455894470214,740.0300789661079
0.02703261375427246,0.00040436577796936033,1.2477920055389404,1000,899.56287,6404,6404000,0.0007929067611694336,801.8277441731669
0.00967717170715332,0.00042528271675109866,1.2928729057312012,1000,909.5485,6412,6412000,0.0008357903957366944,773.8015754225667
0.022766828536987305,0.00040029120445251464,1.251838207244873,1000,901.79706,6420,6420000,0.0008044111728668213,799.200780926819
0.028551340103149414,0.000398301362991333,1.2612409591674805,1000,896.47565,6429,6429000,0.0008088538646697998,793.9263170905713
0.026556730270385742,0.00041659951210021973,1.287822961807251,1000,910.7027,6437,6437000,0.0008212800025939941,776.7630957229087
0.03156256675720215,0.0003967452049255371,1.2506589889526367,1000,905.6218,6445,6445000,0.0007987208366394043,799.9697887385997
0.03506302833557129,0.00045681571960449216,1.3709287643432617,1000,902.1837,6453,6453000,0.0008539977073669433,729.6992513904861
0.0191497802734375,0.0004222006797790527,1.2849006652832031,1000,910.9405,6461,6461000,0.0008215456008911133,778.6144192503195
0.026375293731689453,0.0004183864593505859,1.2985734939575195,1000,906.36005,6470,6470000,0.0008288986682891845,770.4371941733895
0.010645866394042969,0.0004328460693359375,1.3309376239776611,1000,905.09314,6478,6478000,0.0008647348880767822,751.7073937447925
0.008563756942749023,0.00043593454360961914,1.290984869003296,1000,907.99255,6486,6486000,0.0008243184089660645,774.9202688117014
0.030701160430908203,0.0003954789638519287,1.243340253829956,1000,884.9502,6494,6494000,0.0007939534187316894,804.6593960964378
0.008327245712280273,0.00042508125305175783,1.2583520412445068,1000,899.6217,6502,6502000,0.000802626371383667,795.1549491869495
0.009049415588378906,0.0004615001678466797,1.3477089405059814,1000,909.8839,6510,6510000,0.0008527514934539795,742.3854368481809
0.027060985565185547,0.0004136040210723877,1.2932462692260742,1000,912.607,6518,6518000,0.0008291471004486084,773.5882116209833
0.01049947738647461,0.000414625883102417,1.268286943435669,1000,903.1931,6526,6526000,0.0008202931880950928,788.8870163950213
0.029819965362548828,0.0003374550342559814,1.1171061992645264,1000,903.1019,6534,6534000,0.0007284276485443115,895.5769732546376
0.008711576461791992,0.00041854381561279297,1.2754998207092285,1000,864.68604,6542,6542000,0.0008265688419342041,784.3713095003221
0.009543180465698242,0.0004246394634246826,1.2905151844024658,1000,912.28796,6550,6550000,0.0008283116817474365,775.1958271834117
0.03504300117492676,0.0003803284168243408,1.215646743774414,1000,900.5354,6559,6559000,0.0007772800922393799,822.9679717173826
0.013613462448120117,0.0004383831024169922,1.2905197143554688,1000,912.8185,6567,6567000,0.0008161849975585937,775.2345126985817
0.025066614151000977,0.0004124894142150879,1.2667922973632812,1000,912.9712,6575,6575000,0.0008048238754272461,789.7901878788609
0.015887737274169922,0.00043480658531188965,1.29677414894104,1000,912.8273,6583,6583000,0.0008237159252166748,771.4669869536988
0.014429092407226562,0.0004972014427185059,1.4128599166870117,1000,821.12244,6591,6591000,0.0008771464824676513,708.0785501682197
0.017427682876586914,0.00039501452445983885,1.2274847030639648,1000,903.573,6599,6599000,0.0007931308746337891,815.075431765311
0.009150028228759766,0.00040590691566467287,1.2497437000274658,1000,905.90515,6607,6607000,0.000813194751739502,800.5180659862311
0.008928775787353516,0.000424572229385376,1.2706782817840576,1000,903.55945,6615,6615000,0.0008153033256530762,787.3364034849782
0.009142160415649414,0.0004099092483520508,1.2571802139282227,1000,903.125,6623,6623000,0.0008165872097015381,795.7677482808944
0.00823354721069336,0.0004282231330871582,1.2858538627624512,1000,893.02893,6631,6631000,0.0008274619579315185,778.0704657399259
0.027686119079589844,0.0004152212142944336,1.28196120262146,1000,910.6899,6639,6639000,0.0008134503364562989,780.3954461253588
0.009127140045166016,0.0004172477722167969,1.2628135681152344,1000,914.46277,6647,6647000,0.000814802885055542,792.2688925151883
0.00846552848815918,0.000409977912902832,1.2649362087249756,1000,900.4336,6655,6655000,0.00082460618019104,790.9460775670648
0.01036834716796875,0.00042130327224731447,1.2710227966308594,1000,906.3338,6663,6663000,0.0008171746730804443,787.1208291155798
0.008890628814697266,0.00040857625007629394,1.2353177070617676,1000,899.8157,6671,6671000,0.0007961308956146241,809.8666037459698
0.03094482421875,0.0004108748435974121,1.2643132209777832,1000,909.6561,6680,6680000,0.0007979919910430909,791.3176445950828
0.027228355407714844,0.0004338831901550293,1.3254494667053223,1000,905.70374,6688,6688000,0.0008389937877655029,754.8341698775688
0.023046016693115234,0.00041881775856018064,1.2806897163391113,1000,909.40906,6696,6696000,0.0008151323795318604,781.1326011506437
0.014436483383178711,0.0004152088165283203,1.2762856483459473,1000,913.3539,6704,6704000,0.0008241252899169922,783.9383899737921
0.009187698364257812,0.00039429426193237304,1.1970829963684082,1000,913.7883,6712,6712000,0.0007719309329986573,835.8050965669512
0.029247760772705078,0.0004680349826812744,1.3865127563476562,1000,896.08044,6720,6720000,0.0008648169040679931,721.5458196555204
0.03129887580871582,0.00041346144676208496,1.2699782848358154,1000,906.579,6728,6728000,0.0008004794120788575,787.7745648020639
0.027621030807495117,0.00044705986976623536,1.347447156906128,1000,912.3224,6736,6736000,0.0008499860763549804,742.5311892720695
0.018947362899780273,0.00040127253532409667,1.2382922172546387,1000,898.4993,6744,6744000,0.0007927658557891846,807.9065084537995
0.02632284164428711,0.00041527247428894043,1.2722818851470947,1000,905.26245,6752,6752000,0.0008086123466491699,786.3993152784587
0.013457059860229492,0.00040499043464660645,1.2463021278381348,1000,911.96216,6760,6760000,0.0008058946132659912,802.750513118297
0.011029481887817383,0.00038131427764892577,1.2193121910095215,1000,896.13794,6768,6768000,0.0008050320148468018,820.5629036978606
0.02875208854675293,0.0003746011257171631,1.213458776473999,1000,912.7342,6776,6776000,0.0007870354652404785,824.5815217872108
0.03011012077331543,0.0004412388801574707,1.3518223762512207,1000,908.80865,6784,6784000,0.0008530757427215577,740.1209658919664
0.029486894607543945,0.0005044171810150147,1.4720821380615234,1000,906.4729,6792,6792000,0.0009121949672698975,679.6129435979965
0.029551267623901367,0.0004151272773742676,1.3068933486938477,1000,903.7495,6800,6800000,0.0008375062942504882,765.495972220752
0.00816202163696289,0.0004519777297973633,1.328653335571289,1000,910.83453,6808,6808000,0.000845712661743164,752.9967331215017
0.03019547462463379,0.0004508514404296875,1.3627307415008545,1000,905.4373,6816,6816000,0.0008570685386657715,734.1669742977915
0.0178377628326416,0.00048139786720275877,1.4066576957702637,1000,904.83325,6824,6824000,0.0008829314708709717,711.204680520305
0.02334427833557129,0.00047755336761474607,1.3950982093811035,1000,905.17725,6832,6832000,0.0008703608512878418,717.1113551840965
0.03734707832336426,0.0004888417720794678,1.4550158977508545,1000,892.7848,6840,6840000,0.0009043550491333008,687.6622914578335
0.03115534782409668,0.00040640902519226076,1.2546441555023193,1000,901.2204,6848,6848000,0.0007929177284240722,797.4565375859238
0.01568770408630371,0.0004200279712677002,1.271216869354248,1000,903.13153,6856,6856000,0.0008134255409240722,787.0475695803581
0.009128570556640625,0.0004403660297393799,1.3046417236328125,1000,911.8085,6865,6865000,0.0008329215049743652,766.8393971843274
0.010268688201904297,0.00039585232734680177,1.2209718227386475,1000,913.22925,6873,6873000,0.000793635606765747,819.4309450886255
0.02624368667602539,0.0004061875343322754,1.2548024654388428,1000,909.2283,6881,6881000,0.0008001840114593506,797.3440520239741
0.00857853889465332,0.0005160210132598877,1.5024256706237793,1000,910.54224,6889,6889000,0.0009520506858825684,665.9111541401145
0.03445577621459961,0.0005354509353637695,1.5163092613220215,1000,909.38513,6896,6896000,0.0009205875396728516,659.6978224157377
0.015150308609008789,0.0005189971923828125,1.4818458557128906,1000,910.10486,6903,6903000,0.0009241266250610352,675.1193727027847
0.026782751083374023,0.0004910078048706055,1.4110348224639893,1000,898.91925,6911,6911000,0.0008674347400665283,708.9871211698622
0.033737897872924805,0.00048623776435852053,1.4289896488189697,1000,899.72394,6918,6918000,0.0008844895362854004,700.0571154463066
0.00953531265258789,0.0004971511363983154,1.4527432918548584,1000,903.65985,6926,6926000,0.0009214444160461426,688.6392446992659
0.009272336959838867,0.0004137430191040039,1.2724463939666748,1000,906.94183,6934,6934000,0.0008274242877960205,786.2429085804864
0.008846521377563477,0.000421220064163208,1.2670001983642578,1000,899.05096,6942,6942000,0.0008152172565460205,789.6215776602614
0.027965545654296875,0.0004575228691101074,1.3664474487304688,1000,907.13983,6950,6950000,0.0008552405834197998,732.1919949668504
0.008576154708862305,0.00041614341735839844,1.2780888080596924,1000,907.94,6958,6958000,0.0008312230110168457,782.8576676041364
0.00861358642578125,0.0005130841732025146,1.4775753021240234,1000,899.9303,6966,6966000,0.0009321749210357666,677.0784551784434
0.008496761322021484,0.00044872379302978517,1.3256196975708008,1000,910.45465,6974,6974000,0.0008450477123260498,754.7696490863433
0.026541948318481445,0.0005369014739990234,1.5006885528564453,1000,887.67163,6981,6981000,0.0009099376201629638,666.6732364878118
0.03323650360107422,0.0005259084701538086,1.5452826023101807,1000,903.1022,6988,6988000,0.0009565696716308593,647.4494824561472
0.03478288650512695,0.00048396921157836914,1.4251065254211426,1000,903.8539,6996,6996000,0.0008801937103271485,702.0392477443143
0.014052867889404297,0.0004861438274383545,1.4290871620178223,1000,904.13666,7004,7004000,0.0009049398899078369,700.0949750043816
0.01705193519592285,0.0003889210224151611,1.228804349899292,1000,909.5879,7012,7012000,0.0007997002601623536,814.185286521396
0.008777618408203125,0.00044719696044921877,1.3103454113006592,1000,892.5151,7020,7020000,0.000831047534942627,763.5348774892045
0.0114288330078125,0.00045016002655029296,1.3236603736877441,1000,906.91925,7029,7029000,0.0008390951156616211,755.8715464724586
0.02605724334716797,0.0004712052345275879,1.3898725509643555,1000,904.92896,7037,7037000,0.0008666496276855469,719.8418590825479
0.01562786102294922,0.000459881067276001,1.3771424293518066,1000,906.9873,7045,7045000,0.0008787164688110351,726.5017785359054
0.010156631469726562,0.0004967672824859619,1.431210994720459,1000,906.35065,7053,7053000,0.0009007730484008789,699.0228222575801
0.008865833282470703,0.00046701884269714355,1.3766756057739258,1000,909.2718,7060,7060000,0.0008764379024505615,726.7308767890596
0.034240007400512695,0.0005168173313140869,1.4855313301086426,1000,908.7577,7067,7067000,0.0009076359272003173,673.4395366095596
0.008636474609375,0.00041628646850585936,1.2572367191314697,1000,907.66943,7075,7075000,0.0008100478649139404,795.7928113659968
0.025466203689575195,0.0004331192970275879,1.321465015411377,1000,849.994,7083,7083000,0.0008369941711425782,757.0701235465497
0.028265953063964844,0.00043912339210510254,1.3256151676177979,1000,905.42883,7091,7091000,0.0008324639797210693,754.626112920875
0.00968790054321289,0.0004095430374145508,1.2759265899658203,1000,911.31006,7099,7099000,0.0008347756862640381,784.1297949221087
0.03271627426147461,0.0003637881278991699,1.2065482139587402,1000,894.615,7107,7107000,0.0007874741554260254,829.1761879598663
0.024626970291137695,0.00041748714447021484,1.277435064315796,1000,909.9531,7115,7115000,0.0008107242584228516,783.2484377716497
0.008955955505371094,0.0004334752559661865,1.3028674125671387,1000,909.10486,7123,7123000,0.0008370962142944336,767.9461912702894
0.007401943206787109,0.00042693519592285154,1.2881877422332764,1000,910.14,7131,7131000,0.0008287928104400634,776.6465927146794
0.013483524322509766,0.00036324238777160644,1.1590056419372559,1000,900.4025,7139,7139000,0.000760418176651001,863.277214776407
0.009221076965332031,0.0004007134437561035,1.2322628498077393,1000,902.8832,7147,7147000,0.0007999317646026612,811.9206241540687
0.026224136352539062,0.0003669798374176025,1.1775050163269043,1000,907.5742,7155,7155000,0.0007613122463226319,849.6987070078856
0.03493309020996094,0.0005298445224761963,1.4983370304107666,1000,910.0101,7163,7163000,0.0009070062637329102,667.7049251051432
0.007905960083007812,0.00045351648330688475,1.3453192710876465,1000,902.50037,7171,7171000,0.0008609514236450196,743.6751414192421
0.030405521392822266,0.00042714214324951174,1.319631814956665,1000,908.1003,7179,7179000,0.000837510347366333,758.1324325574939
0.008494138717651367,0.0004289944171905518,1.3026788234710693,1000,911.26935,7187,7187000,0.0008425037860870362,768.0842905001416
0.029517412185668945,0.00036800217628479,1.200382947921753,1000,901.8347,7195,7195000,0.00077852201461792,833.6445195125063
0.033980607986450195,0.0004205915927886963,1.2999935150146484,1000,911.6185,7203,7203000,0.0008209755420684814,769.5661403697723
0.029851913452148438,0.00043843913078308103,1.314074993133545,1000,907.8768,7212,7212000,0.0008216056823730468,761.3685560876843
0.007853984832763672,0.0004161059856414795,1.2631330490112305,1000,903.42426,7220,7220000,0.0008174004554748535,792.09772651947
0.015892744064331055,0.00040890789031982423,1.2622079849243164,1000,908.7269,7228,7228000,0.0008146543502807617,792.6351128534969
0.011686325073242188,0.0003873109817504883,1.2232589721679688,1000,909.7915,7236,7236000,0.0008000361919403076,817.919604369332
0.027500391006469727,0.000432741641998291,1.298933506011963,1000,904.0606,7244,7244000,0.0008148069381713867,770.2436448945674
0.029346942901611328,0.0004137520790100098,1.2757861614227295,1000,898.6659,7252,7252000,0.0008098118305206299,784.1831587465047
0.008866310119628906,0.0004591484069824219,1.3404462337493896,1000,910.68054,7260,7260000,0.0008491466045379639,746.3831778777668
0.021901369094848633,0.00040892386436462404,1.2317461967468262,1000,908.9469,7268,7268000,0.0007779722213745118,812.2786560686897
0.02793264389038086,0.0004033818244934082,1.2484652996063232,1000,909.93164,7277,7277000,0.0007930593490600586,801.3621787523348
0.008472919464111328,0.0004231851100921631,1.2701878547668457,1000,902.01776,7285,7285000,0.0008164539337158203,787.6255973662087
0.01906275749206543,0.0004301810264587402,1.320784091949463,1000,912.90045,7293,7293000,0.0008444228172302246,757.518467012227
0.024152278900146484,0.0003895363807678223,1.230910062789917,1000,909.65717,7301,7301000,0.0007915394306182861,812.8324421053896
0.009388446807861328,0.0004995021820068359,1.41416335105896,1000,913.2387,7309,7309000,0.0008824636936187744,707.4490299171565
0.014013051986694336,0.0004194917678833008,1.263967752456665,1000,914.59656,7317,7317000,0.0008054103851318359,791.5659981180439
0.020804405212402344,0.00040379786491394045,1.2420172691345215,1000,912.7787,7325,7325000,0.0007952079772949219,805.5619309114578
0.017249107360839844,0.000454350471496582,1.3473718166351318,1000,911.28217,7333,7333000,0.0008497362136840821,742.6775249559809
0.01017904281616211,0.0004255273342132568,1.2795166969299316,1000,914.52026,7341,7341000,0.0008194067478179931,781.9191050154592
0.02535414695739746,0.0003962244987487793,1.2373254299163818,1000,905.4524,7349,7349000,0.000793468713760376,808.6237696564813
0.015497446060180664,0.00041726565361022947,1.2766311168670654,1000,918.2126,7357,7357000,0.0008210716247558594,783.7196930896591
0.021289825439453125,0.0004278411865234375,1.2977957725524902,1000,911.80664,7365,7365000,0.000826554536819458,770.8588682502128
0.008994817733764648,0.0004373600482940674,1.321202039718628,1000,913.0508,7373,7373000,0.0008481917381286621,757.259158849685
0.009349346160888672,0.0004297761917114258,1.2919466495513916,1000,903.6279,7381,7381000,0.0008299765586853027,774.3856090662646
0.02837824821472168,0.0005625772476196289,1.596402883529663,1000,906.5148,7388,7388000,0.0009789385795593263,626.6937546888431
0.03157305717468262,0.00042507076263427734,1.320894718170166,1000,904.58856,7396,7396000,0.0008384308815002441,757.4388503655632
0.009287834167480469,0.00042214226722717287,1.28035306930542,1000,910.7286,7404,7404000,0.0008270227909088134,781.4249706614263
0.009290695190429688,0.0003884902000427246,1.2066380977630615,1000,917.7602,7412,7412000,0.000786048412322998,829.262911067307
0.009123086929321289,0.0003945295810699463,1.2158057689666748,1000,914.89795,7419,7419000,0.0007902531623840332,822.9813743813125
0.008186578750610352,0.000443911075592041,1.3130407333374023,1000,907.96545,7427,7427000,0.0008380136489868164,761.9757686014252
0.019879579544067383,0.0005679879188537597,1.6285068988800049,1000,907.46497,7435,7435000,0.0010155975818634034,614.3215000309775
0.038146018981933594,0.0005030755996704102,1.4878759384155273,1000,915.88574,7442,7442000,0.0009222261905670167,672.3788543360083
0.019598722457885742,0.0004214355945587158,1.2746338844299316,1000,905.3156,7450,7450000,0.000811009168624878,784.9246992883977
0.015921831130981445,0.0004563760757446289,1.3573222160339355,1000,914.1403,7458,7458000,0.0008590147495269776,737.0930202315085
0.008617877960205078,0.0004151873588562012,1.2460341453552246,1000,913.44446,7466,7466000,0.0007995901107788086,802.9956420445919
0.009319543838500977,0.0004387648105621338,1.2945137023925781,1000,914.15173,7474,7474000,0.0008241472244262696,772.8995434252741
0.031154155731201172,0.00041502976417541503,1.2831971645355225,1000,910.82446,7482,7482000,0.0008124172687530518,779.774190489824
0.033530473709106445,0.00040548419952392577,1.2879273891448975,1000,908.92664,7490,7490000,0.0008267018795013427,776.8135912152715
0.026326894760131836,0.00038983845710754397,1.2401301860809326,1000,915.9319,7498,7498000,0.0007999012470245361,806.8065376216013
0.025460004806518555,0.0004312796592712402,1.2784755229949951,1000,150.60704,7507,7507000,0.0007975099086761474,782.5421784663882
0.02972269058227539,0.0004160501956939697,1.282945156097412,1000,915.7787,7515,7515000,0.0008134291172027587,779.8295729208655
0.00998544692993164,0.00040100884437561035,1.2374277114868164,1000,915.32263,7523,7523000,0.0008048696517944336,808.5215152530388
0.01054072380065918,0.00045791292190551757,1.3522987365722656,1000,874.12286,7531,7531000,0.000859250783920288,739.788083890192
0.008184671401977539,0.0004026789665222168,1.238497018814087,1000,912.6487,7539,7539000,0.0008055424690246582,807.8532902997412
0.029363632202148438,0.00047146964073181154,1.395376205444336,1000,911.0497,7547,7547000,0.0008699376583099365,716.9855830359215
0.03077244758605957,0.0004182453155517578,1.2954938411712646,1000,910.5004,7555,7555000,0.0008221843242645264,772.2742343319695
0.01654982566833496,0.0004219286441802978,1.2838852405548096,1000,908.1184,7563,7563000,0.0008229069709777832,779.3050603964098
0.02215719223022461,0.00042724967002868655,1.30277419090271,1000,911.87756,7571,7571000,0.0008285243511199951,767.9589865653537
0.008901119232177734,0.00043415117263793945,1.3334858417510986,1000,906.4064,7579,7579000,0.0008674688339233398,750.2864799016863
0.009857892990112305,0.00042713356018066407,1.287153959274292,1000,906.7037,7587,7587000,0.0008277294635772705,777.2411237121044
0.011240959167480469,0.00042498445510864255,1.2772891521453857,1000,901.9583,7595,7595000,0.000818913221359253,783.2636495834569
0.027957677841186523,0.00044262146949768067,1.3496627807617188,1000,905.8066,7603,7603000,0.0008527281284332276,741.277934865232
0.026610612869262695,0.0004734935760498047,1.395737886428833,1000,913.2532,7611,7611000,0.0008696081638336181,716.7744684094382
0.01714324951171875,0.0005484213829040528,1.9189348220825195,1000,909.5001,7619,7619000,0.0013304271697998048,521.2786583056018
0.02800893783569336,0.00042625999450683595,1.3069982528686523,1000,904.66376,7627,7627000,0.0008275873661041259,765.5021194877895
0.011157751083374023,0.0004691667556762695,1.383836269378662,1000,908.2893,7635,7635000,0.0008802096843719483,722.97835841683
0.009157180786132812,0.0004507894515991211,1.3037114143371582,1000,914.31213,7643,7643000,0.0008209245204925537,767.4835974622544
0.010235071182250977,0.0004499328136444092,1.3358547687530518,1000,907.18335,7651,7651000,0.0008529021739959717,748.9541026549873
0.011392831802368164,0.0004206118583679199,1.2639853954315186,1000,904.50775,7659,7659000,0.0008096182346343994,791.5377648812563
0.00949406623840332,0.0004451169967651367,1.3381388187408447,1000,910.30444,7667,7667000,0.0008570802211761475,747.6420412463862
0.023820161819458008,0.00038665390014648435,1.221160650253296,1000,910.7927,7676,7676000,0.0007868027687072754,819.3112150965804
0.025692224502563477,0.00041271352767944337,1.2874934673309326,1000,910.3167,7684,7684000,0.0008257331848144532,777.1043197124515
0.024775981903076172,0.0004535336494445801,1.343597412109375,1000,903.82367,7692,7692000,0.0008408746719360352,744.6074903433503
0.020560741424560547,0.00043389034271240233,1.3170993328094482,1000,879.0086,7700,7700000,0.0008371720314025878,759.6132374655242
0.02268195152282715,0.000379141092300415,1.190791130065918,1000,913.50446,7708,7708000,0.0007663314342498779,840.1633893187999
0.023716449737548828,0.0004534039497375488,1.3472418785095215,1000,909.8198,7716,7716000,0.0008478138446807861,742.5628707234029
0.008458375930786133,0.0004774465560913086,1.3811562061309814,1000,906.4504,7724,7724000,0.0008725342750549316,724.3465379124927
0.028661012649536133,0.0003817014694213867,1.230717420578003,1000,915.46387,7732,7732000,0.0007959163188934326,812.9246031223036
0.00942087173461914,0.00040075159072875977,1.2546298503875732,1000,912.8654,7740,7740000,0.0008190536499023438,797.4451663096422
0.027263641357421875,0.00040735888481140136,1.237290620803833,1000,892.33075,7749,7749000,0.0007775480747222901,808.5561167444191
0.010701656341552734,0.00042720675468444825,1.3033244609832764,1000,908.35406,7758,7758000,0.0008428409099578857,767.6289762046774
0.029082059860229492,0.00041868710517883303,1.295912742614746,1000,892.807,7766,7766000,0.0008241424560546875,772.0331475299215
0.008572101593017578,0.0004296252727508545,1.315781593322754,1000,906.7167,7774,7774000,0.0008540949821472168,760.3521585710621
0.03005385398864746,0.0004290463924407959,1.2905092239379883,1000,903.50854,7782,7782000,0.0008078305721282959,775.2803671982208
0.028603315353393555,0.00039596056938171387,1.2613232135772705,1000,895.367,7791,7791000,0.0008123407363891602,793.3583656262017
0.027930021286010742,0.0004314415454864502,1.3192634582519531,1000,905.36096,7799,7799000,0.0008363988399505615,758.3248779789304
0.02903890609741211,0.00045980501174926755,1.3744511604309082,1000,897.4817,7807,7807000,0.0008614878654479981,727.9007710954443
0.01308584213256836,0.00043442082405090334,1.3112599849700928,1000,890.1522,7815,7815000,0.0008370096683502197,763.2668510700247
0.009302616119384766,0.0004379410743713379,1.3241512775421143,1000,913.84784,7823,7823000,0.0008503499031066895,755.5568765733998
0.009932994842529297,0.0005292689800262451,1.5481038093566895,1000,911.9886,7831,7831000,0.0009828550815582275,646.2216185368655
0.024298667907714844,0.00038158226013183593,1.2178230285644531,1000,915.1908,7839,7839000,0.0007895288467407226,821.5579676434611
0.028384685516357422,0.0004383659362792969,1.333589792251587,1000,908.13776,7847,7847000,0.0008440792560577392,750.192274259288
0.02634286880493164,0.00038964533805847167,1.2388312816619873,1000,910.23193,7855,7855000,0.0007984287738800049,807.6140508498106
0.028348684310913086,0.0004870719909667969,1.4896087646484375,1000,910.0697,7863,7863000,0.0009490418434143067,671.5863660876348
0.028801918029785156,0.0003394172191619873,1.1451916694641113,1000,908.983,7871,7871000,0.0007545838356018067,873.6791871748026
0.027517318725585938,0.0004598381519317627,1.3608455657958984,1000,903.3695,7879,7879000,0.0008482754230499268,735.1667115961076
0.012357473373413086,0.0004057984352111816,1.2362992763519287,1000,912.3591,7887,7887000,0.0007960433959960937,809.1526004441721
0.033684492111206055,0.00041707491874694823,1.3029372692108154,1000,909.01746,7895,7895000,0.0008266758918762207,767.8810965367484
0.0274507999420166,0.00039512753486633303,1.2495052814483643,1000,911.5729,7903,7903000,0.0008017210960388183,800.744405409234
0.014842510223388672,0.00044884443283081053,1.3460485935211182,1000,913.0624,7911,7911000,0.0008586456775665283,743.2400009214516
0.008962392807006836,0.0004148390293121338,1.2727174758911133,1000,911.60095,7919,7919000,0.0008268673419952392,786.0847961715909
0.026715993881225586,0.00040664100646972657,1.281003475189209,1000,904.1378,7927,7927000,0.0008248405456542969,781.1036526147104
0.011322498321533203,0.00045380377769470217,1.3499627113342285,1000,904.07886,7935,7935000,0.0008597428798675537,741.0846155164521
0.0315248966217041,0.0004530348777770996,1.363053798675537,1000,901.8439,7943,7943000,0.0008526308536529542,734.0458113593494
0.016527652740478516,0.0004250497817993164,1.2894721031188965,1000,906.8557,7951,7951000,0.0008248534202575684,775.9066803978999
0.01466059684753418,0.00047990083694458006,1.4142658710479736,1000,912.84033,7959,7959000,0.0008953757286071777,707.3891339816645
0.009849071502685547,0.000413712739944458,1.256577968597412,1000,898.6461,7967,7967000,0.0008106663227081299,796.2052200244957
0.031470298767089844,0.00042544221878051757,1.3055131435394287,1000,914.36383,7975,7975000,0.0008242669105529785,766.3848570112463
0.007739543914794922,0.00037945032119750976,1.2040939331054688,1000,916.0692,7983,7983000,0.0007952919006347656,830.9491667931293
0.018107175827026367,0.0004019010066986084,1.2413580417633057,1000,906.92896,7991,7991000,0.0007992272377014161,805.955568434196
0.012165546417236328,0.0004620206356048584,1.3603172302246094,1000,900.0332,7999,7999000,0.0008605623245239258,735.4260655803816
0.01993584632873535,0.00044614386558532713,1.3204457759857178,1000,904.14984,8007,8007000,0.0008298285007476806,757.6859628345301
0.023990154266357422,0.00041626429557800295,1.2813637256622314,1000,900.13196,8015,8015000,0.0008179233074188233,780.795098585456
0.019112110137939453,0.00043724536895751954,1.3287091255187988,1000,911.18884,8023,8023000,0.0008476293087005616,753.1007042076496
0.031806230545043945,0.0004355740547180176,1.315208911895752,1000,908.00366,8031,8031000,0.0008254456520080567,760.6723537040554
0.019044876098632812,0.00040364432334899904,1.2655682563781738,1000,910.7079,8039,8039000,0.0008202970027923584,790.6581667334611
0.018680334091186523,0.00041522979736328123,1.280463695526123,1000,912.36993,8047,8047000,0.000823833703994751,781.3566975709281
0.02013707160949707,0.0004112827777862549,1.2809507846832275,1000,898.85376,8055,8055000,0.000825516939163208,781.1813384573923
0.009099006652832031,0.00037229228019714357,1.197894811630249,1000,900.86206,8063,8063000,0.0007947685718536377,835.2629882046075
0.024552345275878906,0.0003976459503173828,1.2657103538513184,1000,905.0137,8071,8071000,0.0008177394866943359,790.6982618906725
0.025174617767333984,0.00037825536727905274,1.204033613204956,1000,895.8906,8079,8079000,0.0007747299671173096,830.9974039652385
0.01843428611755371,0.00041521620750427244,1.2838551998138428,1000,909.7412,8087,8087000,0.0008272476196289063,779.3341653804125
0.030607223510742188,0.0003761277198791504,1.2180469036102295,1000,897.76855,8095,8095000,0.0007870793342590332,821.3678013867459
0.01806044578552246,0.00035987162590026857,1.1533536911010742,1000,914.1918,8103,8103000,0.000751570463180542,867.5266568268613
0.00978231430053711,0.00041150903701782225,1.26790452003479,1000,906.9082,8111,8111000,0.0008244071006774902,789.0824787283938
0.02304387092590332,0.00045302295684814453,1.3535819053649902,1000,911.5882,8119,8119000,0.000855365514755249,739.0734656967192
0.028195858001708984,0.0003693592548370361,1.1665809154510498,1000,907.25354,8127,8127000,0.0007452154159545898,857.6396783982071
0.009034872055053711,0.00040217661857604983,1.252021074295044,1000,894.43274,8135,8135000,0.0008186140060424805,799.1136844491821
0.017836809158325195,0.00041654062271118163,1.2813270092010498,1000,915.2285,8143,8143000,0.0008248615264892578,780.8075988630151
0.010797739028930664,0.00034825587272644044,1.1384119987487793,1000,916.8964,8151,8151000,0.0007579455375671387,878.8627661174976
0.009248971939086914,0.0004179112911224365,1.2698681354522705,1000,910.6211,8159,8159000,0.0008206939697265624,787.8590589617356
0.01511526107788086,0.00039108562469482424,1.2351899147033691,1000,912.7737,8167,8167000,0.0008071415424346924,810.0194108607735
0.027576684951782227,0.0003472185134887695,1.1546745300292969,1000,906.0735,8175,8175000,0.0007587122917175293,866.4859311600587
0.009976625442504883,0.0003712098598480225,1.1703758239746094,1000,910.31287,8183,8183000,0.0007670145034790039,854.9727616941258
0.0261383056640625,0.00043277859687805174,1.320612907409668,1000,916.95825,8191,8191000,0.0008366823196411133,757.5774378940802
0.027548551559448242,0.000435401439666748,1.3252508640289307,1000,912.8102,8199,8199000,0.000837324857711792,754.9256045401686
0.009003877639770508,0.00041876029968261716,1.2688732147216797,1000,910.98724,8207,8207000,0.0008186750411987305,788.5023113813206
0.009798526763916016,0.0004474048614501953,1.34562349319458,1000,908.52295,8215,8215000,0.0008621881008148193,743.4175800374411
0.025324583053588867,0.000425933837890625,1.3096964359283447,1000,909.1066,8224,8224000,0.0008342130184173584,763.8996344329486
0.008594036102294922,0.00037883591651916503,1.1838405132293701,1000,902.0546,8233,8233000,0.0007746872901916504,845.1073262915513
0.013736248016357422,0.0004076330661773682,1.2709918022155762,1000,896.36755,8242,8242000,0.0008255653381347656,787.1610094899138
0.030153989791870117,0.00041379833221435547,1.2798216342926025,1000,903.5746,8251,8251000,0.0008113532066345215,781.7015331720096
0.025447607040405273,0.0004525153636932373,1.3474514484405518,1000,907.96967,8259,8259000,0.000846529483795166,742.5030594609082
0.02376699447631836,0.00041980171203613283,1.2979662418365479,1000,904.7677,8267,8267000,0.0008304750919342041,770.8104188225833
0.020979881286621094,0.00042985868453979494,1.3252856731414795,1000,915.95776,8275,8275000,0.0008510913848876953,754.8958484817506
0.009022235870361328,0.00041965031623840334,1.2870874404907227,1000,881.5085,8283,8283000,0.0008360927104949952,777.2967230996807
0.03397488594055176,0.00044999194145202637,1.3665335178375244,1000,901.7944,8291,8291000,0.0008573946952819824,732.1156959185676
0.028042316436767578,0.0003648521900177002,1.195873737335205,1000,897.1,8299,8299000,0.0007801477909088135,836.6333473759463
0.019814729690551758,0.0004048171043395996,1.2615165710449219,1000,907.58215,8307,8307000,0.0008149375915527344,793.055050556904
0.008700370788574219,0.000430225133895874,1.303887128829956,1000,915.91864,8315,8315000,0.0008426282405853272,767.3342026961957
0.011414766311645508,0.0004312925338745117,1.289473295211792,1000,909.55005,8323,8323000,0.0008244631290435791,775.9092640440219
0.008770942687988281,0.0004423832893371582,1.3172330856323242,1000,907.2689,8331,8331000,0.0008431284427642822,759.5626149153594
0.02953791618347168,0.00040621328353881834,1.285243272781372,1000,912.52075,8339,8339000,0.0008230330944061279,778.5560298822079
0.011438608169555664,0.00043462872505187986,1.3176474571228027,1000,904.743,8347,8347000,0.0008491885662078858,759.259571018661
0.030553817749023438,0.00041611909866333006,1.2852129936218262,1000,909.24585,8355,8355000,0.0008164184093475341,778.4343653305934
0.032886505126953125,0.00041146540641784666,1.2765629291534424,1000,908.78046,8363,8363000,0.000807405948638916,783.7069529611848
0.009230375289916992,0.00035178542137145993,1.1452341079711914,1000,896.5309,8371,8371000,0.0007628536224365234,873.6380596976065
0.02805304527282715,0.0004120302200317383,1.3213562965393066,1000,909.7441,8379,8379000,0.0008553512096405029,757.1705752418474
0.0344853401184082,0.0004311654567718506,1.323559284210205,1000,907.7091,8387,8387000,0.0008323874473571777,755.9011070427251
0.018453359603881836,0.0004476006031036377,1.3608481884002686,1000,912.7374,8395,8395000,0.00087199068069458,735.1937727956653
0.021108388900756836,0.000391279935836792,1.2465806007385254,1000,909.4262,8403,8403000,0.0008110859394073486,802.5867674247634
0.009618997573852539,0.00039743137359619143,1.2301902770996094,1000,908.50696,8412,8412000,0.000801912546157837,813.2341649927486
0.00862264633178711,0.00039946866035461424,1.2280266284942627,1000,910.03516,8420,8420000,0.00079850172996521,814.7100248493799
0.009204626083374023,0.0004267430305480957,1.3128745555877686,1000,910.59326,8428,8428000,0.0008546321392059326,762.0208986434867
0.028007030487060547,0.00042923593521118164,1.3450827598571777,1000,908.8673,8436,8436000,0.000863123893737793,743.7773454464141
0.02326655387878418,0.00039659953117370607,1.2560648918151855,1000,905.96893,8444,8444000,0.0008116471767425537,796.5516409692613
0.013815879821777344,0.00040656375885009764,1.265556812286377,1000,895.38464,8453,8453000,0.0008222887516021729,790.5420776706898
0.020714998245239258,0.00038004398345947265,1.2099158763885498,1000,894.8279,8461,8461000,0.0007868227958679199,826.8812748425905
0.013905763626098633,0.00041088509559631347,1.2830846309661865,1000,899.192,8469,8469000,0.0008360793590545655,779.7069302631144
0.027443647384643555,0.00037609148025512695,1.2150039672851562,1000,875.2459,8478,8478000,0.0007903504371643066,823.3459973640704
0.034523963928222656,0.0004067099094390869,1.2766046524047852,1000,911.8202,8486,8486000,0.0008113172054290772,783.5975806263282
0.008020401000976562,0.0004083020687103271,1.238480567932129,1000,909.8085,8494,8494000,0.0007993111610412598,807.9826132586617
0.009840011596679688,0.00042534542083740235,1.2827894687652588,1000,906.1575,8502,8502000,0.0008253681659698486,779.8958392021169
0.013454437255859375,0.00042936801910400393,1.3111588954925537,1000,908.0664,8510,8510000,0.0008458740711212158,763.0612000223407
0.025954484939575195,0.0003876807689666748,1.2235157489776611,1000,900.4789,8518,8518000,0.0007868680953979492,817.7135819712098
0.009238243103027344,0.0004883296489715576,1.4313383102416992,1000,913.1498,8525,8525000,0.0009103565216064453,698.9610831545091
0.03237342834472656,0.0004922943115234375,1.4551477432250977,1000,912.3237,8532,8532000,0.0009050455093383789,687.4768788320494
0.0173952579498291,0.0004089069366455078,1.2528324127197266,1000,912.64996,8540,8540000,0.0008041276931762695,798.6898931348877
0.012481927871704102,0.00045155715942382814,1.3828721046447754,1000,904.1694,8548,8548000,0.0008948657512664795,723.4670776480572
0.020819425582885742,0.0004145393371582031,1.2781703472137451,1000,910.62585,8557,8557000,0.0008208954334259033,782.7099694981707
0.025997400283813477,0.0003958380222320557,1.2403125762939453,1000,920.15283,8565,8565000,0.0007941563129425049,806.6586634900133
0.023669004440307617,0.00047112154960632325,1.3961472511291504,1000,908.716,8573,8573000,0.0008752791881561279,716.6529776618337
0.022461652755737305,0.00044425678253173827,1.3291301727294922,1000,875.746,8581,8581000,0.0008394906520843506,752.6959330626528
0.01063084602355957,0.0004096479415893555,1.2684557437896729,1000,911.0062,8589,8589000,0.0008264386653900147,788.7417810093245
0.02769327163696289,0.00039378142356872556,1.2422914505004883,1000,905.96564,8597,8597000,0.0007963728904724121,805.359921213321
0.00901174545288086,0.0004128589630126953,1.2714335918426514,1000,910.39685,8605,8605000,0.0008278007507324218,786.8746661793925
0.009347677230834961,0.0004162557125091553,1.265455961227417,1000,900.66986,8613,8613000,0.0008180692195892335,790.5885688123163
0.008769512176513672,0.0004980881214141845,1.4573585987091064,1000,918.1542,8621,8621000,0.0009255144596099854,686.4767017463461
0.031348466873168945,0.0005104343891143799,1.4832735061645508,1000,914.5083,8628,8628000,0.0009142704010009766,674.475152763017
0.021991729736328125,0.00045066404342651367,1.3386564254760742,1000,908.2882,8636,8636000,0.0008436322212219238,747.3692069497804
0.010959863662719727,0.00045094895362854,1.3340790271759033,1000,901.7546,8644,8644000,0.0008484375476837158,749.9032294457107
0.015052556991577148,0.0003987562656402588,1.231828212738037,1000,899.81036,8652,8652000,0.0007953639030456543,812.1948196802578
0.016211509704589844,0.00038080263137817383,1.2171721458435059,1000,918.2521,8660,8660000,0.0007986962795257568,821.9749682276984
0.008564472198486328,0.00045865273475646974,1.3399314880371094,1000,916.0673,8668,8668000,0.0008490850925445556,746.6536975993993
0.024542808532714844,0.00048086857795715335,1.4219050407409668,1000,908.6443,8676,8676000,0.000890512228012085,703.5839754847105
0.010381460189819336,0.00047646546363830567,1.418440818786621,1000,902.3658,8684,8684000,0.0009074106216430664,705.429750327251
0.013312101364135742,0.0004726738929748535,1.3851475715637207,1000,907.832,8692,8692000,0.0008754830360412597,722.214865906611
0.022598743438720703,0.0003832716941833496,1.2153444290161133,1000,910.16705,8700,8700000,0.0007862100601196289,823.1970073442535
0.04260540008544922,0.0004024651050567627,1.2589011192321777,1000,902.29803,8708,8708000,0.0007882931232452392,794.7183293404505
0.02973341941833496,0.0003949322700500488,1.2582545280456543,1000,910.4677,8716,8716000,0.000811471700668335,795.1095774566186
0.026365995407104492,0.00043025279045104983,1.3452398777008057,1000,908.2256,8724,8724000,0.0008645293712615967,743.6868769702329
0.009235382080078125,0.00043848919868469237,1.3119890689849854,1000,906.5218,8732,8732000,0.0008409507274627685,762.5548353362734
0.031522512435913086,0.0003917348384857178,1.2408008575439453,1000,914.7919,8740,8740000,0.0007921159267425537,806.341684920504
0.025391578674316406,0.0004132418632507324,1.2839839458465576,1000,910.9483,8748,8748000,0.0008203980922698974,779.161015496081
0.008820533752441406,0.0004294726848602295,1.2777671813964844,1000,913.05585,8756,8756000,0.0008168981075286865,783.0060061579313
0.03280234336853027,0.0004262886047363281,1.3150334358215332,1000,917.1668,8764,8764000,0.0008278005123138428,760.7607927155087
0.011252164840698242,0.0004367811679840088,1.3219246864318848,1000,915.62,8772,8772000,0.0008492240905761719,756.7997880969832
0.02047586441040039,0.0004323699474334717,1.3051385879516602,1000,903.6865,8780,8780000,0.0008296997547149658,766.5529348314574
0.030324220657348633,0.0005743858814239502,1.6636626720428467,1000,909.664,8788,8788000,0.0010315160751342774,601.3668418829533
0.029815196990966797,0.0004573371410369873,1.370363712310791,1000,895.7667,8795,8795000,0.0008572854995727539,730.0373451263357
0.020333290100097656,0.00043861579895019534,1.3023791313171387,1000,903.6786,8803,8803000,0.000821195125579834,768.1886713387125
0.021877527236938477,0.0004949376583099365,1.4390339851379395,1000,911.10614,8811,8811000,0.0008975756168365478,695.2327957687029
0.028254032135009766,0.0005094249248504639,1.4556052684783936,1000,888.5104,8818,8818000,0.0008931891918182373,687.2925797608808
0.01918339729309082,0.0005261192321777344,1.4677462577819824,1000,913.8031,8825,8825000,0.0008989055156707763,681.6238177267852
0.03356647491455078,0.0006388957500457764,1.7638475894927979,1000,913.13513,8832,8832000,0.0010640833377838135,567.1558357985156
0.008389711380004883,0.00048398256301879883,1.4102580547332764,1000,904.9254,8839,8839000,0.0008937737941741943,709.415103086916
0.00973820686340332,0.0004812006950378418,1.4145867824554443,1000,905.50885,8847,8847000,0.0008978421688079834,707.2288250566804
0.010753393173217773,0.0005019590854644776,1.4374759197235107,1000,898.65094,8854,8854000,0.0009010283946990967,695.9746905261048
0.027960538864135742,0.0006735854148864747,1.8198003768920898,1000,914.0814,8861,8861000,0.0010874853134155273,549.7059207843895
0.008564472198486328,0.00046514201164245603,1.366828203201294,1000,913.23987,8868,8868000,0.0008703010082244873,731.9391316487505
0.033676862716674805,0.00045900368690490723,1.3822782039642334,1000,897.87177,8876,8876000,0.000863523006439209,723.7609511814273
0.021715641021728516,0.00047058463096618655,1.392972707748413,1000,903.3436,8884,8884000,0.0008774375915527343,718.1943771887587
0.033570289611816406,0.00044369816780090335,1.3354785442352295,1000,899.0089,8892,8892000,0.0008355298042297363,749.1784462300693
0.00826406478881836,0.0005068573951721192,1.4493663311004639,1000,907.9168,8900,8900000,0.0009094023704528808,690.2313506226443
0.021167516708374023,0.00048370766639709473,1.418391466140747,1000,914.82965,8908,8908000,0.000889946460723877,705.3338985909647
0.028786659240722656,0.00045061874389648436,1.3599250316619873,1000,912.33875,8916,8916000,0.0008545417785644531,735.6572148991185
0.028178930282592773,0.00046826171875,1.395453691482544,1000,906.781,8924,8924000,0.000874110460281372,716.9142582099022
0.027932167053222656,0.0004445192813873291,1.353135585784912,1000,898.1753,8932,8932000,0.0008545901775360108,739.3722067321006
0.030918121337890625,0.0003799474239349365,1.202195644378662,1000,916.8891,8940,8940000,0.0007670364379882813,832.3073781657981
0.028215408325195312,0.00046039509773254395,1.370917797088623,1000,911.5581,8948,8948000,0.0008569512367248535,729.772508083202
0.010198593139648438,0.0005148358345031739,1.4669835567474365,1000,909.3811,8956,8956000,0.0009170935153961182,681.9897829270362
0.032569169998168945,0.0005261263847351074,1.5038607120513916,1000,897.1857,8963,8963000,0.0009157295227050781,665.2337316621962
0.012953042984008789,0.00043498921394348147,1.2987546920776367,1000,891.0135,8971,8971000,0.0008282551765441895,770.3227223590076
0.009469747543334961,0.0004957654476165772,1.4222710132598877,1000,908.00867,8979,8979000,0.0008935525417327881,703.4120558838317
0.0183107852935791,0.0005066516399383545,1.4482228755950928,1000,913.4321,8987,8987000,0.0009004151821136474,690.7814372120408
0.012022972106933594,0.00045569777488708497,1.359041690826416,1000,914.698,8994,8994000,0.0008627462387084961,736.1370035252685
0.008671760559082031,0.0004983246326446533,1.4550740718841553,1000,913.1131,9002,9002000,0.000924386978149414,687.5794351601719
0.029543638229370117,0.00047441601753234864,1.4086952209472656,1000,909.1133,9010,9010000,0.0008791651725769043,710.1630615325068
0.035433292388916016,0.0004954683780670166,1.4179484844207764,1000,906.69824,9018,9018000,0.0008622536659240723,705.5538743185733
0.02606964111328125,0.0004854574203491211,1.438131332397461,1000,894.6686,9025,9025000,0.0009024200439453125,695.6480203166246
0.03263044357299805,0.00048343777656555174,1.444333553314209,1000,902.3713,9033,9033000,0.0009005506038665771,692.6910699534243
0.025217533111572266,0.0004637744426727295,1.3903133869171143,1000,883.33105,9041,9041000,0.0008779182434082031,719.6099221422713
0.009067535400390625,0.000534073829650879,1.5065581798553467,1000,910.075,9049,9049000,0.0009370472431182861,664.0130234640508
0.01699995994567871,0.00049853515625,1.436556339263916,1000,903.2214,9056,9056000,0.000896080732345581,696.441217498237
0.029267549514770508,0.0004396059513092041,1.3426942825317383,1000,891.46124,9064,9064000,0.0008494505882263183,745.2968319539648
0.01708531379699707,0.00041478681564331054,1.2758219242095947,1000,910.4938,9072,9072000,0.0008210294246673584,784.2636580349692
0.012134790420532227,0.00044720101356506345,1.308751106262207,1000,894.1642,9080,9080000,0.0008266034126281738,764.636606995061
0.0251312255859375,0.0004171340465545654,1.2869555950164795,1000,905.67615,9088,9088000,0.0008212635517120361,777.4328743524874
0.02889728546142578,0.000477557897567749,1.4060838222503662,1000,898.52454,9096,9096000,0.0008740663528442383,711.5359886596781
0.029876708984375,0.00038823771476745604,1.2532212734222412,1000,909.85034,9104,9104000,0.0008110709190368653,798.3327968991758
0.010864973068237305,0.00047011590003967284,1.3790740966796875,1000,905.90045,9112,9112000,0.0008737022876739502,725.4558071347576
0.0233304500579834,0.0004890718460083007,1.4174995422363281,1000,915.21497,9120,9120000,0.0008821265697479248,705.7929894628403
0.030923128128051758,0.0005354461669921875,1.520937442779541,1000,910.1649,9127,9127000,0.000927499532699585,657.7818706249071
0.015105962753295898,0.0005547058582305908,1.5322115421295166,1000,904.3963,9135,9135000,0.0009378795623779297,652.9452249174109
0.012638568878173828,0.0005288233757019043,1.4604418277740479,1000,914.26807,9143,9143000,0.000891737699508667,685.017735839134
0.026883840560913086,0.0005043280124664306,1.468785047531128,1000,907.6262,9151,9151000,0.0009108529090881347,681.1196249404226
0.009508371353149414,0.0003828151226043701,1.1941792964935303,1000,914.07294,9159,9159000,0.0007792851924896241,837.8403105018087
0.008615493774414062,0.0004180357456207275,1.2748653888702393,1000,899.7096,9167,9167000,0.0008259389400482178,784.8025047493576
0.020859956741333008,0.0005150561332702637,1.4629487991333008,1000,908.96985,9175,9175000,0.0009028887748718261,683.8319858221937
0.031272172927856445,0.0004202756881713867,1.3025920391082764,1000,911.8818,9183,9183000,0.0008269858360290528,768.0440650281449
0.011155128479003906,0.00047153568267822263,1.383810043334961,1000,912.5045,9191,9191000,0.0008783271312713623,722.9711304801084
0.028336763381958008,0.00047924041748046873,1.420562982559204,1000,917.81616,9199,9199000,0.0008864667415618896,704.3066725953549
0.02323746681213379,0.00044818973541259767,1.347843885421753,1000,912.2483,9207,9207000,0.0008540732860565185,742.2561606866345
0.019086122512817383,0.0004821624755859375,1.4334373474121094,1000,914.02905,9215,9215000,0.0009086763858795166,697.9825207490803
0.009943008422851562,0.00045282697677612307,1.3414359092712402,1000,915.9641,9223,9223000,0.0008565151691436768,745.8143448076218
0.03137660026550293,0.00044695234298706055,1.36625075340271,1000,913.53845,9231,9231000,0.0008623616695404053,732.2874870322578
0.016047239303588867,0.0004528295993804932,1.343156099319458,1000,901.7401,9239,9239000,0.0008480417728424073,744.936521586852
0.02989792823791504,0.00039426302909851077,1.2485642433166504,1000,916.70886,9247,9247000,0.0008009617328643798,801.2707837231939
0.022629976272583008,0.0003934745788574219,1.2338314056396484,1000,894.6655,9255,9255000,0.0007954869270324707,810.8822799877584
0.008670806884765625,0.00040363311767578126,1.2694079875946045,1000,904.2337,9263,9263000,0.000835369348526001,788.1359005585138
0.00797271728515625,0.0005075006484985352,1.4470489025115967,1000,908.50946,9270,9270000,0.0009069340229034424,691.4054508934128
0.00885462760925293,0.0004132871627807617,1.269052267074585,1000,912.854,9278,9278000,0.0008245744705200195,788.3776668080782
0.020277976989746094,0.000491654634475708,1.4332804679870605,1000,906.5172,9286,9286000,0.0008970746994018554,697.9767131640116
0.030284881591796875,0.00044695734977722167,1.3727691173553467,1000,912.92725,9294,9294000,0.0008718636035919189,728.8220767386724
0.02960801124572754,0.00047887802124023436,1.4300296306610107,1000,917.26746,9301,9301000,0.00089591383934021,699.590050595676
0.009424686431884766,0.0005044519901275634,1.4452974796295166,1000,915.2445,9309,9309000,0.0009079494476318359,692.2064751436835
0.0293576717376709,0.00042957067489624023,1.3424468040466309,1000,910.3261,9317,9317000,0.0008583638668060303,745.3055726833499
0.030154943466186523,0.00046238398551940916,1.381929874420166,1000,902.0848,9325,9325000,0.0008640942573547363,723.9182228457141
0.020174741744995117,0.0004827611446380615,1.4108943939208984,1000,909.35095,9333,9333000,0.0008821446895599366,709.0685046788536
0.03131413459777832,0.0004653794765472412,1.3751201629638672,1000,906.7251,9341,9341000,0.0008551764488220215,727.5134165675096
0.03200864791870117,0.00040000128746032717,1.2698233127593994,1000,913.2806,9349,9349000,0.0008138618469238281,787.8624627839922
0.00895833969116211,0.00043636417388916014,1.300220251083374,1000,893.59796,9357,9357000,0.0008324325084686279,769.3857301948437
0.010862588882446289,0.0004186434745788574,1.2695128917694092,1000,913.2816,9365,9365000,0.000815438985824585,788.0549005608425
0.029201269149780273,0.00043707537651062014,1.340339183807373,1000,907.2974,9373,9373000,0.0008505017757415771,746.427808097603
0.0189054012298584,0.00042385339736938476,1.2911450862884521,1000,917.3241,9381,9381000,0.0008252580165863037,774.8451114862924
0.00898122787475586,0.00042716360092163086,1.2718400955200195,1000,920.8968,9390,9390000,0.0008140819072723389,786.5389692998248
0.028649330139160156,0.0003756966590881348,1.2309410572052002,1000,856.6922,9399,9399000,0.0008038942813873291,812.7925909073821
0.00936126708984375,0.0003992400169372559,1.2399928569793701,1000,906.3759,9407,9407000,0.0008099837303161622,806.8223678654824
0.00945591926574707,0.00042704200744628906,1.2783160209655762,1000,910.7482,9415,9415000,0.0008194353580474853,782.6110969718094
0.03121042251586914,0.00039923644065856934,1.2610056400299072,1000,915.386,9423,9423000,0.0008056418895721435,793.4371574837796
0.00999903678894043,0.00041454863548278807,1.2707090377807617,1000,894.9908,9431,9431000,0.0008240985870361328,787.3256145725398
0.03265786170959473,0.0004161853790283203,1.2817153930664062,1000,909.6246,9439,9439000,0.0008090837001800537,780.561881937127
0.020537853240966797,0.0004028682708740234,1.2738590240478516,1000,897.36444,9447,9447000,0.0008268635272979737,785.3666501390863
0.009046792984008789,0.0004047062397003174,1.229886770248413,1000,910.4319,9455,9455000,0.0007939188480377197,813.8437319850196
0.011420965194702148,0.0003920290470123291,1.2467355728149414,1000,917.9163,9464,9464000,0.0008215088844299316,802.4838845211045
0.009356260299682617,0.0004248676300048828,1.2904598712921143,1000,918.62634,9472,9472000,0.0008337888717651368,775.2352291334241
0.008393287658691406,0.0004164788722991943,1.274935007095337,1000,902.9485,9481,9481000,0.000828157901763916,784.6925328278538
0.009379863739013672,0.0003860831260681152,1.1977429389953613,1000,914.6624,9489,9489000,0.0007804558277130127,835.3232062216513
0.030792951583862305,0.0004742872714996338,1.423863172531128,1000,913.6723,9497,9497000,0.0008949034214019775,702.6338651677337
0.008988380432128906,0.0004927866458892822,1.4129767417907715,1000,916.64954,9505,9505000,0.0008885102272033691,708.0505795752173
0.00977635383605957,0.0003954157829284668,1.2430357933044434,1000,870.1492,9513,9513000,0.0008163633346557617,804.8451466596358
0.010292530059814453,0.00039699935913085937,1.2437818050384521,1000,912.95496,9521,9521000,0.0008131182193756104,804.3856360255796
0.009926795959472656,0.00045449304580688475,1.339139699935913,1000,897.16,9529,9529000,0.0008518664836883545,747.0815346372054
0.013376712799072266,0.0004287104606628418,1.3081629276275635,1000,870.85547,9537,9537000,0.0008413753509521484,764.7268068369716
0.03377199172973633,0.0003972251415252686,1.2562527656555176,1000,887.75635,9545,9545000,0.0008035817146301269,796.3551828446313
0.008431673049926758,0.0004018840789794922,1.2354063987731934,1000,914.6185,9553,9553000,0.0008027009963989258,809.822039348629
0.008440732955932617,0.0004171755313873291,1.2625846862792969,1000,914.4715,9562,9562000,0.0008151211738586426,792.3887826737499
0.014986753463745117,0.0004027209281921387,1.2236456871032715,1000,915.16614,9570,9570000,0.0007831449508666992,817.6477468555788
0.026256322860717773,0.0004291102886199951,1.3190419673919678,1000,915.3587,9578,9578000,0.0008407194614410401,758.4403372771542
0.008540630340576172,0.0004239144325256348,1.2668063640594482,1000,910.4363,9586,9586000,0.000813077449798584,789.6858016349114
0.013173580169677734,0.00042194628715515136,1.2888984680175781,1000,895.10364,9594,9594000,0.0008317353725433349,776.1766208637216
0.015635251998901367,0.0004054431915283203,1.246061086654663,1000,901.581,9602,9602000,0.0008033168315887451,802.8894267471055
0.03069138526916504,0.00043218517303466794,1.3504343032836914,1000,883.4047,9609,9609000,0.0008594343662261962,740.7997973810369
0.03612375259399414,0.00040071892738342287,1.2788968086242676,1000,916.019,9618,9618000,0.0008178250789642334,782.2895324601446
0.008832931518554688,0.00037180542945861814,1.1789989471435547,1000,911.059,9626,9626000,0.0007764742374420165,848.7059588640143
0.03096771240234375,0.0003733603954315186,1.1875488758087158,1000,909.35425,9635,9635000,0.0007602510452270508,842.4729871798322
0.01135563850402832,0.00043206286430358886,1.3036184310913086,1000,910.11426,9643,9643000,0.0008376812934875488,767.455792151293
0.030474185943603516,0.0005169668197631835,1.5207929611206055,1000,896.5759,9651,9651000,0.0009485480785369873,657.7906391916003
0.008932828903198242,0.00041893720626831057,1.2724659442901611,1000,877.01013,9659,9659000,0.0008208787441253662,786.2448245914456
0.028710126876831055,0.0003951449394226074,1.2779183387756348,1000,887.6831,9667,9667000,0.000830733060836792,782.887769207825
0.008526802062988281,0.0004316139221191406,1.2989661693572998,1000,914.83105,9675,9675000,0.0008358662128448486,770.2116790077073
0.008839607238769531,0.00036316370964050294,1.1516609191894531,1000,918.97546,9683,9683000,0.000758596420288086,868.7229786463733
0.010161161422729492,0.00036315321922302245,1.1667003631591797,1000,907.89404,9692,9692000,0.0007724292278289795,857.5399057346942
0.010977029800415039,0.00045958375930786133,1.3542218208312988,1000,916.8511,9700,9700000,0.000860525131225586,738.7714525864286
0.009350776672363281,0.0004271512031555176,1.2884392738342285,1000,921.15204,9709,9709000,0.0008295145034790039,776.4545110051765
0.01596665382385254,0.0004037055969238281,1.2490930557250977,1000,917.8682,9717,9717000,0.0008060500621795654,800.9792856638155
0.00952458381652832,0.0004229724407196045,1.2776720523834229,1000,898.8822,9725,9725000,0.0008232877254486084,783.0532232234438
0.018004655838012695,0.0004596095085144043,1.348414659500122,1000,915.079,9733,9733000,0.0008440587520599365,741.948260200828
0.008457183837890625,0.00042134833335876463,1.2767841815948486,1000,914.4704,9741,9741000,0.0008254604339599609,783.5580559678455
0.012677907943725586,0.0004094414710998535,1.2482366561889648,1000,909.4711,9749,9749000,0.0008047213554382324,801.463855338807
0.00848388671875,0.0004094672203063965,1.2764344215393066,1000,916.70953,9757,9757000,0.0008363866806030273,783.784425198207
0.010290145874023438,0.00044315028190612796,1.335799217224121,1000,906.08325,9765,9765000,0.0008592004776000977,749.0244547509692
0.010586023330688477,0.0003690974712371826,1.1780951023101807,1000,911.514,9773,9773000,0.0007775735855102539,849.2396980456957
0.010119438171386719,0.0004177820682525635,1.2635998725891113,1000,913.7868,9781,9781000,0.0008132433891296386,791.7426135805919
0.009455680847167969,0.0004102964401245117,1.2590055465698242,1000,916.96375,9789,9789000,0.0008172619342803955,794.6398850375456
0.02930617332458496,0.00041996121406555174,1.2914302349090576,1000,906.9001,9797,9797000,0.0008175287246704101,774.705715358582
0.01114344596862793,0.00045126819610595705,1.3332417011260986,1000,914.8041,9805,9805000,0.0008484733104705811,750.3758763590408
0.02015995979309082,0.0004217190742492676,1.2816932201385498,1000,910.5961,9813,9813000,0.0008177907466888428,780.5838172546397
0.031282663345336914,0.0003957381248474121,1.264739990234375,1000,916.7211,9821,9821000,0.0008127739429473877,791.1416663397204
0.011485099792480469,0.00042908263206481933,1.2985475063323975,1000,917.80786,9829,9829000,0.0008355779647827149,770.4795106615687
0.024615764617919922,0.0003867542743682861,1.2404563426971436,1000,918.6903,9837,9837000,0.0008059654235839844,806.482464604062
0.034383535385131836,0.00042088627815246583,1.2912309169769287,1000,910.6581,9845,9845000,0.0008126349449157715,774.7835649172248
0.02372264862060547,0.00040691447257995604,1.2679808139801025,1000,898.2323,9853,9853000,0.0008131134510040284,789.0606569460336
0.02375626564025879,0.00038930463790893557,1.235429286956787,1000,853.1639,9861,9861000,0.0007998006343841553,809.811563518104
0.009831905364990234,0.00036353397369384764,1.1302340030670166,1000,892.2755,9870,9870000,0.0007359309196472168,885.1812738426577
0.01325845718383789,0.00035002779960632325,1.1451129913330078,1000,915.94073,9879,9879000,0.0007610344886779786,873.6968404212772
0.007113933563232422,0.00041716670989990233,1.2939798831939697,1000,917.72253,9888,9888000,0.000847477674484253,773.2238387135844
0.0289766788482666,0.00041220951080322266,1.2963190078735352,1000,916.70544,9896,9896000,0.000830660104751587,771.7501764095978
0.029509305953979492,0.0004030706882476807,1.2676804065704346,1000,901.52893,9904,9904000,0.0008123123645782471,789.2067522902083
0.021561384201049805,0.0005342824459075928,1.5018250942230225,1000,913.60315,9912,9912000,0.00092399263381958,666.2445623357344
0.018637418746948242,0.0004811348915100098,1.4174630641937256,1000,918.1274,9920,9920000,0.0008922736644744873,705.8336100200241
0.027538061141967773,0.0003989784717559814,1.254551887512207,1000,904.21454,9928,9928000,0.0008046109676361084,797.4721546672031
0.009937047958374023,0.00041355323791503906,1.2885868549346924,1000,914.65894,9936,9936000,0.0008376779556274414,776.5121542929271
0.010316610336303711,0.0004187235832214355,1.2749152183532715,1000,904.8832,9944,9944000,0.0008240959644317627,784.7167563051088
0.008628129959106445,0.00044835233688354494,1.3189408779144287,1000,916.5844,9952,9952000,0.0008388168811798096,758.541015756399
0.02055644989013672,0.00043865442276000974,1.3374903202056885,1000,920.1251,9960,9960000,0.0008522591590881348,748.9384557915495
0.009330272674560547,0.00041791033744812013,1.270963191986084,1000,886.3788,9968,9968000,0.000820817232131958,787.1330896037464
0.00936746597290039,0.00040982961654663087,1.2620031833648682,1000,914.88135,9977,9977000,0.000820829153060913,792.7509184773179
0.024682283401489258,0.0004438891410827637,1.3440220355987549,1000,917.1157,9985,9985000,0.0008502144813537598,744.3566803743307
0.00968480110168457,0.0004227864742279053,1.2925031185150146,1000,911.1865,9993,9993000,0.0008367645740509033,774.0743386010497
0.029150724411010742,0.0004187591075897217,1.2874650955200195,1000,917.72644,10001,10001000,0.0008154585361480713,777.0987045773429
0.01141810417175293,0.00038353848457336424,1.204406499862671,1000,917.17426,10009,10009000,0.0007880196571350098,830.6991805510855
0.009384870529174805,0.000434349536895752,1.2946984767913818,1000,901.68896,10017,10017000,0.0008290910720825195,772.7251121880906
0.008858203887939453,0.00041318368911743165,1.2557456493377686,1000,915.66077,10025,10025000,0.0008121099472045898,796.7649962472696
0.008473396301269531,0.0004139111042022705,1.2637085914611816,1000,917.9006,10033,10033000,0.0008190946578979493,791.7216905449535
0.010501623153686523,0.00044301867485046386,1.3395497798919678,1000,910.94604,10041,10041000,0.0008642408847808838,746.8551202520533
0.029056787490844727,0.00038383173942565916,1.2332894802093506,1000,905.48914,10049,10049000,0.0007963795661926269,811.2152338041419
0.00986933708190918,0.000481478214263916,1.4030511379241943,1000,920.2754,10058,10058000,0.0008877885341644288,713.0395519566536
0.013628244400024414,0.00048328614234924316,1.4019434452056885,1000,917.5498,10065,10065000,0.0008788862228393554,713.682708503524
0.015138864517211914,0.00038698768615722656,1.228403091430664,1000,914.15137,10073,10073000,0.0008036649227142334,814.4659168582614
0.027642488479614258,0.000395770788192749,1.2452764511108398,1000,912.65424,10081,10081000,0.0007983307838439941,803.4153981004453
0.02358698844909668,0.0004011063575744629,1.269909381866455,1000,912.4031,10089,10089000,0.0008225970268249512,787.8222107686777
0.029010295867919922,0.000381976842880249,1.2225229740142822,1000,912.2403,10097,10097000,0.0007874529361724854,818.3385069233756
0.02910304069519043,0.00044601058959960936,1.3667986392974854,1000,912.1146,10105,10105000,0.0008680140972137452,731.9648061088279
0.026317596435546875,0.0003812508583068848,1.2331762313842773,1000,111.688095,10113,10113000,0.0008034131526947022,811.2721911059368
0.0334315299987793,0.0003767719268798828,1.220057725906372,1000,122.23197,10122,10122000,0.0007857613563537598,820.056574719062
0.026291608810424805,0.0003821902275085449,1.2233338356018066,1000,916.1355,10130,10130000,0.0007933564186096191,817.8432108919304
0.0318751335144043,0.000423508882522583,1.32798171043396,1000,908.6623,10138,10138000,0.0008486011028289795,753.4242933521682
0.012022733688354492,0.00043320727348327635,1.3296148777008057,1000,917.7446,10146,10146000,0.0008601534366607666,752.3937536112372
0.024731159210205078,0.00040924715995788576,1.2639117240905762,1000,916.4981,10154,10154000,0.0008076233863830567,791.5122222595451
0.028374910354614258,0.000366464376449585,1.196058750152588,1000,914.7649,10162,10162000,0.000779170036315918,836.4771746431369
0.008516788482666016,0.0004271655082702637,1.28407883644104,1000,901.8307,10170,10170000,0.0008262958526611328,779.1180294980867
0.01047968864440918,0.00046512484550476074,1.3655638694763184,1000,911.2654,10178,10178000,0.0008652703762054443,732.6521710802238
0.009361982345581055,0.0004220387935638428,1.2893741130828857,1000,916.5847,10186,10186000,0.0008364033699035645,775.9003648909259
0.029218673706054688,0.000497117280960083,1.4479327201843262,1000,914.3273,10194,10194000,0.0008961949348449708,690.9456439479427
