env_reset_duration_sec,env_step_duration_sec,episode_duration,episode_length,episode_return,evaluator_episodes,evaluator_steps,select_action_duration_sec,steps_per_second
0.0013341903686523438,0.0012962563037872315,3.8890228271484375,1000,0.0,1,1000,0.002567957878112793,257.1702470562303
0.004550933837890625,0.0005228171348571777,1.7235488891601562,1000,0.0,7,7000,0.0011701231002807617,580.4235151631226
0.0013804435729980469,0.00039174175262451173,1.3261351585388184,1000,0.0,15,15000,0.0009066805839538574,754.4132856328321
0.0012843608856201172,0.0004902594089508057,1.7302048206329346,1000,0.0,24,24000,0.0012112751007080078,578.2623579454782
0.0018010139465332031,0.0003599216938018799,1.2816662788391113,1000,0.0,32,32000,0.0008935444355010986,780.6352466072094
0.001295328140258789,0.0004065868854522705,1.3511936664581299,1000,0.0,40,40000,0.0009165604114532471,740.3784694340645
0.00138092041015625,0.0004016571044921875,1.3911893367767334,1000,0.0,48,48000,0.0009610068798065186,719.119863826332
0.0006635189056396484,0.0003170051574707031,1.1204426288604736,1000,0.0,57,57000,0.0007815988063812256,892.9874481976012
0.0014908313751220703,0.00032524323463439944,1.1414220333099365,1000,0.0,66,66000,0.0007913835048675537,876.5040180637853
0.0017042160034179688,0.0003407223224639893,1.2287492752075195,1000,0.0,75,75000,0.0008599760532379151,814.156364925254
0.0008540153503417969,0.0003871448040008545,1.3956432342529297,1000,0.0,83,83000,0.000983372926712036,716.9287181101803
0.002390623092651367,0.00039338421821594237,1.4142224788665771,1000,0.0,91,91000,0.0009912335872650146,707.5391315510735
0.001989126205444336,0.0003703603744506836,1.308398962020874,1000,0.0,99,99000,0.0009063620567321777,764.6257342627766
0.0013804435729980469,0.0003606855869293213,1.2537577152252197,1000,0.0,107,107000,0.0008670334815979004,797.9588649106375
0.0017168521881103516,0.00038522863388061525,1.4045143127441406,1000,0.0,115,115000,0.000994340419769287,712.3304049629221
0.0006968975067138672,0.00036715912818908694,1.3626554012298584,1000,0.0,123,123000,0.0009717946052551269,734.2140111979652
0.0009865760803222656,0.0003856804370880127,1.3854665756225586,1000,0.0,131,131000,0.0009733147621154786,722.1119123474081
0.0010848045349121094,0.00039493584632873535,1.3350250720977783,1000,0.0,139,139000,0.0009157197475433349,749.4539424781291
0.002620220184326172,0.0003945212364196777,1.3499369621276855,1000,0.0,147,147000,0.0009262671470642089,741.0805563673359
0.0013360977172851562,0.00040487480163574216,1.314000129699707,1000,0.0,155,155000,0.00088385009765625,761.4007596754788
0.0010025501251220703,0.0003952031135559082,1.3105483055114746,1000,56.0,163,163000,0.000889040470123291,763.3124120088694
0.0005626678466796875,0.0003520231246948242,1.2316725254058838,1000,56.0,171,171000,0.0008561620712280273,812.259936875284
0.0009551048278808594,0.0003890211582183838,1.299734354019165,1000,0.0,179,179000,0.0008866157531738281,769.6669697522987
0.002268075942993164,0.0003949558734893799,1.3126537799835205,1000,0.0,187,187000,0.0008901638984680176,762.1348550213488
0.001293182373046875,0.0004402523040771484,1.5421268939971924,1000,102.0,194,194000,0.0010724694728851318,648.7435256020898
0.0009100437164306641,0.00034878182411193846,1.2784068584442139,1000,0.0,203,203000,0.0009044725894927978,782.5653933020318
0.0018210411071777344,0.0003343181610107422,1.1999261379241943,1000,0.0,212,212000,0.0008398017883300781,833.8175380031417
0.0006473064422607422,0.00035139822959899905,1.2012643814086914,1000,0.0,221,221000,0.0008273866176605225,832.836229284601
0.0008041858673095703,0.00036994051933288575,1.276576280593872,1000,0.0,230,230000,0.0008811869621276855,783.7341909810954
0.001176595687866211,0.00034824776649475096,1.1925742626190186,1000,0.0,239,239000,0.0008198843002319336,838.961978814645
0.0013463497161865234,0.0003463869094848633,1.1728630065917969,1000,0.0,248,248000,0.0008038444519042969,853.049226565778
0.002803325653076172,0.00036521196365356444,1.3017868995666504,1000,0.0,256,256000,0.0009091405868530273,768.4781881792289
0.0006396770477294922,0.00034243035316467287,1.2403309345245361,1000,0.0,265,265000,0.0008745555877685547,806.6530785412369
0.0006711483001708984,0.00034900021553039553,1.2891912460327148,1000,0.0,273,273000,0.0009161279201507568,776.0009946301811
0.0008709430694580078,0.00038221049308776855,1.3399031162261963,1000,54.0,281,281000,0.0009325196743011475,746.6961003355794
0.0008442401885986328,0.00040754199028015137,1.4335944652557373,1000,51.0,289,289000,0.000997920274734497,697.8636006819067
0.0023560523986816406,0.00038455486297607423,1.4247539043426514,1000,56.0,297,297000,0.0010106260776519774,702.1566566373018
0.0017731189727783203,0.00039522647857666017,1.421067237854004,1000,0.0,305,305000,0.0009961626529693603,704.0812095621197
0.0016880035400390625,0.0003830478191375732,1.4056172370910645,1000,0.0,313,313000,0.0009946136474609376,711.7698757174244
0.0007543563842773438,0.00034534764289855956,1.1857116222381592,1000,45.0,321,321000,0.0008182275295257568,843.7640818323441
0.003798961639404297,0.00034949445724487304,1.2714595794677734,1000,55.0,329,329000,0.0008936498165130615,786.8662518127192
0.0015888214111328125,0.00039557838439941405,1.4355335235595703,1000,116.0,337,337000,0.0010107505321502687,696.9233082681781
0.0011010169982910156,0.00034780144691467287,1.2689721584320068,1000,51.0,345,345000,0.0008968009948730469,788.3904110554624
0.0011093616485595703,0.00030298948287963865,1.085838794708252,1000,58.0,353,353000,0.0007597527503967285,921.7027014435886
0.002599954605102539,0.00034376120567321776,1.1669461727142334,1000,54.0,361,361000,0.0007972710132598877,857.3532231405634
0.002344846725463867,0.0003800027370452881,1.2867064476013184,1000,33.0,370,370000,0.0008782360553741455,777.4985897968955
0.0010402202606201172,0.00038060712814331056,1.3200244903564453,1000,44.0,379,379000,0.0009152023792266846,757.9580276376212
0.0007071495056152344,0.00038705825805664064,1.3537383079528809,1000,56.0,387,387000,0.000942554235458374,739.1047225262932
0.0011603832244873047,0.0003919827938079834,1.3644318580627441,1000,53.0,395,395000,0.0009466969966888428,733.16072501089
0.0017781257629394531,0.0003546051979064941,1.1932182312011719,1000,30.0,404,404000,0.000811683177947998,838.4782862058329
0.0008304119110107422,0.00035604047775268557,1.1974849700927734,1000,45.0,413,413000,0.0008173446655273438,835.4361800108993
0.0008668899536132812,0.00037441897392272947,1.2761986255645752,1000,54.0,421,421000,0.000878324270248413,783.9067424176444
0.0017101764678955078,0.0003520772457122803,1.2165331840515137,1000,53.0,430,430000,0.0008378283977508545,822.3593375330615
0.0006926059722900391,0.00034717726707458494,1.2347640991210938,1000,133.0,438,438000,0.0008646736145019532,810.247399244133
0.000774383544921875,0.0003534233570098877,1.2111015319824219,1000,49.0,447,447000,0.0008332624435424805,826.1426641425904
0.0007359981536865234,0.00036643004417419436,1.223320722579956,1000,53.0,455,455000,0.0008339548110961914,817.7787899076956
0.0057222843170166016,0.0003707718849182129,1.2700896263122559,1000,47.0,463,463000,0.0008672564029693603,787.6610959113511
0.0017440319061279297,0.00039114046096801755,1.3858091831207275,1000,60.0,472,472000,0.0009677050113677979,721.8725469256293
0.0015637874603271484,0.0003543593883514404,1.2090263366699219,1000,25.0,480,480000,0.0008306350708007813,827.4889503509077
0.002820253372192383,0.0003755834102630615,1.3178868293762207,1000,0.0,488,488000,0.0009132745265960693,759.2007502401518
0.0011544227600097656,0.0003950698375701904,1.4164042472839355,1000,59.0,496,496000,0.0009934520721435547,706.2976335355582
0.0008237361907958984,0.00035999464988708494,1.2930397987365723,1000,169.0,504,504000,0.0009088082313537598,773.7775928848614
0.0012507438659667969,0.00034320759773254396,1.2221744060516357,1000,0.0,512,512000,0.0008489999771118164,818.6013977279115
0.0008237361907958984,0.00034667420387268067,1.1928308010101318,1000,70.0,520,520000,0.0008223762512207031,838.7435436525974
0.0009441375732421875,0.0003662388324737549,1.283003330230713,1000,0.0,529,529000,0.0008934848308563232,779.8681422968408
0.001070261001586914,0.00037858700752258303,1.3713562488555908,1000,163.0,537,537000,0.0009668724536895752,729.5362857988678
0.0009129047393798828,0.0003937199115753174,1.3655071258544922,1000,62.0,545,545000,0.0009456775188446045,732.7171897423534
0.000888824462890625,0.00039920401573181153,1.3299331665039062,1000,0.0,553,553000,0.0009037623405456543,752.4303316875786
0.0019378662109375,0.0003981633186340332,1.4113781452178955,1000,74.0,561,561000,0.0009835827350616454,708.8404622913728
0.0017104148864746094,0.000393887996673584,1.385331392288208,1000,0.0,569,569000,0.0009635498523712158,723.7284810343908
0.0007042884826660156,0.00039118862152099607,1.3202948570251465,1000,0.0,577,577000,0.0009047937393188477,757.7542687433482
0.0014278888702392578,0.00039333605766296386,1.322235107421875,1000,246.0,585,585000,0.0009006428718566895,757.8668155548388
0.0006818771362304688,0.00036252403259277345,1.3233695030212402,1000,192.0,593,593000,0.0009360218048095703,756.0321822132616
0.0006797313690185547,0.00036116695404052736,1.241849660873413,1000,398.0,601,601000,0.0008574705123901368,805.6358924152593
0.0011851787567138672,0.0003782246112823486,1.2818937301635742,1000,407.0,609,609000,0.0008795819282531738,780.4456888990112
0.0005612373352050781,0.00036368536949157713,1.24973726272583,1000,0.0,617,617000,0.0008629946708679199,800.554277806938
0.0013089179992675781,0.0004127297401428223,1.3579919338226318,1000,342.0,625,625000,0.0009170351028442383,737.1169848511822
0.0011065006256103516,0.0003879680633544922,1.374572992324829,1000,626.0,633,633000,0.000959263801574707,727.8556763682183
0.0006973743438720703,0.0004186484813690186,1.4007470607757568,1000,0.0,641,641000,0.0009529163837432861,714.2068502355145
0.0010166168212890625,0.00039072227478027344,1.3081388473510742,1000,838.0,649,649000,0.0008900189399719239,764.7572035399456
0.0008664131164550781,0.00037506985664367674,1.2622268199920654,1000,609.0,657,657000,0.0008632962703704834,792.6030588027648
0.0012459754943847656,0.00037018108367919923,1.258180856704712,1000,890.0,665,665000,0.0008641414642333985,795.1356542635253
0.0007867813110351562,0.0003592262268066406,1.2486417293548584,1000,0.0,673,673000,0.0008662831783294678,801.2192014291767
0.0009341239929199219,0.00033032798767089846,1.1880755424499512,1000,821.0,682,682000,0.0008346478939056396,842.0907231778209
0.0006823539733886719,0.0003489968776702881,1.262017011642456,1000,558.0,691,691000,0.0008902535438537598,792.8002172954392
0.0015285015106201172,0.0003557169437408447,1.2249555587768555,1000,472.0,699,699000,0.0008420381546020508,816.706333961169
0.0008687973022460938,0.0003503878116607666,1.2507894039154053,1000,767.0,708,708000,0.0008773822784423828,799.9203570506324
0.0009257793426513672,0.00036374711990356444,1.2618446350097656,1000,619.0,717,717000,0.000871856689453125,792.8955357394349
0.0012333393096923828,0.00038622713088989257,1.2623677253723145,1000,876.0,725,725000,0.00084958815574646,792.551238578613
0.0006489753723144531,0.00037154889106750486,1.3147304058074951,1000,878.0,734,734000,0.0009200804233551026,760.9175775910958
0.0011942386627197266,0.00035842347145080566,1.2294557094573975,1000,675.0,742,742000,0.0008444278240203857,813.7104739296865
0.0016224384307861328,0.0003455619812011719,1.2107875347137451,1000,836.0,750,750000,0.0008391849994659424,826.3116056450683
0.00069427490234375,0.00036283993721008303,1.2393336296081543,1000,808.0,759,759000,0.0008522365093231202,807.25949683317
0.0016329288482666016,0.00031318950653076174,1.113011121749878,1000,876.0,768,768000,0.0007751266956329346,898.937513154099
0.0008072853088378906,0.0003593478202819824,1.2547197341918945,1000,797.0,777,777000,0.0008711714744567871,797.3064628467671
0.0014495849609375,0.0003606536388397217,1.265484094619751,1000,933.0,786,786000,0.0008795356750488281,790.550570836415
0.0017218589782714844,0.00036823272705078125,1.3390815258026123,1000,937.0,794,794000,0.0009427950382232666,747.1339674070844
0.0018973350524902344,0.0004028875827789307,1.3638460636138916,1000,584.0,802,802000,0.0009326081275939941,733.5557859872317
0.0011680126190185547,0.00039123177528381346,1.3458647727966309,1000,710.0,810,810000,0.0009266254901885986,743.3993966742644
0.0019078254699707031,0.00038295817375183104,1.343087911605835,1000,767.0,818,818000,0.0009322988986968994,744.8429931851983
0.0007085800170898438,0.00038768124580383303,1.3946013450622559,1000,1000.0,826,826000,0.0009827682971954347,717.3648722955603
0.0018401145935058594,0.00039158248901367186,1.4583890438079834,1000,771.0,834,834000,0.0010367579460144043,686.0759414990082
0.0005295276641845703,0.0003796050548553467,1.3521604537963867,1000,877.0,842,842000,0.0009486005306243897,739.8573769846947
0.0008673667907714844,0.0004002203941345215,1.3504116535186768,1000,646.0,850,850000,0.000926259994506836,740.8267514805306
0.001043081283569336,0.00036646032333374025,1.2801744937896729,1000,884.0,858,858000,0.0008871557712554932,781.5370866878701
0.0013949871063232422,0.0003946049213409424,1.408715009689331,1000,1000.0,866,866000,0.0009851529598236084,710.2005790238142
0.0007679462432861328,0.0003442318439483643,1.2174630165100098,1000,823.0,873,873000,0.0008505296707153321,821.7821937368826
0.000675201416015625,0.0003441016674041748,1.2036845684051514,1000,935.0,881,881000,0.0008360531330108643,831.1251854489524
0.0007688999176025391,0.00035586357116699217,1.295525312423706,1000,645.0,890,890000,0.0009154722690582275,772.2698263236913
0.001169443130493164,0.0003934130668640137,1.4114680290222168,1000,1000.0,898,898000,0.000989177703857422,708.8109940548013
0.0008807182312011719,0.00037041759490966797,1.3317601680755615,1000,868.0,906,906000,0.0009345126152038574,751.2774731967065
0.0010941028594970703,0.00039860963821411135,1.409754753112793,1000,723.0,914,914000,0.0009839677810668946,709.7099182132986
0.0007975101470947266,0.0003590242862701416,1.2868411540985107,1000,692.0,922,922000,0.0009046351909637451,777.4138535339091
0.001140594482421875,0.00038280344009399415,1.4028401374816895,1000,748.0,930,930000,0.0009909172058105468,713.2060232123742
0.0007002353668212891,0.00038327789306640626,1.390174150466919,1000,692.0,938,938000,0.0009830756187438965,719.7336526426587
0.0014061927795410156,0.00037696266174316406,1.3044979572296143,1000,932.0,946,946000,0.000900874137878418,766.9249289036785
0.0013270378112792969,0.0003800561428070068,1.2578716278076172,1000,788.0,954,954000,0.0008532352447509766,795.3165809402562
0.001271963119506836,0.0003649477958679199,1.294421672821045,1000,370.0,962,962000,0.0009040069580078125,772.8580999756035
0.0010497570037841797,0.0003762044906616211,1.2741811275482178,1000,821.0,970,970000,0.0008701128959655762,785.158472956864
0.001733541488647461,0.0003756861686706543,1.3395991325378418,1000,692.0,978,978000,0.0009345853328704834,746.8912947706084
0.0016088485717773438,0.0003682122230529785,1.293668270111084,1000,889.0,986,986000,0.0009005894660949707,773.3445927881717
0.0012178421020507812,0.0003522045612335205,1.2541706562042236,1000,935.0,994,994000,0.0008753337860107422,797.7392559309726
0.0009307861328125,0.00035547780990600585,1.2228245735168457,1000,147.0,1003,1003000,0.0008423895835876464,818.1376993310249
0.0008671283721923828,0.0003911173343658447,1.3516745567321777,1000,659.0,1011,1011000,0.0009353113174438477,740.0918430815516
0.0010714530944824219,0.0003857405185699463,1.3861677646636963,1000,685.0,1019,1019000,0.0009747641086578369,721.8195003801583
0.0018854141235351562,0.00033364129066467286,1.2016119956970215,1000,208.0,1027,1027000,0.0008407630920410157,832.619319060459
0.0006940364837646484,0.0003530919551849365,1.2418293952941895,1000,732.0,1035,1035000,0.0008646366596221924,805.635737669903
0.000820159912109375,0.00037229371070861814,1.3125295639038086,1000,760.0,1043,1043000,0.0009117519855499267,762.274058189972
0.0011708736419677734,0.000352874755859375,1.213853120803833,1000,931.0,1052,1052000,0.0008356368541717529,824.2626145389465
0.0019903182983398438,0.00033721637725830076,1.185896873474121,1000,847.0,1061,1061000,0.0008228883743286133,843.6685294821067
0.0007517337799072266,0.00033657431602478026,1.1974802017211914,1000,891.0,1069,1069000,0.0008376903533935546,835.4456652097556
0.0008485317230224609,0.000364316463470459,1.271880865097046,1000,1000.0,1078,1078000,0.0008826432228088379,786.5978246539098
0.0017459392547607422,0.00034417176246643065,1.214686393737793,1000,937.0,1087,1087000,0.0008440663814544678,823.6451097014199
0.0010342597961425781,0.0003424534797668457,1.1799602508544922,1000,1000.0,1096,1096000,0.000814582109451294,847.8498739334169
0.0007634162902832031,0.00039065122604370117,1.3925197124481201,1000,661.0,1105,1105000,0.0009784061908721924,718.4268790708334
0.002363443374633789,0.00035388660430908203,1.2582521438598633,1000,880.0,1113,1113000,0.0008790435791015625,795.3468942096533
0.0031795501708984375,0.00037166738510131835,1.3801257610321045,1000,771.0,1121,1121000,0.0009794867038726807,724.9275600281723
0.002113819122314453,0.0003666987419128418,1.3143224716186523,1000,926.0,1129,1129000,0.0009189915657043458,761.2393544925839
0.0007152557373046875,0.00035093212127685545,1.2205376625061035,1000,695.0,1137,1137000,0.000846442699432373,819.8965918309501
0.0011606216430664062,0.0003761286735534668,1.3214235305786133,1000,772.0,1145,1145000,0.0009189488887786866,757.1761794547174
0.0008895397186279297,0.0003619682788848877,1.2237353324890137,1000,771.0,1153,1153000,0.0008367033004760742,817.5811254979885
0.0009391307830810547,0.00031535887718200684,1.167212724685669,1000,936.0,1161,1161000,0.0008247501850128174,857.279273740459
0.0012981891632080078,0.0003696269989013672,1.3057339191436768,1000,687.0,1169,1169000,0.0009095840454101563,766.2270710288876
0.0010139942169189453,0.000358403205871582,1.2550435066223145,1000,848.0,1177,1177000,0.0008736894130706787,797.3075237830013
0.0013537406921386719,0.0003562629222869873,1.2976751327514648,1000,683.0,1185,1185000,0.0009152214527130127,770.9849786468816
0.0007877349853515625,0.0003732733726501465,1.3208980560302734,1000,761.0,1193,1193000,0.0009236104488372802,757.4199746461476
0.0006558895111083984,0.000386364221572876,1.3372974395751953,1000,933.0,1201,1201000,0.0009229547977447509,748.1291883012063
0.0011715888977050781,0.0004062485694885254,1.3508613109588623,1000,928.0,1209,1209000,0.0009197640419006348,740.5965272177749
0.0008192062377929688,0.0003549182415008545,1.229729175567627,1000,937.0,1218,1218000,0.0008517906665802002,813.5594272367092
0.0018758773803710938,0.0003735816478729248,1.3532156944274902,1000,1000.0,1226,1226000,0.0009481379985809326,739.3404059731696
0.0010581016540527344,0.0003689284324645996,1.3582806587219238,1000,735.0,1234,1234000,0.0009613964557647705,736.590510999411
0.0008306503295898438,0.00034381890296936033,1.1996383666992188,1000,937.0,1243,1243000,0.0008329055309295654,833.9844926713506
0.0007085800170898438,0.00036707568168640136,1.2506482601165771,1000,809.0,1252,1252000,0.0008569836616516113,799.9720773906398
0.001226663589477539,0.0003428835868835449,1.2039422988891602,1000,808.0,1261,1261000,0.0008359107971191406,830.99180619046
0.0009253025054931641,0.0003541328907012939,1.250180959701538,1000,934.0,1270,1270000,0.0008702182769775391,800.2660491416271
0.0014297962188720703,0.0003603341579437256,1.233149528503418,1000,684.0,1279,1279000,0.0008465056419372558,811.32319272191
0.002243518829345703,0.00036135101318359375,1.226501226425171,1000,890.0,1288,1288000,0.0008406543731689453,815.7390042209586
0.0007238388061523438,0.000345677375793457,1.194425344467163,1000,842.0,1297,1297000,0.0008259639739990234,837.7414099280542
0.001535177230834961,0.00036678433418273925,1.2913010120391846,1000,888.0,1306,1306000,0.0008966002464294434,774.7579472508246
0.0007584095001220703,0.0003626368045806885,1.254796028137207,1000,688.0,1315,1315000,0.000869157075881958,797.310706608645
0.001880645751953125,0.0003395321369171143,1.2159450054168701,1000,935.0,1324,1324000,0.0008521850109100341,822.7652087737999
0.0014884471893310547,0.00035180282592773437,1.2542345523834229,1000,842.0,1333,1333000,0.0008748769760131836,797.6885824309747
0.0016965866088867188,0.00035953211784362795,1.2530708312988281,1000,725.0,1342,1342000,0.0008669853210449219,798.3811207400156
0.0005364418029785156,0.0003491506576538086,1.2087311744689941,1000,771.0,1351,1351000,0.0008369874954223633,827.7134858578606
0.0011758804321289062,0.00034386277198791506,1.1753177642822266,1000,937.0,1359,1359000,0.0008059186935424805,851.2986132591617
0.0008597373962402344,0.0003346493244171143,1.1508400440216064,1000,733.0,1368,1368000,0.0007925758361816406,869.374091876688
0.0007443428039550781,0.00038117337226867677,1.3356444835662842,1000,723.0,1377,1377000,0.0009306113719940185,749.0821105225014
0.0008351802825927734,0.0003567647933959961,1.2324321269989014,1000,937.0,1386,1386000,0.0008533339500427246,811.7806106106397
0.002329587936401367,0.00035402727127075193,1.2072086334228516,1000,804.0,1395,1395000,0.0008271632194519042,828.7672437385087
0.0010383129119873047,0.0003751819133758545,1.2482914924621582,1000,808.0,1403,1403000,0.0008458182811737061,801.6403193179403
0.0008637905120849609,0.00034059858322143556,1.179837942123413,1000,804.0,1412,1412000,0.0008167428970336914,847.984091240842
0.0010297298431396484,0.0003680398464202881,1.305424451828003,1000,936.0,1420,1420000,0.0009108595848083496,766.3597917201868
0.0006785392761230469,0.0003513433933258057,1.2513229846954346,1000,747.0,1428,1428000,0.0008753008842468261,799.5207035882229
0.000985860824584961,0.00035033488273620607,1.218959093093872,1000,938.0,1437,1437000,0.0008441050052642822,820.766670443407
0.0006611347198486328,0.0003318967819213867,1.1519215106964111,1000,807.0,1446,1446000,0.0007965221405029297,868.5195258815176
0.0007774829864501953,0.00032514429092407224,1.1800706386566162,1000,848.0,1454,1454000,0.0008309905529022217,847.8347921408945
0.0021250247955322266,0.00033737516403198244,1.2086727619171143,1000,645.0,1462,1462000,0.0008440680503845214,827.7683726984911
0.0009131431579589844,0.00034336471557617186,1.1980218887329102,1000,936.0,1471,1471000,0.0008304386138916016,835.1304393534958
0.0007200241088867188,0.0003272683620452881,1.1665799617767334,1000,685.0,1480,1480000,0.0008165209293365479,857.6635290807429
0.0014140605926513672,0.00033750462532043457,1.1859469413757324,1000,728.0,1489,1489000,0.000823544979095459,843.6646263826226
0.0007588863372802734,0.000346360445022583,1.2016899585723877,1000,725.0,1498,1498000,0.0008305184841156006,832.5856023153492
0.0009047985076904297,0.0003565535545349121,1.2643373012542725,1000,938.0,1507,1507000,0.0008844995498657227,791.2959975851562
0.0009717941284179688,0.0003607010841369629,1.2313172817230225,1000,771.0,1516,1516000,0.0008443417549133301,812.7883382434928
0.002244710922241211,0.00038178944587707517,1.3539373874664307,1000,935.0,1524,1524000,0.000943303108215332,738.9745031752105
0.0007655620574951172,0.00037393856048583985,1.2823395729064941,1000,846.0,1532,1532000,0.0008842945098876953,780.1774151846416
0.0016484260559082031,0.00036785578727722165,1.3859148025512695,1000,724.0,1541,1541000,0.0009894826412200927,721.9095723193735
0.001322031021118164,0.0004301059246063232,1.5485591888427734,1000,769.0,1549,1549000,0.0010901193618774415,646.0079249600818
0.0016756057739257812,0.00036186599731445314,1.3097474575042725,1000,801.0,1556,1556000,0.0009208762645721435,763.8723664340127
0.0014388561248779297,0.00036857008934020996,1.3414506912231445,1000,937.0,1564,1564000,0.0009472413063049316,745.8143448076218
0.0008776187896728516,0.0003586709499359131,1.2806427478790283,1000,938.0,1572,1572000,0.0008964142799377441,781.3411230787601
0.0013718605041503906,0.0003775608539581299,1.3727974891662598,1000,930.0,1580,1580000,0.0009659502506256104,728.7498970545973
0.0019686222076416016,0.0003562076091766357,1.2581748962402344,1000,640.0,1588,1588000,0.0008776786327362061,795.1753003161701
0.0014996528625488281,0.00037742090225219727,1.3577420711517334,1000,933.0,1596,1596000,0.000954056978225708,736.8440099749572
0.001758575439453125,0.0003544566631317139,1.2094719409942627,1000,687.0,1605,1605000,0.0008286483287811279,827.2243998127145
0.0006935596466064453,0.0003649742603302002,1.220909833908081,1000,933.0,1613,1613000,0.0008330996036529541,819.5547135244473
0.005302906036376953,0.00034851431846618655,1.1932017803192139,1000,694.0,1622,1622000,0.0008122475147247315,838.518181471051
0.0009171962738037109,0.0003681797981262207,1.272202730178833,1000,890.0,1631,1631000,0.0008782365322113037,786.5510641673384
0.003113269805908203,0.00037213635444641115,1.257873773574829,1000,930.0,1640,1640000,0.0008572950363159179,795.3642386617611
0.001451253890991211,0.0003533260822296143,1.205115795135498,1000,767.0,1649,1649000,0.0008267271518707276,830.178132943174
0.0010137557983398438,0.0003396904468536377,1.20005464553833,1000,698.0,1657,1657000,0.0008347761631011963,833.7484214294788
0.0012347698211669922,0.0003601834774017334,1.2717158794403076,1000,931.0,1666,1666000,0.0008854289054870605,786.7132007997109
0.0023517608642578125,0.0003697347640991211,1.2950356006622314,1000,770.0,1675,1675000,0.0008975536823272705,772.604978427942
0.000989675521850586,0.000362163782119751,1.2668800354003906,1000,848.0,1684,1684000,0.0008790400028228759,789.7342738661714
0.0011684894561767578,0.0003658747673034668,1.22255277633667,1000,800.0,1693,1693000,0.0008304698467254639,818.325734030245
0.001995563507080078,0.00036996722221374514,1.3633768558502197,1000,819.0,1701,1701000,0.0009653909206390381,733.8163153298933
0.0014719963073730469,0.00036582422256469725,1.3255388736724854,1000,938.0,1709,1709000,0.0009310896396636963,754.784997243093
0.0012798309326171875,0.0003547356128692627,1.2517881393432617,1000,877.0,1717,1717000,0.000868410587310791,799.195451051588
0.0011470317840576172,0.00037593460083007815,1.3228259086608887,1000,937.0,1725,1725000,0.0009206099510192872,756.3042878118875
0.0008044242858886719,0.00037888693809509275,1.3439860343933105,1000,733.0,1733,1733000,0.0009412336349487305,744.3885177963225
0.0018610954284667969,0.0003298194408416748,1.1609067916870117,1000,726.0,1741,1741000,0.000806650161743164,861.8354367045835
0.0007340908050537109,0.00035454463958740234,1.2540497779846191,1000,871.0,1749,1749000,0.0008762593269348144,797.7932742950769
0.0007655620574951172,0.00035917329788208007,1.2727248668670654,1000,692.0,1757,1757000,0.0008892426490783691,786.047966440396
0.0008716583251953125,0.0003821439743041992,1.3632802963256836,1000,688.0,1765,1765000,0.0009561166763305664,733.9006740758316
0.002727031707763672,0.0003767507076263428,1.3261454105377197,1000,937.0,1773,1773000,0.0009224069118499756,754.4451749317154
0.0009562969207763672,0.0003430230617523193,1.203324556350708,1000,932.0,1781,1781000,0.0008340420722961426,831.4458000658527
0.0009589195251464844,0.0003590888977050781,1.2613208293914795,1000,698.0,1789,1789000,0.0008769323825836182,793.2129794581429
0.0006258487701416016,0.0003802292346954346,1.2872660160064697,1000,733.0,1797,1797000,0.0008837807178497314,777.211886811018
0.0014007091522216797,0.00031541037559509275,1.1595535278320312,1000,804.0,1805,1805000,0.0008210926055908203,862.8224138186403
0.0007538795471191406,0.0003492887020111084,1.248033046722412,1000,769.0,1813,1813000,0.0008747212886810303,801.6113628679782
0.0011892318725585938,0.0003830564022064209,1.3571093082427979,1000,937.0,1821,1821000,0.0009470767974853516,737.1701011839388
0.0008389949798583984,0.0003792760372161865,1.3059284687042236,1000,838.0,1829,1829000,0.0009031457901000977,766.0717286322757
0.0009241104125976562,0.0003993067741394043,1.3529348373413086,1000,938.0,1837,1837000,0.0009260034561157227,739.4668432043709
0.001959085464477539,0.00037499451637268064,1.2799983024597168,1000,694.0,1846,1846000,0.000878415822982788,781.5835441816124
0.0017082691192626953,0.00037263059616088866,1.2861526012420654,1000,761.0,1854,1854000,0.0008879435062408447,777.8247372991855
0.001499176025390625,0.00037059330940246584,1.3016815185546875,1000,722.0,1862,1862000,0.0009036571979522706,768.6267610795912
0.00162506103515625,0.00034987759590148924,1.2915446758270264,1000,693.0,1870,1870000,0.0009143221378326416,774.6267369431573
0.0007476806640625,0.00038491272926330567,1.3870067596435547,1000,927.0,1878,1878000,0.0009758644104003907,721.3193581101358
0.0016548633575439453,0.0004019358158111572,1.4167563915252686,1000,933.0,1886,1886000,0.0009865856170654297,706.1942927338648
0.0011129379272460938,0.0003782179355621338,1.4042446613311768,1000,937.0,1893,1893000,0.0009986963272094727,712.4147359628035
0.0015039443969726562,0.0004012281894683838,1.421799659729004,1000,768.0,1901,1901000,0.0009918372631072998,703.7452338306788
0.001583099365234375,0.00036884546279907225,1.302595853805542,1000,934.0,1909,1909000,0.000906888484954834,768.0420960572668
0.0006668567657470703,0.00037005066871643067,1.2400476932525635,1000,834.0,1918,1918000,0.0008465282917022706,806.7477228435777
0.0006430149078369141,0.00034639620780944826,1.2086737155914307,1000,1000.0,1927,1927000,0.0008388855457305909,827.73129061268
0.0007534027099609375,0.00038131213188171385,1.3187201023101807,1000,1000.0,1936,1936000,0.0009113583564758301,758.6688912588288
0.001722574234008789,0.00038651299476623536,1.4120595455169678,1000,697.0,1944,1944000,0.000997166395187378,708.4950234112424
0.0007963180541992188,0.0003863205909729004,1.3881585597991943,1000,766.0,1952,1952000,0.0009762783050537109,720.7057111701976
0.0015752315521240234,0.00038990187644958495,1.4200947284698486,1000,938.0,1960,1960000,0.0010014374256134032,704.4619914540207
0.0013256072998046875,0.000368739128112793,1.2901380062103271,1000,937.0,1968,1968000,0.000891329288482666,775.4533734676246
0.00063323974609375,0.00033075833320617674,1.1758654117584229,1000,741.0,1976,1976000,0.0008225741386413575,850.8722228206702
0.0019276142120361328,0.000347102165222168,1.2463383674621582,1000,643.0,1984,1984000,0.0008719868659973145,802.8663735925494
0.001104593276977539,0.0003614215850830078,1.3217618465423584,1000,939.0,1992,1992000,0.0009329636096954345,756.9037194050526
0.0022094249725341797,0.0003739919662475586,1.3489360809326172,1000,934.0,2000,2000000,0.0009455189704895019,741.7093375038639
0.0006730556488037109,0.00035935354232788087,1.2992565631866455,1000,937.0,2008,2008000,0.0009157581329345703,769.9981696887608
0.00072479248046875,0.00039615559577941894,1.4045958518981934,1000,928.0,2016,2016000,0.0009836814403533936,712.2939927264329
0.0010716915130615234,0.0003902320861816406,1.4102683067321777,1000,1000.0,2024,2024000,0.0009910657405853272,709.390026299989
0.000904083251953125,0.00037012505531311033,1.303476095199585,1000,888.0,2032,2032000,0.0009087040424346923,767.5784034391754
0.0010640621185302734,0.00033956098556518554,1.2017488479614258,1000,939.0,2040,2040000,0.0008373861312866211,832.5199947122734
0.0012912750244140625,0.00037726211547851565,1.3417577743530273,1000,937.0,2048,2048000,0.0009347202777862549,745.5897580386402
0.001653909683227539,0.00035742783546447755,1.2572603225708008,1000,847.0,2056,2056000,0.0008723132610321045,796.0367304278643
0.001764059066772461,0.0003607959747314453,1.2524621486663818,1000,770.0,2064,2064000,0.0008672573566436768,798.7431276696635
0.0007734298706054688,0.0003444998264312744,1.2318120002746582,1000,760.0,2072,2072000,0.0008645474910736084,812.1611641604578
0.0009372234344482422,0.00037672805786132814,1.330556869506836,1000,719.0,2080,2080000,0.0009265758991241455,751.8932209746154
0.0010204315185546875,0.0003775064945220947,1.3188858032226562,1000,890.0,2088,2088000,0.0009152708053588867,758.5389580267553
0.0009522438049316406,0.0003517923355102539,1.2630550861358643,1000,731.0,2096,2096000,0.000884902000427246,792.0971281667189
0.001699686050415039,0.0003638477325439453,1.2735729217529297,1000,938.0,2105,2105000,0.0008834149837493897,785.4926980130573
0.0007658004760742188,0.0003702690601348877,1.28114914894104,1000,846.0,2113,2113000,0.0008847146034240723,780.8890058089537
0.0015153884887695312,0.00036877799034118654,1.3004286289215088,1000,761.0,2121,2121000,0.0009060356616973877,769.2851155769862
0.0025370121002197266,0.0003676269054412842,1.2753405570983887,1000,681.0,2129,2129000,0.0008799881935119629,784.4566890284832
0.0012090206146240234,0.00034870338439941406,1.2688076496124268,1000,679.0,2137,2137000,0.0008962929248809814,788.4742962662601
0.0022535324096679688,0.00038114428520202637,1.379525899887085,1000,934.0,2145,2145000,0.0009691300392150879,725.2306469179845
0.001195669174194336,0.000357783317565918,1.2848174571990967,1000,804.0,2153,2153000,0.0009021010398864746,778.6657339692161
0.0010228157043457031,0.0003816673755645752,1.389876365661621,1000,935.0,2161,2161000,0.0009799997806549073,719.844577014698
0.0010309219360351562,0.0003842470645904541,1.3207762241363525,1000,726.0,2169,2169000,0.0009089257717132569,757.7383889163591
0.0009572505950927734,0.0003797054290771484,1.315868854522705,1000,767.0,2177,2177000,0.0009089963436126709,760.3124632356473
0.001230478286743164,0.00033099770545959474,1.1468095779418945,1000,1000.0,2186,2186000,0.0007918553352355957,872.4969535546577
0.0021600723266601562,0.0003195657730102539,1.159172534942627,1000,889.0,2194,2194000,0.0008093490600585937,863.1539218694469
0.0013551712036132812,0.0003547523021697998,1.2398333549499512,1000,886.0,2202,2202000,0.000855210304260254,806.9583473059377
0.0010139942169189453,0.0003696341514587402,1.2646689414978027,1000,733.0,2210,2210000,0.0008676116466522217,791.1455462714923
0.0014684200286865234,0.0003595795631408691,1.2059650421142578,1000,890.0,2218,2218000,0.0008196241855621338,829.7079596143107
0.0019421577453613281,0.0003328282833099365,1.2038242816925049,1000,733.0,2227,2227000,0.0008439445495605469,831.2035863220837
0.0010609626770019531,0.00036125111579895017,1.256986141204834,1000,936.0,2236,2236000,0.0008700907230377198,795.9528899876991
0.000690460205078125,0.0003909602165222168,1.4392499923706055,1000,804.0,2244,2244000,0.0010206930637359619,695.1422294814074
0.001903533935546875,0.00036400866508483885,1.337069034576416,1000,934.0,2252,2252000,0.0009459614753723145,748.2499730174998
0.0007774829864501953,0.0003265018463134766,1.206787347793579,1000,832.0,2260,2260000,0.0008539965152740478,829.0526101898876
0.0005850791931152344,0.000353395938873291,1.3046305179595947,1000,807.0,2268,2268000,0.0009274961948394775,766.871364184291
0.0013012886047363281,0.00038144373893737795,1.3864808082580566,1000,938.0,2276,2276000,0.0009775829315185546,721.5727563234111
0.0011475086212158203,0.00039102387428283694,1.3986766338348389,1000,847.0,2284,2284000,0.000979170560836792,715.2869654964711
0.0006632804870605469,0.00036101937294006345,1.2943031787872314,1000,889.0,2292,2292000,0.0009101746082305908,772.9421308436843
0.0016787052154541016,0.0003719353675842285,1.3237993717193604,1000,711.0,2301,2301000,0.0009264860153198242,755.752237902354
0.0012209415435791016,0.000359992504119873,1.272230863571167,1000,700.0,2310,2310000,0.0008859298229217529,786.4646382824887
0.0021393299102783203,0.00037469673156738284,1.3175380229949951,1000,937.0,2319,2319000,0.0009152989387512207,759.3431451799055
0.0018012523651123047,0.0003757133483886719,1.3286466598510742,1000,889.0,2327,2327000,0.0009254629611968994,753.0363442071034
0.0012907981872558594,0.00036503863334655764,1.354095458984375,1000,928.0,2335,2335000,0.0009632530212402344,738.8097112791544
0.0013129711151123047,0.00038885974884033205,1.4019925594329834,1000,934.0,2343,2343000,0.0009836905002593994,713.5852080458812
0.0008876323699951172,0.0003829813003540039,1.3603203296661377,1000,758.0,2351,2351000,0.0009523520469665528,735.4398633871302
0.002540111541748047,0.00037645936012268064,1.3071873188018799,1000,931.0,2359,2359000,0.0009046189785003662,765.3578244683986
0.0009052753448486328,0.00037077665328979494,1.3133323192596436,1000,936.0,2367,2367000,0.0009141907691955566,761.7525504329361
0.001001596450805664,0.0003752026557922363,1.3095040321350098,1000,1000.0,2375,2375000,0.0009064772129058838,764.1651818085754
0.0012772083282470703,0.00038290071487426757,1.3393332958221436,1000,731.0,2383,2383000,0.0009312036037445069,747.0305727798868
0.0007326602935791016,0.0003836338520050049,1.328434944152832,1000,730.0,2391,2391000,0.000918088436126709,753.174136718313
0.0015647411346435547,0.0004825968742370605,1.6805305480957031,1000,887.0,2398,2398000,0.0011685791015625,595.3534850281723
0.0012967586517333984,0.0003622021675109863,1.2595982551574707,1000,938.0,2405,2405000,0.0008699231147766114,794.2612816599728
0.0012140274047851562,0.0005161957740783691,1.7236356735229492,1000,1000.0,2413,2413000,0.0011770753860473632,580.3844816936146
0.0010869503021240234,0.000456784725189209,1.584078073501587,1000,846.0,2419,2419000,0.0011000256538391112,631.5370413143451
0.0016751289367675781,0.0003445124626159668,1.2405281066894531,1000,847.0,2427,2427000,0.0008660204410552979,806.6018867808417
0.0032629966735839844,0.00038053107261657717,1.3362691402435303,1000,889.0,2435,2435000,0.0009273018836975098,748.7062369278208
0.000797271728515625,0.00036566781997680664,1.2901887893676758,1000,765.0,2443,2443000,0.0009000158309936524,775.4350228296742
0.0008292198181152344,0.00032924652099609376,1.1616685390472412,1000,931.0,2451,2451000,0.0008092923164367676,861.33297737984
0.0007860660552978516,0.00034635663032531736,1.191438913345337,1000,888.0,2460,2460000,0.000820906400680542,839.7053756668457
0.0008959770202636719,0.00038756251335144044,1.3548569679260254,1000,935.0,2468,2468000,0.0009401171207427979,738.4902297112138
0.0014510154724121094,0.0003835318088531494,1.3291692733764648,1000,686.0,2476,2476000,0.0009191954135894776,752.6966084448808
0.0012421607971191406,0.00038296318054199216,1.3872802257537842,1000,990.0,2484,2484000,0.0009769713878631592,721.1489542636604
0.0011477470397949219,0.000357151985168457,1.240422010421753,1000,935.0,2492,2492000,0.0008597226142883301,806.5547340600646
0.0026988983154296875,0.0003757989406585693,1.2646195888519287,1000,932.0,2500,2500000,0.0008617196083068847,791.1048088858358
0.0014226436614990234,0.00037382030487060545,1.2796995639801025,1000,890.0,2508,2508000,0.0008811829090118408,781.8863084741087
0.0017442703247070312,0.0003720839023590088,1.278852939605713,1000,988.0,2516,2516000,0.000879633903503418,782.2939096846152
0.0020914077758789062,0.0003596682548522949,1.2700703144073486,1000,890.0,2524,2524000,0.0008820674419403076,787.7106513147467
0.0007874965667724609,0.0003906705379486084,1.2973387241363525,1000,847.0,2532,2532000,0.0008794677257537842,771.1810276005432
0.001630544662475586,0.0003772749900817871,1.3262553215026855,1000,796.0,2540,2540000,0.0009225022792816162,754.3348629958124
0.0007507801055908203,0.0003843591213226318,1.2894577980041504,1000,834.0,2548,2548000,0.0008806962966918945,775.8862989039782
0.0008339881896972656,0.0003552720546722412,1.2407598495483398,1000,939.0,2556,2556000,0.0008621561527252197,806.313627884972
0.0007748603820800781,0.0003375556468963623,1.1690120697021484,1000,1000.0,2565,2565000,0.0008084323406219483,855.8927228271716
0.0038077831268310547,0.0003413834571838379,1.1839499473571777,1000,770.0,2574,2574000,0.0008149707317352295,845.0422843097257
0.0013918876647949219,0.0003226277828216553,1.167203426361084,1000,766.0,2583,2583000,0.0008191578388214111,857.2209293081069
0.0016245841979980469,0.0003623631000518799,1.2998316287994385,1000,933.0,2591,2591000,0.0009100885391235352,769.7402782829686
0.0020296573638916016,0.0003739652633666992,1.3058719635009766,1000,937.0,2599,2599000,0.0009047794342041016,766.1237823094857
0.001157522201538086,0.00039507889747619627,1.3634099960327148,1000,769.0,2607,2607000,0.0009405488967895507,733.7948756348072
0.0007810592651367188,0.00036634969711303713,1.288710594177246,1000,936.0,2615,2615000,0.00089811110496521,776.2846496487447
0.0013208389282226562,0.00037916994094848634,1.3272736072540283,1000,888.0,2623,2623000,0.0009218392372131348,753.8419066899788
0.0018584728240966797,0.0003819451332092285,1.3523247241973877,1000,933.0,2631,2631000,0.000941669225692749,739.7518113258129
0.0013535022735595703,0.0003550887107849121,1.2459304332733154,1000,848.0,2639,2639000,0.0008649048805236816,802.975503555886
0.0007355213165283203,0.00038265299797058105,1.3512685298919678,1000,887.0,2647,2647000,0.0009434351921081543,740.4707492000441
0.0015053749084472656,0.00037488460540771487,1.385162591934204,1000,768.0,2655,2655000,0.0009790678024291992,722.2814034456904
0.0012447834014892578,0.0003806500434875488,1.361853837966919,1000,799.0,2663,2663000,0.0009509978294372558,735.8826996059962
0.0008902549743652344,0.00036585140228271483,1.3195502758026123,1000,927.0,2671,2671000,0.0009266357421875,758.2006819334632
0.0027425289154052734,0.00037761592864990235,1.3652677536010742,1000,891.0,2679,2679000,0.000958427906036377,732.7476552114865
0.0006890296936035156,0.00035003304481506347,1.2440648078918457,1000,734.0,2687,2687000,0.0008701486587524414,804.2223020719207
0.0006771087646484375,0.00033066630363464355,1.2001817226409912,1000,889.0,2696,2696000,0.0008456764221191406,833.6521414204053
0.0006601810455322266,0.00038695859909057616,1.3715617656707764,1000,939.0,2705,2705000,0.0009596445560455323,729.3958435101953
0.0007631778717041016,0.00037578392028808595,1.347869634628296,1000,700.0,2713,2713000,0.0009475994110107422,742.2565547528495
0.000701904296875,0.0003602309226989746,1.3128039836883545,1000,939.0,2721,2721000,0.0009253649711608887,762.2265433332727
0.0009205341339111328,0.00035422325134277344,1.2234234809875488,1000,726.0,2729,2729000,0.0008459208011627197,817.7913862821051
0.0013875961303710938,0.00036470389366149904,1.308150291442871,1000,1000.0,2738,2738000,0.0009153552055358886,764.7789567923915
0.0020558834075927734,0.00033306145668029785,1.1955792903900146,1000,762.0,2746,2746000,0.0008349642753601074,836.8112818085943
0.0016951560974121094,0.00038646173477172854,1.3797099590301514,1000,699.0,2754,2754000,0.0009681501388549804,725.126957173586
0.0016105175018310547,0.0003569924831390381,1.3143572807312012,1000,938.0,2762,2762000,0.0009298739433288574,761.1820223797428
0.0013179779052734375,0.000328718900680542,1.1620419025421143,1000,887.0,2771,2771000,0.0008075497150421142,861.0028663117939
0.0007412433624267578,0.00036472058296203614,1.2512543201446533,1000,841.0,2780,2780000,0.0008623642921447754,799.5508809386512
0.0008375644683837891,0.0003620727062225342,1.206939935684204,1000,690.0,2788,2788000,0.0008215477466583252,828.9551179228689
0.0005633831024169922,0.00036018538475036623,1.2336618900299072,1000,802.0,2797,2797000,0.0008492612838745117,810.9641208221892
0.0015218257904052734,0.00033214378356933596,1.1701383590698242,1000,936.0,2806,2806000,0.0008132953643798828,855.0199938681122
0.0008790493011474609,0.0003456318378448486,1.203221321105957,1000,830.0,2814,2814000,0.0008332705497741699,831.5580571421774
0.00087738037109375,0.00036198186874389647,1.2541210651397705,1000,697.0,2822,2822000,0.0008670458793640137,797.7488148278469
0.0010218620300292969,0.0003375627994537353,1.167940616607666,1000,730.0,2830,2830000,0.0008061532974243164,856.7481594220453
0.0007686614990234375,0.00037828254699707033,1.3126070499420166,1000,938.0,2838,2838000,0.0009104926586151123,762.1694779244907
0.0027642250061035156,0.0003529458045959473,1.2433388233184814,1000,700.0,2847,2847000,0.0008617513179779053,804.6686584321686
0.0007348060607910156,0.00038350796699523925,1.3499791622161865,1000,770.0,2855,2855000,0.0009422061443328857,741.0922101729354
0.0011610984802246094,0.0003291242122650146,1.1836354732513428,1000,686.0,2864,2864000,0.0008217527866363525,846.675274109925
0.0011467933654785156,0.0003552534580230713,1.2500226497650146,1000,838.0,2873,2873000,0.000869438886642456,800.359811415769
0.0013647079467773438,0.00039641332626342776,1.4003865718841553,1000,1000.0,2882,2882000,0.0009780652523040771,714.3889547189601
0.0012047290802001953,0.0003714280128479004,1.2567732334136963,1000,934.0,2890,2890000,0.0008598072528839112,796.0494213307182
0.0009126663208007812,0.0003821525573730469,1.2927424907684326,1000,802.0,2899,2899000,0.0008856313228607178,773.9028038197104
0.00168609619140625,0.00032988858222961426,1.160412311553955,1000,845.0,2907,2907000,0.0008049790859222413,862.0906958914921
0.0015554428100585938,0.0003675706386566162,1.2870330810546875,1000,799.0,2916,2916000,0.0008949272632598877,777.3449829020592
0.0012464523315429688,0.00033609414100646974,1.1723971366882324,1000,725.0,2925,2925000,0.0008120312690734863,853.3642372302708
0.0006806850433349609,0.0003951711654663086,1.434143304824829,1000,979.0,2933,2933000,0.0010120999813079835,697.5976869510288
0.0016505718231201172,0.0003417477607727051,1.1869590282440186,1000,842.0,2941,2941000,0.000817150354385376,842.9289436679302
0.001272439956665039,0.0003350086212158203,1.1681408882141113,1000,938.0,2950,2950000,0.000809849739074707,856.4635235059123
0.00113677978515625,0.0003554980754852295,1.2356250286102295,1000,846.0,2959,2959000,0.0008500020503997803,809.6349224242967
0.0009789466857910156,0.0003955659866333008,1.4000372886657715,1000,808.0,2968,2968000,0.0009802520275115968,714.6019534785934
0.0009443759918212891,0.00036212849617004393,1.289487600326538,1000,687.0,2976,2976000,0.0009034132957458496,775.9201729617894
0.0014774799346923828,0.00040601611137390135,1.3699822425842285,1000,702.0,2984,2984000,0.0009357712268829346,730.298941195521
0.001390218734741211,0.00034298372268676757,1.2106618881225586,1000,664.0,2992,2992000,0.000840932846069336,826.4509774133566
0.0006473064422607422,0.00036752104759216306,1.2771899700164795,1000,697.0,3000,3000000,0.000886138916015625,783.3932664813979
0.0010006427764892578,0.00035522699356079103,1.3011908531188965,1000,933.0,3008,3008000,0.0009204399585723877,768.9054725456112
0.0006613731384277344,0.0003542513847351074,1.259143352508545,1000,838.0,3016,3016000,0.000880897045135498,794.5807232850595
0.0009582042694091797,0.0003830413818359375,1.3856563568115234,1000,653.0,3024,3024000,0.0009752936363220215,721.9626321049383
0.0012962818145751953,0.0003351321220397949,1.243032455444336,1000,759.0,3032,3032000,0.0008834464550018311,804.9367410485105
0.0014798641204833984,0.0004827454090118408,1.7542057037353516,1000,847.0,3039,3039000,0.0012419471740722657,570.2685384005331
0.0012140274047851562,0.0004409294128417969,1.5833415985107422,1000,890.0,3045,3045000,0.0011149094104766846,631.8336731791735
0.0007317066192626953,0.0003430306911468506,1.2083830833435059,1000,697.0,3053,3053000,0.0008411927223205566,827.9651103340481
0.0015392303466796875,0.0003679890632629395,1.3449337482452393,1000,837.0,3061,3061000,0.0009516463279724121,743.9022703159812
0.0014951229095458984,0.0003632466793060303,1.3293275833129883,1000,1000.0,3069,3069000,0.0009399077892303467,752.5905882754023
0.001535654067993164,0.00034314632415771484,1.2360949516296387,1000,808.0,3078,3078000,0.000867393970489502,809.4563275540077
0.001257181167602539,0.0003380105495452881,1.2331440448760986,1000,792.0,3086,3086000,0.000869809627532959,811.3461063045573
0.0022978782653808594,0.0003671262264251709,1.2912356853485107,1000,843.0,3094,3094000,0.0008969423770904541,774.83909953005
0.0007271766662597656,0.00037874364852905274,1.338636875152588,1000,932.0,3102,3102000,0.0009356720447540283,747.3818584332562
0.0006930828094482422,0.00035863161087036134,1.2716078758239746,1000,802.0,3110,3110000,0.00088970947265625,786.832891358147
0.0012519359588623047,0.0003534607887268066,1.2601876258850098,1000,937.0,3119,3119000,0.000879788875579834,793.9390910756659
0.0006563663482666016,0.00033068537712097165,1.2253050804138184,1000,661.0,3127,3127000,0.0008720064163208008,816.5323950445488
0.0013840198516845703,0.00036760377883911135,1.314863920211792,1000,694.0,3135,3135000,0.0009233517646789551,760.9127461063194
0.0008625984191894531,0.0003757205009460449,1.333207368850708,1000,758.0,3143,3143000,0.0009323148727416992,750.4554920360687
0.0006558895111083984,0.0003580949306488037,1.290496826171875,1000,696.0,3152,3152000,0.0009084396362304687,775.1469743275662
0.0019407272338867188,0.0003747844696044922,1.3667199611663818,1000,845.0,3160,3160000,0.0009624271392822266,732.004790322181
0.00075531005859375,0.00036517834663391116,1.3300762176513672,1000,938.0,3168,3168000,0.0009396333694458008,752.1291746509595
0.0012862682342529297,0.0004056403636932373,1.3678719997406006,1000,807.0,3176,3176000,0.0009357569217681885,731.3936241188252
0.0009026527404785156,0.000360748291015625,1.2013416290283203,1000,934.0,3185,3185000,0.0008170657157897949,832.8345755780325
0.0016665458679199219,0.0003512134552001953,1.261692762374878,1000,689.0,3193,3193000,0.0008819277286529541,793.0175648033113
0.0008075237274169922,0.0003566443920135498,1.2932531833648682,1000,932.0,3201,3201000,0.0009135930538177491,773.5932054150551
0.0007350444793701172,0.0003031001091003418,1.1084237098693848,1000,938.0,3210,3210000,0.0007830128669738769,902.708467174807
0.0010821819305419922,0.00035266399383544923,1.264906644821167,1000,735.0,3218,3218000,0.0008842594623565674,790.9782960650645
0.00067138671875,0.000363173246383667,1.3142588138580322,1000,935.0,3226,3226000,0.000927166223526001,761.235900506383
0.0011005401611328125,0.00038567209243774413,1.3980534076690674,1000,937.0,3234,3234000,0.0009804954528808594,715.6574989293216
0.0016696453094482422,0.0003899240493774414,1.392512321472168,1000,734.0,3242,3242000,0.0009773514270782471,718.6122502686462
0.0013659000396728516,0.0003667280673980713,1.3182437419891357,1000,847.0,3250,3250000,0.0009236416816711426,758.9950866139908
0.0007834434509277344,0.0003601112365722656,1.2390151023864746,1000,728.0,3258,3258000,0.0008540387153625488,807.4752076489351
0.001611948013305664,0.00039069509506225585,1.3192763328552246,1000,891.0,3267,3267000,0.0009025139808654785,758.3815062346773
0.0010762214660644531,0.00038536453247070313,1.2958042621612549,1000,935.0,3275,3275000,0.0008837416172027588,772.149834075297
0.0006601810455322266,0.0003489658832550049,1.2505452632904053,1000,736.0,3283,3283000,0.0008766090869903564,801.2046616263582
0.0023124217987060547,0.00037609267234802243,1.390125036239624,1000,936.0,3291,3291000,0.0009843275547027589,719.7099405089768
0.0008804798126220703,0.0003789815902709961,1.3834261894226074,1000,936.0,3299,3299000,0.0009743976593017578,723.2668461194908
0.002137422561645508,0.0003639774322509766,1.3957765102386475,1000,884.0,3307,3307000,0.001006056785583496,716.778143166484
0.0009219646453857422,0.0003599004745483398,1.2697508335113525,1000,1000.0,3315,3315000,0.0008865518569946289,787.9160398610784
0.0012195110321044922,0.00036060285568237306,1.255695104598999,1000,803.0,3323,3323000,0.0008687937259674073,796.7469852511813
0.0012462139129638672,0.00036010956764221194,1.2739527225494385,1000,844.0,3331,3331000,0.0008890800476074219,785.3956213903491
0.0007944107055664062,0.00034896469116210937,1.2123043537139893,1000,767.0,3339,3339000,0.0008404610157012939,825.3150688381728
0.0012233257293701172,0.0003821656703948975,1.2851841449737549,1000,686.0,3347,3347000,0.000876133918762207,778.4612380756882
0.001840353012084961,0.0003675627708435059,1.2911012172698975,1000,890.0,3355,3355000,0.0008960907459259033,774.851839262226
0.0011713504791259766,0.0003817095756530762,1.2883837223052979,1000,938.0,3363,3363000,0.0008809034824371338,776.5153170152278
0.0008404254913330078,0.00035726356506347656,1.253645420074463,1000,931.0,3371,3371000,0.0008709409236907959,798.0425211292796
0.0008935928344726562,0.0003517239093780518,1.2192673683166504,1000,890.0,3380,3380000,0.0008428490161895752,820.5393060509116
0.0008118152618408203,0.0003791706562042236,1.2866425514221191,1000,771.0,3388,3388000,0.0008833677768707275,777.5904082628473
0.0008111000061035156,0.0003877153396606445,1.3321046829223633,1000,697.0,3396,3396000,0.0009136092662811279,751.0661268121022
0.002153635025024414,0.0003801712989807129,1.3091909885406494,1000,771.0,3404,3404000,0.0008990612030029297,764.3516484397622
0.0007703304290771484,0.00035689425468444824,1.2312474250793457,1000,847.0,3412,3412000,0.000850818395614624,812.5970144164488
0.0008099079132080078,0.00036968684196472167,1.2850265502929688,1000,849.0,3420,3420000,0.0008915073871612549,778.5385436815893
0.0006678104400634766,0.0003494725227355957,1.183274745941162,1000,847.0,3429,3429000,0.0008103365898132324,845.6784908575958
0.0008630752563476562,0.0003599405288696289,1.2270393371582031,1000,888.0,3438,3438000,0.0008413071632385254,815.406448903733
0.0023500919342041016,0.0003836963176727295,1.2917470932006836,1000,769.0,3446,3446000,0.0008797316551208496,774.4955710706062
0.0030317306518554688,0.00036879467964172363,1.2385773658752441,1000,927.0,3455,3455000,0.000843587875366211,807.7516973303758
0.0014307498931884766,0.00036498713493347167,1.3557088375091553,1000,887.0,3463,3463000,0.0009652819633483887,737.9340084277427
0.0006506443023681641,0.0003515021800994873,1.2529077529907227,1000,808.0,3471,3471000,0.0008788318634033204,798.5594224895656
0.0007300376892089844,0.0003321385383605957,1.2092139720916748,1000,770.0,3480,3480000,0.0008544888496398925,827.3407420396909
0.0011305809020996094,0.00036763644218444825,1.2445452213287354,1000,889.0,3489,3489000,0.0008529071807861328,803.83713377897
0.0016384124755859375,0.0003758258819580078,1.2555065155029297,1000,936.0,3498,3498000,0.0008494038581848144,796.8636927984436
0.0007312297821044922,0.0003621776103973389,1.2332849502563477,1000,685.0,3507,3507000,0.0008479852676391602,811.2163320786889
0.0013413429260253906,0.0003565342426300049,1.2224352359771729,1000,937.0,3516,3516000,0.0008398637771606445,818.4597095868951
0.001210927963256836,0.00034521222114562987,1.18870210647583,1000,843.0,3524,3524000,0.0008164756298065186,841.6778959176363
0.0019402503967285156,0.0003475320339202881,1.2218585014343262,1000,936.0,3533,3533000,0.0008495583534240723,818.8548654688121
0.0009205341339111328,0.00037991762161254883,1.2799806594848633,1000,929.0,3541,3541000,0.0008727679252624512,781.6522939291599
0.002167940139770508,0.00035953712463378907,1.2524075508117676,1000,938.0,3549,3549000,0.000865752935409546,798.8913091344333
0.0011534690856933594,0.0003620586395263672,1.2450132369995117,1000,769.0,3557,3557000,0.0008552591800689697,803.56501047969
0.00116729736328125,0.00036826443672180177,1.2922132015228271,1000,890.0,3566,3566000,0.00089801025390625,774.2589555276403
0.0007789134979248047,0.0003624691963195801,1.3045909404754639,1000,1000.0,3575,3575000,0.0009162912368774414,766.8061711539432
0.0017495155334472656,0.0003370943069458008,1.1935207843780518,1000,730.0,3583,3583000,0.0008302597999572754,838.2287755032705
0.0007090568542480469,0.0003524875640869141,1.218719482421875,1000,694.0,3591,3591000,0.000841219425201416,820.8704392786806
0.0011348724365234375,0.00035433149337768554,1.255275011062622,1000,730.0,3599,3599000,0.0008718364238739013,796.95847660857
0.002078533172607422,0.0003516345024108887,1.2332212924957275,1000,835.0,3607,3607000,0.0008549704551696777,811.2453589839008
0.003542184829711914,0.0003779008388519287,1.3277339935302734,1000,655.0,3615,3615000,0.0009228522777557373,753.4316016679918
0.0009868144989013672,0.00037875938415527345,1.2746686935424805,1000,883.0,3623,3623000,0.0008686823844909668,784.8374555520231
0.001168966293334961,0.00038699102401733396,1.3207483291625977,1000,887.0,3631,3631000,0.0009053778648376464,757.4593685189907
0.0019390583038330078,0.00039910411834716795,1.3539211750030518,1000,938.0,3639,3639000,0.0009284260272979737,738.9765863236165
0.0016627311706542969,0.0003829262256622314,1.2817835807800293,1000,756.0,3647,3647000,0.0008728127479553223,780.4751696070683
0.0015516281127929688,0.00037197494506835936,1.3164184093475342,1000,701.0,3656,3656000,0.0009183900356292725,759.9646172784658
0.0008780956268310547,0.000310981273651123,1.1102566719055176,1000,693.0,3664,3664000,0.0007736165523529053,901.1415781166947
0.000705718994140625,0.0003581342697143555,1.2144198417663574,1000,888.0,3673,3673000,0.0008293960094451904,823.8947518329544
0.0011858940124511719,0.0003817639350891113,1.2832343578338623,1000,798.0,3682,3682000,0.0008744347095489502,779.6879429459992
0.0007960796356201172,0.00037880921363830564,1.3248496055603027,1000,889.0,3690,3690000,0.0009221365451812744,755.1222708917322
0.0009737014770507812,0.00033571863174438476,1.1938157081604004,1000,937.0,3698,3698000,0.0008333132266998291,838.0298096407603
0.0018463134765625,0.0003746089935302734,1.3407931327819824,1000,733.0,3706,3706000,0.0009395987987518311,746.2637917131935
0.001131296157836914,0.000371511697769165,1.3530027866363525,1000,938.0,3714,3714000,0.0009544193744659424,739.4300807055704
0.0007898807525634766,0.0003554873466491699,1.2675964832305908,1000,840.0,3723,3723000,0.0008882496356964111,789.2767012205804
0.001483917236328125,0.0003533446788787842,1.2783207893371582,1000,936.0,3731,3731000,0.0008984832763671875,782.6443924626768
0.001020193099975586,0.000391615629196167,1.4270505905151367,1000,702.0,3739,3739000,0.0010091726779937744,701.0751379734213
0.0014014244079589844,0.0003830740451812744,1.3790392875671387,1000,847.0,3747,3747000,0.0009711456298828125,725.5032403116705
0.0010509490966796875,0.0003785824775695801,1.3959836959838867,1000,938.0,3755,3755000,0.0009892427921295167,716.6914289473482
0.0016484260559082031,0.00036812520027160644,1.274613618850708,1000,937.0,3763,3763000,0.0008822612762451172,785.0598625589712
0.002082347869873047,0.0003821954727172852,1.386716365814209,1000,687.0,3771,3771000,0.0009737484455108643,721.4192318422446
0.0013644695281982422,0.0003637990951538086,1.276803731918335,1000,771.0,3779,3779000,0.0008839166164398193,783.7391701786623
0.0006618499755859375,0.00036680078506469725,1.2780354022979736,1000,927.0,3787,3787000,0.000887749433517456,782.8131039462754
0.0012238025665283203,0.0003535425662994385,1.2682838439941406,1000,1000.0,3796,3796000,0.0008874680995941162,788.8954740355774
0.0016319751739501953,0.0003694746494293213,1.2991538047790527,1000,809.0,3804,3804000,0.0009029104709625244,770.0472239367821
0.0016291141510009766,0.0003769502639770508,1.3115577697753906,1000,938.0,3812,3812000,0.0009081213474273681,763.0400996355538
0.0009708404541015625,0.00034110689163208006,1.2137451171875,1000,731.0,3820,3820000,0.0008488988876342773,824.3394019629019
0.0011489391326904297,0.00038156294822692873,1.3277006149291992,1000,690.0,3829,3829000,0.0009167962074279785,753.5136269368244
0.0015559196472167969,0.0003839552402496338,1.347123146057129,1000,938.0,3837,3837000,0.0009350113868713379,742.6777879651006
0.0006592273712158203,0.00034756255149841306,1.2629854679107666,1000,715.0,3845,3845000,0.0008913118839263916,792.6339145245779
0.0015528202056884766,0.0003025381565093994,1.0948700904846191,1000,722.0,3853,3853000,0.000768916130065918,913.8375125550954
0.0008549690246582031,0.00036007237434387205,1.2557504177093506,1000,717.0,3861,3861000,0.0008711121082305908,796.7347261313658
0.0017092227935791016,0.00035338521003723143,1.2472941875457764,1000,795.0,3869,3869000,0.0008693430423736573,802.1916567404079
0.0013856887817382812,0.00036426186561584474,1.2860772609710693,1000,735.0,3877,3877000,0.000895106315612793,777.8967226845248
0.0006225109100341797,0.0003686180114746094,1.2688376903533936,1000,849.0,3885,3885000,0.0008766133785247803,788.5364065349402
0.0007424354553222656,0.0003647022247314453,1.291201114654541,1000,656.0,3893,3893000,0.0009021565914154052,774.8870546338915
0.0006666183471679688,0.00039473414421081543,1.4014971256256104,1000,937.0,3901,3901000,0.0009829816818237305,713.8177718212181
0.0009086132049560547,0.00031244826316833494,1.1187593936920166,1000,771.0,3909,3909000,0.0007824985980987548,894.3351577670705
0.0006651878356933594,0.0003605477809906006,1.3303956985473633,1000,890.0,3917,3917000,0.0009434356689453125,752.1022010215942
0.0013370513916015625,0.00036887502670288085,1.3408548831939697,1000,928.0,3925,3925000,0.0009441967010498047,746.1437800597299
0.0011861324310302734,0.0003873593807220459,1.3996236324310303,1000,934.0,3933,3933000,0.0009868474006652832,714.8303074263339
0.0012705326080322266,0.0003901493549346924,1.407663345336914,1000,763.0,3941,3941000,0.0009887616634368897,710.7529775239392
0.0013761520385742188,0.00036772584915161134,1.3391239643096924,1000,929.0,3949,3949000,0.0009405617713928223,747.109080885529
0.0011203289031982422,0.0003861546516418457,1.3768389225006104,1000,846.0,3957,3957000,0.000963820219039917,726.6119038953034
0.00147247314453125,0.0003466365337371826,1.2315921783447266,1000,759.0,3965,3965000,0.000860130786895752,812.349293400305
0.0013234615325927734,0.0003676540851593018,1.27000093460083,1000,937.0,3973,3973000,0.0008768048286437988,787.7470452236201
0.002349853515625,0.00036474752426147463,1.2798988819122314,1000,994.0,3982,3982000,0.0008904321193695068,781.6364163244692
0.0012798309326171875,0.0003398852348327637,1.243100643157959,1000,769.0,3991,3991000,0.000878136396408081,804.8083911983292
0.002936124801635742,0.0003429698944091797,1.2141413688659668,1000,808.0,4000,4000000,0.0008461894989013672,823.9687189609867
0.0007636547088623047,0.00037868642807006836,1.3609375953674316,1000,890.0,4008,4008000,0.0009544963836669922,735.1614284514897
0.0008413791656494141,0.00037348580360412596,1.3845758438110352,1000,928.0,4016,4016000,0.0009838721752166747,722.5979666044044
0.0017859935760498047,0.0003901216983795166,1.4211468696594238,1000,848.0,4024,4024000,0.001001690149307251,703.9814702142926
0.0015416145324707031,0.00036852478981018065,1.3473169803619385,1000,794.0,4032,4032000,0.0009515953063964844,742.5641853648623
0.0008060932159423828,0.0003807079792022705,1.373661756515503,1000,808.0,4040,4040000,0.000966914415359497,728.3345720259223
0.0014948844909667969,0.00037712526321411133,1.3921489715576172,1000,889.0,4048,4048000,0.0009855144023895263,718.7023855625657
0.0012357234954833984,0.00033589982986450195,1.1940028667449951,1000,724.0,4056,4056000,0.000832521915435791,837.88767725164
0.001138448715209961,0.0003554787635803223,1.2591278553009033,1000,888.0,4064,4064000,0.0008776025772094726,794.6023998511697
0.0018787384033203125,0.0003321521282196045,1.22452974319458,1000,1000.0,4072,4072000,0.000867673635482788,817.426726825225
0.004148006439208984,0.00035358166694641113,1.2638766765594482,1000,937.0,4081,4081000,0.0008829488754272461,791.7106316728498
0.0016255378723144531,0.0003899431228637695,1.37101411819458,1000,938.0,4090,4090000,0.0009539992809295654,729.7692067719205
0.0012431144714355469,0.00037110018730163576,1.3447723388671875,1000,808.0,4098,4098000,0.0009454407691955566,743.964154665926
0.0008940696716308594,0.0003595418930053711,1.2680180072784424,1000,649.0,4106,4106000,0.0008852379322052002,789.1043017177673
0.0012614727020263672,0.0003224442005157471,1.1439628601074219,1000,836.0,4115,4115000,0.0007965002059936524,874.5357362904983
0.0017898082733154297,0.0003349647521972656,1.2282953262329102,1000,720.0,4124,4124000,0.0008658382892608642,814.5151063735168
0.0007989406585693359,0.0003085536956787109,1.111058235168457,1000,693.0,4133,4133000,0.0007801868915557861,900.4665813496703
0.0008206367492675781,0.0003660750389099121,1.2834997177124023,1000,769.0,4142,4142000,0.0008932359218597412,779.4746528346271
0.0009143352508544922,0.0003132009506225586,1.1008665561676025,1000,802.0,4151,4151000,0.0007641739845275879,908.7890256403367
0.003672361373901367,0.00034914588928222656,1.2500133514404297,1000,800.0,4160,4160000,0.0008725216388702393,800.4725384724755
0.0006358623504638672,0.00034278726577758787,1.2658674716949463,1000,805.0,4168,4168000,0.0008998520374298096,790.3132779023583
0.001967191696166992,0.0003417210578918457,1.2235732078552246,1000,653.0,4177,4177000,0.0008559401035308838,817.6158692533216
0.0010831356048583984,0.00035985851287841797,1.2672569751739502,1000,936.0,4186,4186000,0.0008834536075592041,789.4732483208439
0.0010738372802734375,0.0003820521831512451,1.35335373878479,1000,686.0,4194,4194000,0.0009449958801269531,739.214793657877
0.0009014606475830078,0.0003444714546203613,1.2802307605743408,1000,766.0,4203,4203000,0.0009114034175872803,781.4957310582537
0.0010938644409179688,0.00035815882682800295,1.263129711151123,1000,890.0,4211,4211000,0.0008794288635253906,792.013218146627
0.0010089874267578125,0.0004235334396362305,1.3152897357940674,1000,690.0,4219,4219000,0.0008667795658111572,760.5826939540234
0.0006551742553710938,0.00032884764671325684,1.2000281810760498,1000,839.0,4228,4228000,0.0008461480140686035,833.79366911406
0.0012097358703613281,0.0003434162139892578,1.2308828830718994,1000,888.0,4237,4237000,0.0008615834712982178,812.7650281356379
0.0006082057952880859,0.000357147216796875,1.2172632217407227,1000,770.0,4246,4246000,0.0008376760482788086,821.8781670584381
0.0017571449279785156,0.0003664648532867432,1.3251724243164062,1000,810.0,4255,4255000,0.0009302411079406738,754.9245175195849
0.002176523208618164,0.0003513195514678955,1.227769136428833,1000,893.0,4264,4264000,0.000849837064743042,814.832846068561
0.0012156963348388672,0.0003403623104095459,1.2259762287139893,1000,1000.0,4273,4273000,0.0008613634109497071,816.0299150370922
0.0008614063262939453,0.0003198986053466797,1.1530351638793945,1000,840.0,4282,4282000,0.0008104379177093506,867.675971958348
0.0012049674987792969,0.00035536980628967285,1.2675278186798096,1000,763.0,4291,4291000,0.0008869616985321045,789.3240834417305
0.001543283462524414,0.00033556795120239256,1.1834161281585693,1000,939.0,4300,4300000,0.0008233180046081543,845.3912785485317
0.0019249916076660156,0.0004066798686981201,1.4385762214660645,1000,927.0,4308,4308000,0.0010035393238067628,695.4271435352761
0.0008597373962402344,0.00037523889541625976,1.3655626773834229,1000,809.0,4316,4316000,0.0009631881713867187,732.6748239105091
0.0015437602996826172,0.00036841559410095217,1.349327802658081,1000,689.0,4324,4324000,0.0009526298046112061,741.4984891781596
0.0012171268463134766,0.00038464117050170896,1.4022085666656494,1000,736.0,4332,4332000,0.0009895122051239013,713.4480482809768
0.0007681846618652344,0.00033937978744506836,1.2068448066711426,1000,844.0,4340,4340000,0.000844602346420288,828.970354698097
0.0006701946258544922,0.0003358738422393799,1.1989381313323975,1000,848.0,4349,4349000,0.0008389344215393067,835.5373665707283
0.0009706020355224609,0.0003561208248138428,1.2763419151306152,1000,131.0,4358,4358000,0.0008967452049255372,783.8638171774837
0.0006167888641357422,0.0003473801612854004,1.2255628108978271,1000,799.0,4366,4366000,0.0008558595180511475,816.3045105048285
0.0007460117340087891,0.00035160231590271,1.235039234161377,1000,752.0,4375,4375000,0.0008600997924804687,810.132841339817
0.0014200210571289062,0.00037842297554016113,1.3531181812286377,1000,890.0,4383,4383000,0.0009481050968170166,739.3809393864394
0.0008082389831542969,0.0003771970272064209,1.3448448181152344,1000,1000.0,4391,4391000,0.0009407966136932373,743.9240408216909
0.00104522705078125,0.0003578076362609863,1.2766079902648926,1000,845.0,4399,4399000,0.0008939380645751953,783.7142748234809
0.0012574195861816406,0.0003618862628936768,1.2338504791259766,1000,848.0,4408,4408000,0.0008458826541900635,810.8455980790113
0.0006844997406005859,0.00032297635078430177,1.1626482009887695,1000,850.0,4417,4417000,0.0008171136379241943,860.5423362708103
0.0007088184356689453,0.0003381462097167969,1.1935336589813232,1000,730.0,4425,4425000,0.0008329296112060547,838.2198970667027
0.0007469654083251953,0.0003586549758911133,1.250093936920166,1000,771.0,4434,4434000,0.0008665294647216796,800.3072774027656
0.0013363361358642578,0.00031644082069396973,1.1315314769744873,1000,723.0,4443,4443000,0.0007909393310546875,884.2060704336934
0.0011975765228271484,0.0003841087818145752,1.326038122177124,1000,938.0,4451,4451000,0.0009168083667755127,754.4158638164021
0.0008618831634521484,0.00036319565773010255,1.3687865734100342,1000,734.0,4459,4459000,0.0009779095649719237,730.9501855387962
0.002806425094604492,0.000399930477142334,1.4477558135986328,1000,939.0,4467,4467000,0.0010174105167388915,691.0426342731645
0.0013267993927001953,0.0003709454536437988,1.3830654621124268,1000,940.0,4475,4475000,0.0009825444221496582,723.3415613077219
0.0006651878356933594,0.00037275004386901853,1.3721678256988525,1000,661.0,4483,4483000,0.0009745030403137207,729.1403443017483
0.0014197826385498047,0.00038693904876708986,1.4033458232879639,1000,735.0,4491,4491000,0.000989084005355835,712.8919389221325
0.0007419586181640625,0.000371229887008667,1.330183744430542,1000,726.0,4499,4499000,0.0009341785907745361,752.1287700322258
0.002316713333129883,0.0003675704002380371,1.2942662239074707,1000,891.0,4508,4508000,0.0008981511592864991,772.9932704331231
0.0015227794647216797,0.0003554985523223877,1.3031065464019775,1000,694.0,4516,4516000,0.0009233357906341553,767.7838264897707
0.0008294582366943359,0.0003433046340942383,1.2440361976623535,1000,693.0,4524,4524000,0.0008773717880249023,804.2005600618925
0.0010154247283935547,0.00034171867370605467,1.2042865753173828,1000,766.0,4533,4533000,0.0008388845920562744,830.7929694734433
0.000980377197265625,0.0003503425121307373,1.2389404773712158,1000,771.0,4542,4542000,0.0008655176162719727,807.584194755011
0.0006527900695800781,0.0003730981349945068,1.2890629768371582,1000,698.0,4550,4550000,0.0008925566673278809,776.1500492414303
0.0006020069122314453,0.0003519012928009033,1.3087403774261475,1000,844.0,4559,4559000,0.0009330406188964844,764.4494440099594
0.0019087791442871094,0.0003732635974884033,1.3419723510742188,1000,939.0,4568,4568000,0.0009427742958068848,745.7080005611073
0.0006537437438964844,0.0003562428951263428,1.2202479839324951,1000,935.0,4577,4577000,0.0008416361808776855,819.873673543867
0.0012507438659667969,0.00037002205848693845,1.26058030128479,1000,735.0,4586,4586000,0.0008636834621429443,793.7149297668078
0.001142263412475586,0.0003390281200408936,1.1773500442504883,1000,843.0,4594,4594000,0.0008124511241912842,849.7529330964301
0.0014164447784423828,0.00032755231857299806,1.1422529220581055,1000,849.0,4603,4603000,0.0007886836528778076,876.1998827640118
0.0011448860168457031,0.00038003039360046386,1.3986835479736328,1000,849.0,4611,4611000,0.000991192102432251,715.2937966318482
0.0017118453979492188,0.0003620562553405762,1.3069453239440918,1000,701.0,4619,4619000,0.0009184908866882324,765.5085462816211
0.0008358955383300781,0.0003902273178100586,1.3832898139953613,1000,653.0,4627,4627000,0.0009679734706878662,723.258115802579
0.001058340072631836,0.0003668179512023926,1.2829246520996094,1000,848.0,4635,4635000,0.0008904106616973876,779.8169589528825
0.0008866786956787109,0.00036405134201049805,1.2985479831695557,1000,935.0,4643,4643000,0.0009107789993286132,770.4812090791892
0.0014345645904541016,0.00034672832489013674,1.261207103729248,1000,721.0,4651,4651000,0.00088877534866333,793.3429092503434
0.0008475780487060547,0.00038646459579467775,1.3166484832763672,1000,887.0,4659,4659000,0.0009067220687866211,759.840571857248
0.0013058185577392578,0.0003575115203857422,1.2818071842193604,1000,891.0,4667,4667000,0.0008978679180145264,780.4817050409807
0.0006005764007568359,0.0003420701026916504,1.2521452903747559,1000,693.0,4675,4675000,0.000887153148651123,799.1272349267596
0.0019683837890625,0.00036898231506347657,1.313295841217041,1000,360.0,4683,4683000,0.0009199171066284179,761.8065093591517
0.0011687278747558594,0.00036625218391418457,1.2919387817382812,1000,1000.0,4691,4691000,0.0008982911109924317,774.4639663086431
0.0013353824615478516,0.0003442375659942627,1.2049486637115479,1000,769.0,4699,4699000,0.0008361730575561524,830.3886764892508
0.0013022422790527344,0.0003790278434753418,1.3675947189331055,1000,703.0,4707,4707000,0.0009623510837554932,731.731119992589
0.0016880035400390625,0.00035529327392578127,1.295530080795288,1000,939.0,4715,4715000,0.0009132418632507325,772.2945686990375
0.0013759136199951172,0.00032851099967956543,1.2085587978363037,1000,942.0,4723,4723000,0.0008550877571105957,827.8278416575251
0.0011167526245117188,0.0003840353488922119,1.376816987991333,1000,939.0,4731,4731000,0.0009644756317138672,726.630659997533
0.0011661052703857422,0.00036889076232910156,1.308751106262207,1000,890.0,4739,4739000,0.000910966157913208,764.4111307981412
0.001802682876586914,0.0003192763328552246,1.1482999324798584,1000,894.0,4748,4748000,0.0008040895462036133,871.2945659589071
0.0015537738800048828,0.0003159453868865967,1.154564619064331,1000,849.0,4757,4757000,0.0008129615783691406,866.6334557014832
0.0009095668792724609,0.00033451342582702635,1.1955046653747559,1000,938.0,4766,4766000,0.0008383052349090576,836.9458678543492
0.001100301742553711,0.00034264206886291503,1.216266393661499,1000,701.0,4775,4775000,0.0008512067794799804,822.6172355435107
0.0010764598846435547,0.00034106016159057617,1.193892240524292,1000,940.0,4784,4784000,0.000827681303024292,838.038684050946
0.0005624294281005859,0.00034225821495056154,1.2443981170654297,1000,850.0,4793,4793000,0.0008791437149047852,803.9745744696961
0.0016036033630371094,0.0003481550216674805,1.2253305912017822,1000,811.0,4802,4802000,0.0008528578281402588,816.5719779195005
0.001499176025390625,0.0003953795433044434,1.420846939086914,1000,938.0,4811,4811000,0.0009954118728637696,704.1212787016905
0.0010917186737060547,0.00038191795349121096,1.3991684913635254,1000,773.0,4819,4819000,0.0009888222217559815,715.0388154060091
0.0007941722869873047,0.00037636685371398925,1.405015230178833,1000,803.0,4827,4827000,0.0010044417381286622,712.0286950193349
0.0013508796691894531,0.00037267446517944334,1.4095020294189453,1000,769.0,4835,4835000,0.0010119452476501465,709.7941103204774
0.0013170242309570312,0.0003702850341796875,1.327378749847412,1000,661.0,4843,4843000,0.00093048095703125,753.7672602258442
0.00060272216796875,0.0003460478782653809,1.2924280166625977,1000,759.0,4851,4851000,0.0009227223396301269,774.1047686122345
0.0009679794311523438,0.0003370835781097412,1.2350091934204102,1000,1000.0,4860,4860000,0.000874237060546875,810.0932544055044
0.0015115737915039062,0.00035530734062194825,1.2156097888946533,1000,893.0,4869,4869000,0.0008306024074554443,824.7449601097378
0.0006244182586669922,0.00036971926689147947,1.2785260677337646,1000,766.0,4878,4878000,0.0008858978748321533,782.4826146233423
0.0012929439544677734,0.0003145074844360352,1.1228268146514893,1000,762.0,4887,4887000,0.0007840101718902588,891.0857307233821
0.0006601810455322266,0.0003301513195037842,1.1710894107818604,1000,734.0,4896,4896000,0.0008182814121246338,854.3562594781553
0.0008182525634765625,0.0003626425266265869,1.264955997467041,1000,847.0,4905,4905000,0.0008767659664154052,790.8627094719781
0.0017590522766113281,0.0003574225902557373,1.2799327373504639,1000,734.0,4913,4913000,0.0008955590724945068,781.716247877414
0.0017938613891601562,0.0003866817951202393,1.3578615188598633,1000,933.0,4921,4921000,0.0009449746608734131,736.8147561669507
0.0006711483001708984,0.00034513211250305174,1.218024492263794,1000,943.0,4929,4929000,0.0008501813411712646,821.3485000901773
0.001363992691040039,0.00037189340591430665,1.3456013202667236,1000,738.0,4937,4937000,0.0009457771778106689,743.5611017025323
0.000858306884765625,0.0003326930999755859,1.17543625831604,1000,847.0,4945,4945000,0.0008169896602630615,851.141408701306
0.0005915164947509766,0.0003828623294830322,1.3514509201049805,1000,933.0,4954,4954000,0.0009387176036834716,740.248715424472
0.0007183551788330078,0.00035087060928344724,1.2643983364105225,1000,696.0,4963,4963000,0.0008899908065795898,791.2413628135213
0.0009188652038574219,0.0003667805194854736,1.2996599674224854,1000,702.0,4971,4971000,0.0009049496650695801,769.793255565501
0.0009167194366455078,0.00037086319923400877,1.327864408493042,1000,807.0,4980,4980000,0.0009298298358917236,753.4177971904619
0.0006377696990966797,0.00036693596839904784,1.2574589252471924,1000,936.0,4988,4988000,0.0008636550903320312,795.6198176542715
0.0016982555389404297,0.00032227396965026854,1.1545815467834473,1000,1000.0,4996,4996000,0.0008086729049682618,866.5285362451871
0.0017964839935302734,0.0003469407558441162,1.2319056987762451,1000,989.0,5004,5004000,0.0008598260879516601,812.2265905338502
0.0006248950958251953,0.00036381983757019043,1.2557618618011475,1000,703.0,5012,5012000,0.0008644428253173828,796.74183940186
0.0005671977996826172,0.00034896183013916017,1.210101842880249,1000,772.0,5020,5020000,0.0008387663364410401,826.7635950768357
0.0006778240203857422,0.0003547205924987793,1.2205989360809326,1000,634.0,5029,5029000,0.0008426704406738282,819.6479247838955
0.0010542869567871094,0.00034988784790039064,1.2166128158569336,1000,729.0,5038,5038000,0.0008403871059417724,822.3208038162016
0.0008256435394287109,0.0003320019245147705,1.2094759941101074,1000,692.0,5046,5046000,0.0008544125556945801,827.1955232914395
0.0009818077087402344,0.00043331766128540037,1.578319787979126,1000,694.0,5053,5053000,0.0011169984340667724,633.818681758739
0.0010247230529785156,0.0003186080455780029,1.1383914947509766,1000,940.0,5062,5062000,0.0007960367202758789,878.8321975414597
0.0013115406036376953,0.00030842781066894534,1.1254527568817139,1000,796.0,5071,5071000,0.0007906968593597412,888.9719722832101
0.0015797615051269531,0.00038686108589172365,1.3780534267425537,1000,728.0,5079,5079000,0.0009632222652435303,726.0036740670171
0.0008816719055175781,0.00035494089126586914,1.2692317962646484,1000,764.0,5087,5087000,0.0008901677131652832,788.2986913010008
0.0007982254028320312,0.00035451197624206544,1.2608165740966797,1000,847.0,5095,5095000,0.0008825626373291015,793.5575516456139
0.002129793167114258,0.000375391960144043,1.3446645736694336,1000,732.0,5103,5103000,0.000939657211303711,744.1451165867044
0.0016820430755615234,0.0003990731239318848,1.3958995342254639,1000,808.0,5111,5111000,0.0009681074619293212,716.7252303000715
0.0008969306945800781,0.0003419163227081299,1.2224857807159424,1000,883.0,5119,5119000,0.0008566620349884033,818.4847849750042
0.0010526180267333984,0.00034969043731689455,1.2814385890960693,1000,893.0,5127,5127000,0.0009059455394744873,780.7358003962961
0.0005311965942382812,0.00031950259208679197,1.138169527053833,1000,937.0,5135,5135000,0.000796748161315918,878.978430334587
0.0018758773803710938,0.00036961722373962403,1.295889139175415,1000,734.0,5144,5144000,0.0008971161842346191,772.0089902894787
0.0015804767608642578,0.0003330082893371582,1.1963801383972168,1000,727.0,5152,5152000,0.0008366301059722901,836.2770384619679
0.0019757747650146484,0.0003895125389099121,1.410505771636963,1000,891.0,5160,5160000,0.0009926567077636719,709.3160061266661
0.0011696815490722656,0.0004897902011871338,1.7682723999023438,1000,810.0,5167,5167000,0.0012493712902069093,565.8157651773058
0.0008141994476318359,0.00039050912857055664,1.3900957107543945,1000,737.0,5173,5173000,0.000974618673324585,719.7272304521736
0.0010609626770019531,0.0004023373126983643,1.4084193706512451,1000,734.0,5181,5181000,0.0009775705337524414,710.3856992820272
0.0013213157653808594,0.0003930511474609375,1.4066658020019531,1000,891.0,5189,5189000,0.0009866242408752442,711.1834564334208
0.0018689632415771484,0.00038522100448608397,1.3609235286712646,1000,696.0,5197,5197000,0.000947047472000122,735.0964906331063
0.0011420249938964844,0.00037762951850891114,1.3375742435455322,1000,703.0,5205,5205000,0.0009325337409973144,747.9301454631178
0.0005824565887451172,0.00036407566070556643,1.2310986518859863,1000,738.0,5213,5213000,0.0008438932895660401,812.6211020893156
0.0006818771362304688,0.0003772573471069336,1.287398338317871,1000,701.0,5221,5221000,0.0008867816925048828,777.0693344236959
0.0014874935150146484,0.00035137081146240236,1.2421226501464844,1000,1000.0,5229,5229000,0.000864626407623291,805.4230190266917
0.0014510154724121094,0.00037136173248291017,1.3111143112182617,1000,894.0,5238,5238000,0.0009138438701629638,763.0553695356306
0.0013628005981445312,0.0003700363636016846,1.3332765102386475,1000,893.0,5246,5246000,0.0009335167407989502,750.3651369200835
0.0018110275268554688,0.0003577802181243896,1.254643440246582,1000,648.0,5254,5254000,0.0008700082302093506,797.3896791338018
0.0015642642974853516,0.000379209041595459,1.300236463546753,1000,888.0,5262,5262000,0.0008912849426269532,769.3826252829716
0.0015625953674316406,0.00035982394218444825,1.2435152530670166,1000,848.0,5270,5270000,0.0008566408157348633,804.525424824428
0.0012428760528564453,0.0003522384166717529,1.2777209281921387,1000,892.0,5278,5278000,0.0008998956680297852,783.0884570037368
0.0007367134094238281,0.00036243343353271483,1.2503740787506104,1000,843.0,5286,5286000,0.0008646342754364014,800.0810323768982
0.0010380744934082031,0.0003998072147369385,1.4483473300933838,1000,847.0,5294,5294000,0.0010206916332244874,690.7875807569159
0.0014064311981201172,0.00037897634506225584,1.3635170459747314,1000,731.0,5302,5302000,0.0009548349380493164,733.8215791591581
0.0013015270233154297,0.00038067817687988283,1.3479421138763428,1000,726.0,5310,5310000,0.0009394779205322266,742.2270009478016
0.0008623600006103516,0.00037943506240844724,1.3601157665252686,1000,722.0,5318,5318000,0.0009552302360534668,735.6241846721343
0.0008625984191894531,0.0003912208080291748,1.388073444366455,1000,851.0,5326,5326000,0.0009726965427398681,720.7517820731058
0.0017380714416503906,0.00035247206687927246,1.284090518951416,1000,765.0,5334,5334000,0.0009047336578369141,779.1967684069572
0.0007598400115966797,0.0003623671531677246,1.2977993488311768,1000,807.0,5342,5342000,0.000911435604095459,770.9176674023612
0.0012123584747314453,0.00038394808769226074,1.391305923461914,1000,934.0,5350,5350000,0.000980971097946167,719.0915072773164
0.0006413459777832031,0.0003656325340270996,1.3372468948364258,1000,850.0,5358,5358000,0.0009480197429656982,748.1394634941003
0.0008571147918701172,0.0003298938274383545,1.181079626083374,1000,725.0,5366,5366000,0.0008272471427917481,847.200814255696
0.0009462833404541016,0.0003636834621429443,1.2874133586883545,1000,768.0,5374,5374000,0.0008976786136627198,777.1590355329008
0.0008614063262939453,0.0003814516067504883,1.4155290126800537,1000,851.0,5382,5382000,0.0010080316066741943,706.7947814891832
0.0015330314636230469,0.00039777588844299317,1.4108030796051025,1000,693.0,5390,5390000,0.0009869763851165772,709.1675324905887
0.0012485980987548828,0.00037310504913330077,1.3844633102416992,1000,765.0,5398,5398000,0.000983126163482666,722.6452758034064
0.002264261245727539,0.00034679293632507326,1.2568683624267578,1000,938.0,5406,5406000,0.0008844671249389649,795.9755478245291
0.0008404254913330078,0.00036463236808776853,1.3247160911560059,1000,662.0,5414,5414000,0.0009359128475189209,755.2689879030668
0.0015196800231933594,0.00044824433326721194,1.6427507400512695,1000,892.0,5421,5421000,0.0011640779972076417,608.973888035329
0.0020127296447753906,0.00038733625411987305,1.4016761779785156,1000,891.0,5429,5429000,0.000986722707748413,713.7801141386801
0.0014386177062988281,0.0003910048007965088,1.4332196712493896,1000,937.0,5437,5437000,0.0010129001140594483,698.0465267379541
0.0007619857788085938,0.0003605804443359375,1.3118939399719238,1000,806.0,5445,5445000,0.0009278078079223632,762.6240219701257
0.0008757114410400391,0.0003904023170471191,1.424975872039795,1000,694.0,5453,5453000,0.001006617546081543,702.091424626725
0.0009684562683105469,0.00034791278839111327,1.2801408767700195,1000,943.0,5461,5461000,0.0009071578979492188,781.5838354685883
0.001577615737915039,0.000371018648147583,1.3278720378875732,1000,810.0,5469,5469000,0.0009288258552551269,753.5924204949346
0.0018091201782226562,0.00035709428787231444,1.2822794914245605,1000,941.0,5477,5477000,0.0008990437984466552,780.2367737222503
0.0007045269012451172,0.00033699846267700194,1.248095989227295,1000,691.0,5485,5485000,0.0008878192901611328,801.6395532473509
0.0008044242858886719,0.00038996005058288577,1.3911082744598389,1000,892.0,5493,5493000,0.0009732506275177002,719.2056868345172
0.0014624595642089844,0.00037698197364807127,1.3495702743530273,1000,1000.0,5501,5501000,0.0009446909427642822,741.3716183778961
0.0010383129119873047,0.00034910798072814944,1.2539222240447998,1000,694.0,5509,5509000,0.0008811995983123779,798.0086617809144
0.0017271041870117188,0.00037240648269653323,1.3608899116516113,1000,1000.0,5517,5517000,0.0009607028961181641,735.1728968375133
0.002391338348388672,0.0003848960399627686,1.3575739860534668,1000,690.0,5525,5525000,0.0009441571235656738,736.9597535633393
0.0012209415435791016,0.00030513429641723633,1.0979335308074951,1000,893.0,5533,5533000,0.0007688829898834229,911.3055841992716
0.0018846988677978516,0.000382030725479126,1.3877081871032715,1000,699.0,5541,5541000,0.0009795703887939453,720.9657421704653
0.0006799697875976562,0.000395388126373291,1.3813896179199219,1000,850.0,5549,5549000,0.0009610128402709961,724.2617348143993
0.000644683837890625,0.00035378265380859377,1.313032865524292,1000,939.0,5557,5557000,0.0009356286525726319,761.9320280183192
0.0007908344268798828,0.0003741021156311035,1.3884613513946533,1000,643.0,5565,5565000,0.0009901306629180907,720.583998387823
0.0017900466918945312,0.0003951997756958008,1.4076440334320068,1000,941.0,5573,5573000,0.0009808146953582764,710.6468840799357
0.0005044937133789062,0.00037706613540649413,1.3448543548583984,1000,736.0,5581,5581000,0.0009438652992248536,743.9332771787781
0.0007653236389160156,0.0003877873420715332,1.3793361186981201,1000,731.0,5588,5588000,0.0009663739204406738,725.3544363778487
0.0007100105285644531,0.0003469870090484619,1.222015380859375,1000,942.0,5597,5597000,0.0008490505218505859,818.7321073933139
0.0024635791778564453,0.00038521862030029295,1.3764498233795166,1000,892.0,5605,5605000,0.0009640917778015137,726.8408197074998
0.0006618499755859375,0.00034993910789489746,1.2797999382019043,1000,727.0,5613,5613000,0.0009058060646057129,781.7720522396128
0.0021409988403320312,0.00037616181373596193,1.3421118259429932,1000,694.0,5621,5621000,0.0009383628368377686,745.4666506943854
0.0012769699096679688,0.0003774523735046387,1.3207252025604248,1000,1000.0,5629,5629000,0.0009148945808410645,757.5663544987402
0.0014889240264892578,0.0003837924003601074,1.395951747894287,1000,931.0,5637,5637000,0.000986417293548584,716.8533614721467
0.0006763935089111328,0.00033083009719848635,1.2140209674835205,1000,737.0,5645,5645000,0.000859217882156372,824.1728853411806
0.0018320083618164062,0.0003465592861175537,1.2404656410217285,1000,845.0,5653,5653000,0.0008672499656677247,806.5869958523588
0.0007455348968505859,0.00036904120445251467,1.3520886898040771,1000,846.0,5661,5661000,0.0009558522701263428,740.0813959951336
0.0007789134979248047,0.00035883092880249025,1.2815494537353516,1000,892.0,5669,5669000,0.0008990199565887451,780.6980170330228
0.0017333030700683594,0.0003589324951171875,1.2710034847259521,1000,658.0,5677,5677000,0.0008857684135437011,787.1963184254212
0.0008709430694580078,0.0003958189487457275,1.3919167518615723,1000,849.0,5685,5685000,0.0009687013626098632,718.7187650311259
0.0007030963897705078,0.0003705713748931885,1.3705074787139893,1000,662.0,5693,5693000,0.0009752094745635986,730.0107892438949
0.0011830329895019531,0.000381854772567749,1.4063401222229004,1000,727.0,5701,5701000,0.000995619297027588,711.3630570180445
0.0017247200012207031,0.0003665473461151123,1.3462448120117188,1000,764.0,5709,5709000,0.0009514279365539551,743.1519015354347
0.0007150173187255859,0.0003810563087463379,1.4200682640075684,1000,691.0,5717,5717000,0.0010120484828948974,704.526362980814
0.002572774887084961,0.0003856654167175293,1.4026179313659668,1000,940.0,5725,5725000,0.0009857814311981202,713.2884995242537
0.001180410385131836,0.0003614168167114258,1.2705907821655273,1000,942.0,5733,5733000,0.0008817360401153564,787.3754233901133
0.002185344696044922,0.0003461759090423584,1.2775578498840332,1000,990.0,5741,5741000,0.0009036386013031006,783.1039550231432
0.0026786327362060547,0.0003832683563232422,1.3440134525299072,1000,849.0,5749,5749000,0.0009337174892425537,744.4117700825307
0.0007271766662597656,0.00038358283042907716,1.4034183025360107,1000,850.0,5757,5757000,0.0009945919513702393,712.8734007188384
0.0008535385131835938,0.0003531293869018555,1.25974702835083,1000,844.0,5765,5765000,0.0008832030296325684,794.2706069783565
0.0008018016815185547,0.0003447794914245605,1.2303416728973389,1000,942.0,5774,5774000,0.0008620314598083496,813.1860760217648
0.0014827251434326172,0.0003260798454284668,1.178185224533081,1000,728.0,5782,5782000,0.0008271169662475586,849.2123589709119
0.0014798641204833984,0.00038750338554382325,1.2927837371826172,1000,690.0,5790,5790000,0.0008783845901489258,774.027055396685
0.0006623268127441406,0.0003475832939147949,1.242478609085083,1000,691.0,5799,5799000,0.0008715987205505371,805.2413302682369
0.00150299072265625,0.00034260153770446775,1.2133204936981201,1000,851.0,5808,5808000,0.0008426368236541748,824.5938422599862
0.0014853477478027344,0.000392564058303833,1.3894190788269043,1000,700.0,5816,5816000,0.0009701058864593506,720.0157245255391
0.0021979808807373047,0.0003705945014953613,1.375655174255371,1000,698.0,5824,5824000,0.0009766123294830322,727.2101842270978
0.0014615058898925781,0.00037433576583862304,1.3456754684448242,1000,938.0,5832,5832000,0.0009403142929077148,743.7344822731304
0.0009055137634277344,0.0003504064083099365,1.2297437191009521,1000,885.0,5841,5841000,0.0008548557758331299,813.5979332929086
0.0015468597412109375,0.0003310103416442871,1.1678383350372314,1000,931.0,5850,5850000,0.0008120903968811035,856.6520933352233
0.0015103816986083984,0.00032807874679565427,1.1759865283966064,1000,892.0,5859,5859000,0.0008218522071838379,850.8014581444744
0.0013778209686279297,0.00035669970512390136,1.2169864177703857,1000,773.0,5868,5868000,0.0008332960605621338,822.1678331822019
0.0007245540618896484,0.0003610506057739258,1.3071513175964355,1000,849.0,5876,5876000,0.0009179332256317138,765.392182142107
0.0009534358978271484,0.0003465249538421631,1.2495489120483398,1000,695.0,5884,5884000,0.0008793699741363525,800.7473099875964
0.0015120506286621094,0.00035330867767333985,1.2787244319915771,1000,732.0,5893,5893000,0.0008976151943206787,782.4156161374863
0.0022287368774414062,0.0003586423397064209,1.2354633808135986,1000,941.0,5902,5902000,0.0008505175113677979,809.8328281738068
0.0006406307220458984,0.0003584151268005371,1.2300431728363037,1000,694.0,5910,5910000,0.0008485386371612549,813.3977100460911
0.0008556842803955078,0.00037523341178894045,1.2875123023986816,1000,736.0,5919,5919000,0.0008854870796203613,777.0447170346832
0.0007307529449462891,0.00037117648124694824,1.363208293914795,1000,806.0,5928,5928000,0.0009677939414978028,733.897720550114
0.0025756359100341797,0.000505002498626709,1.8740413188934326,1000,767.0,5935,5935000,0.0013367397785186768,533.7709072162403
0.0009300708770751953,0.0004915306568145752,1.7818007469177246,1000,942.0,5941,5941000,0.0012582485675811767,561.4296598630714
0.0014996528625488281,0.0005101945400238037,1.8357276916503906,1000,773.0,5947,5947000,0.0012951550483703614,544.9275392445414
0.0016529560089111328,0.0004976532459259034,1.7176759243011475,1000,695.0,5953,5953000,0.0011881668567657472,582.4321263716678
0.0030670166015625,0.0004636478424072266,1.6829659938812256,1000,892.0,5959,5959000,0.001187847375869751,594.4174443914883
0.0007736682891845703,0.0004445199966430664,1.5845286846160889,1000,934.0,5966,5966000,0.0011144776344299316,631.3685856532264
0.0006759166717529297,0.000351858377456665,1.23726487159729,1000,796.0,5974,5974000,0.0008610975742340088,808.6566649089846
0.0016300678253173828,0.0003235297203063965,1.1858642101287842,1000,849.0,5983,5983000,0.0008366057872772216,843.6953430547725
0.001567840576171875,0.00033998918533325196,1.22369384765625,1000,942.0,5992,5992000,0.0008575601577758789,817.564870259481
0.0019392967224121094,0.00040030169486999514,1.344456672668457,1000,891.0,6000,6000000,0.0009158620834350586,744.1239932256626
0.0005314350128173828,0.0003459210395812988,1.205545425415039,1000,894.0,6008,6008000,0.0008372156620025634,829.9286103383722
0.0008270740509033203,0.00035865139961242673,1.2544934749603271,1000,735.0,6016,6016000,0.0008727848529815674,797.5505525594117
0.0015652179718017578,0.0003369858264923096,1.2049946784973145,1000,931.0,6025,6025000,0.0008412983417510986,830.4514822009369
0.0008473396301269531,0.00032844805717468264,1.1808769702911377,1000,696.0,6034,6034000,0.0008291413784027099,847.2430841776197
0.0009410381317138672,0.000361821174621582,1.2786285877227783,1000,941.0,6043,6043000,0.0008894813060760498,782.456047402132
0.0009646415710449219,0.0003659210205078125,1.2481026649475098,1000,1000.0,6052,6052000,0.0008578822612762451,801.5960428411902
0.0014584064483642578,0.0003739323616027832,1.32279372215271,1000,891.0,6061,6061000,0.0009237124919891358,756.379301234807
0.0014960765838623047,0.00034819698333740233,1.245093584060669,1000,891.0,6070,6070000,0.0008718397617340088,803.5596222355692
0.0006144046783447266,0.0003484158515930176,1.218078851699829,1000,892.0,6079,6079000,0.0008461751937866211,821.3554162838261
0.0007240772247314453,0.00035642433166503906,1.250349998474121,1000,808.0,6088,6088000,0.0008687808513641358,800.1141520282206
0.0012331008911132812,0.0003658771514892578,1.2688946723937988,1000,106.0,6097,6097000,0.000876927137374878,788.5538999755968
0.0009105205535888672,0.0003507072925567627,1.2547564506530762,1000,766.0,6105,6105000,0.0008808162212371826,797.3410205073261
0.0009655952453613281,0.00033992528915405273,1.2104034423828125,1000,696.0,6114,6114000,0.0008444838523864746,826.5768757343369
0.0007166862487792969,0.00035200834274291994,1.2394664287567139,1000,939.0,6123,6123000,0.0008644585609436035,807.1832175024051
0.0027823448181152344,0.0003600568771362305,1.264084815979004,1000,771.0,6132,6132000,0.000876429796218872,791.4620380500725
0.0011322498321533203,0.00035778260231018064,1.234062910079956,1000,690.0,6141,6141000,0.00085044527053833,810.6987469291744
0.0010344982147216797,0.0003245830535888672,1.1934146881103516,1000,763.0,6150,6150000,0.000842153787612915,838.3457203893928
0.0014581680297851562,0.0003526902198791504,1.268038034439087,1000,736.0,6159,6159000,0.0008892979621887207,789.0176107102976
0.00128936767578125,0.0003393595218658447,1.2031352519989014,1000,850.0,6168,6168000,0.0008382637500762939,831.5781710095666
0.0009706020355224609,0.0003672661781311035,1.247009038925171,1000,891.0,6177,6177000,0.0008532910346984863,802.2622384898824
0.0018503665924072266,0.00031761956214904785,1.148627519607544,1000,933.0,6186,6186000,0.0008032453060150146,871.1049229437474
0.0011835098266601562,0.0003708300590515137,1.3504784107208252,1000,658.0,6194,6194000,0.0009552323818206787,740.8199473480162
0.0015764236450195312,0.0003774523735046387,1.3960886001586914,1000,688.0,6202,6202000,0.0009904236793518066,716.5900440156681
0.0008358955383300781,0.0003868680000305176,1.4191651344299316,1000,734.0,6210,6210000,0.0010076849460601807,704.898623127234
0.0009524822235107422,0.0003765060901641846,1.3348276615142822,1000,659.0,6218,6218000,0.0009325213432312011,749.4870210014486
0.001322031021118164,0.0003504610061645508,1.2408514022827148,1000,660.0,6226,6226000,0.0008669309616088867,806.2861927826276
0.0008249282836914062,0.00034457802772521975,1.2247109413146973,1000,934.0,6235,6235000,0.000857309341430664,816.9346020546928
0.0006856918334960938,0.0003457176685333252,1.2010822296142578,1000,943.0,6244,6244000,0.0008325238227844239,833.0719496363669
0.001268625259399414,0.0003620166778564453,1.2581536769866943,1000,695.0,6253,6253000,0.0008699462413787842,795.4300036298109
0.0030851364135742188,0.0003370978832244873,1.2094156742095947,1000,937.0,6262,6262000,0.0008448116779327392,827.2395730301578
0.0008437633514404297,0.0003557159900665283,1.276987075805664,1000,942.0,6270,6270000,0.0008964509963989257,783.4275065481686
0.0015282630920410156,0.0003628952503204346,1.2903954982757568,1000,842.0,6279,6279000,0.0008998918533325195,775.3250805584598
0.0020513534545898438,0.0003585708141326904,1.2448673248291016,1000,938.0,6287,6287000,0.0008602752685546875,803.646612723674
0.0018727779388427734,0.0003518364429473877,1.2163662910461426,1000,937.0,6296,6296000,0.0008375182151794434,822.6078780667331
0.0007343292236328125,0.0003405165672302246,1.2282226085662842,1000,687.0,6305,6305000,0.000864414930343628,814.5671493381393
0.0012438297271728516,0.00032558083534240724,1.1421082019805908,1000,768.0,6314,6314000,0.0007908608913421631,876.068296626003
0.0012836456298828125,0.0003264443874359131,1.151015281677246,1000,940.0,6323,6323000,0.0007981390953063965,869.3036395979939
0.0007498264312744141,0.0003355116844177246,1.207885503768921,1000,940.0,6332,6332000,0.0008498489856719971,828.2836181956417
0.0008578300476074219,0.00036874794960021974,1.3497188091278076,1000,700.0,6340,6340000,0.0009550015926361084,741.2447909855332
0.0006709098815917969,0.0003282279968261719,1.1926305294036865,1000,649.0,6349,6349000,0.000840280294418335,838.8742219875518
0.0006570816040039062,0.0003566925525665283,1.2597286701202393,1000,694.0,6358,6358000,0.0008795619010925293,794.2092443875877
0.0011184215545654297,0.00035558366775512694,1.2845830917358398,1000,805.0,6367,6367000,0.0009028091430664062,778.8268049265674
0.0006136894226074219,0.00034221577644348144,1.2064988613128662,1000,892.0,6376,6376000,0.0008418307304382324,829.2412695764059
0.0009164810180664062,0.00036132121086120605,1.2342438697814941,1000,1000.0,6385,6385000,0.0008501622676849365,810.61742963997
0.0008070468902587891,0.00033759045600891116,1.2065696716308594,1000,846.0,6394,6394000,0.0008449525833129882,829.2197931529282
0.0013060569763183594,0.00035945677757263185,1.2742493152618408,1000,848.0,6402,6402000,0.0008881955146789551,785.1809613595038
0.0016775131225585938,0.00036448574066162107,1.2643163204193115,1000,656.0,6411,6411000,0.0008755786418914795,791.2991325960107
0.0007033348083496094,0.00034557962417602537,1.217287540435791,1000,940.0,6420,6420000,0.0008485713005065918,821.8979764237802
0.0008261203765869141,0.0003459532260894775,1.2284214496612549,1000,890.0,6428,6428000,0.0008561155796051026,814.467340265578
0.0016357898712158203,0.00039630389213562013,1.348803997039795,1000,765.0,6436,6436000,0.0009249358177185059,741.7444905500749
0.0007526874542236328,0.0003724942207336426,1.3424413204193115,1000,850.0,6444,6444000,0.0009443061351776123,745.2335340023247
0.0008146762847900391,0.00036960601806640625,1.3163330554962158,1000,849.0,6452,6452000,0.0009196569919586181,760.0593651409197
0.0007791519165039062,0.00038415789604187014,1.3487310409545898,1000,1000.0,6460,6460000,0.0009398350715637207,741.7973575605585
0.0009071826934814453,0.0003728830814361572,1.303098201751709,1000,809.0,6468,6468000,0.0009037497043609619,767.738432865463
0.0012390613555908203,0.00038015222549438475,1.3457462787628174,1000,893.0,6476,6476000,0.0009402165412902832,743.4352371978529
0.0017077922821044922,0.00038579058647155763,1.4078733921051025,1000,894.0,6484,6484000,0.0009944016933441163,710.57609245697
0.0009894371032714844,0.0003763415813446045,1.324995756149292,1000,847.0,6492,6492000,0.0009229640960693359,755.0605552839247
0.0006899833679199219,0.0003585352897644043,1.257025957107544,1000,732.0,6500,6500000,0.00087457275390625,795.9297803229829
0.0013437271118164062,0.0003781566619873047,1.3374874591827393,1000,759.0,6508,6508000,0.0009334418773651123,747.9870993168915
0.0006861686706542969,0.000331005334854126,1.173746109008789,1000,893.0,6517,6517000,0.0008196508884429931,852.429777193364
0.002431631088256836,0.00031654047966003416,1.1642725467681885,1000,811.0,6526,6526000,0.0008208692073822021,859.2946550378696
0.0007243156433105469,0.0003455052375793457,1.2151036262512207,1000,848.0,6535,6535000,0.0008472881317138672,823.3379162619634
0.0017743110656738281,0.00034807276725769043,1.2319285869598389,1000,893.0,6543,6543000,0.0008545458316802978,812.1394625474778
0.0010166168212890625,0.0003195955753326416,1.151843547821045,1000,846.0,6551,6551000,0.000807377576828003,869.0001587043098
0.0008056163787841797,0.00033054780960083005,1.1494827270507812,1000,694.0,6560,6560000,0.0007938325405120849,870.329115773188
0.0006189346313476562,0.00032111525535583497,1.1406900882720947,1000,1000.0,6569,6569000,0.0007971010208129883,877.1211765704747
0.0008592605590820312,0.0003473556041717529,1.2241158485412598,1000,894.0,6578,6578000,0.000851815938949585,817.2980261754141
0.0006957054138183594,0.00035637569427490236,1.243913173675537,1000,942.0,6586,6586000,0.0008645217418670654,804.3069683334276
0.0013957023620605469,0.0003768191337585449,1.2888731956481934,1000,691.0,6595,6595000,0.0008855400085449219,776.2174154351693
0.0012764930725097656,0.00038050079345703123,1.3072538375854492,1000,940.0,6604,6604000,0.0008993778228759766,765.3701146639869
0.0014727115631103516,0.00036141204833984377,1.2759788036346436,1000,771.0,6613,6613000,0.0008878536224365234,784.1189471208619
0.0011513233184814453,0.000356158971786499,1.2316579818725586,1000,733.0,6622,6622000,0.0008498549461364747,812.2951737205728
0.0006284713745117188,0.00033859729766845705,1.2083768844604492,1000,767.0,6631,6631000,0.0008470225334167481,828.2311162083587
0.0007703304290771484,0.0003124220371246338,1.1396794319152832,1000,763.0,6640,6640000,0.0008042304515838623,877.8992226319998
0.0007617473602294922,0.0003332004547119141,1.1625778675079346,1000,807.0,6649,6649000,0.0008058648109436035,860.6057248497793
0.0015439987182617188,0.00035468506813049315,1.224609136581421,1000,693.0,6658,6658000,0.0008422341346740722,817.060959940032
0.0014348030090332031,0.00041089057922363283,1.4345543384552002,1000,942.0,6666,6666000,0.0009981708526611327,697.3976018843335
0.0009512901306152344,0.00037811970710754396,1.3511877059936523,1000,688.0,6674,6674000,0.0009440248012542725,740.5235655337924
0.0008311271667480469,0.00039834833145141604,1.440575122833252,1000,690.0,6682,6682000,0.0010167381763458252,694.4552249580443
0.0023322105407714844,0.00038879561424255373,1.4218723773956299,1000,804.0,6690,6690000,0.0010038673877716064,703.6318966739278
0.001432657241821289,0.000339829683303833,1.1952288150787354,1000,942.0,6698,6698000,0.0008312175273895263,837.0641255608961
0.0006756782531738281,0.0003403875827789307,1.1930584907531738,1000,843.0,6707,6707000,0.0008300809860229492,838.655664824384
0.0007145404815673828,0.0003340182304382324,1.1996700763702393,1000,1000.0,6716,6716000,0.0008403086662292481,834.0188203366536
0.001085042953491211,0.00034699511528015137,1.2445323467254639,1000,927.0,6725,6725000,0.0008680934906005859,803.9590098795069
0.0005605220794677734,0.00037661075592041013,1.2788190841674805,1000,694.0,6734,6734000,0.0008787448406219482,782.3127323080321
0.0012531280517578125,0.00035635447502136233,1.3018789291381836,1000,891.0,6742,6742000,0.0009182367324829102,768.4881851215054
0.0006847381591796875,0.0003458888530731201,1.2717232704162598,1000,692.0,6750,6750000,0.0009026310443878174,786.6810337147353
0.0007171630859375,0.0003424429893493652,1.2179744243621826,1000,807.0,6758,6758000,0.0008527898788452149,821.4051197991483
0.0006704330444335938,0.00032053232192993166,1.152055263519287,1000,696.0,6767,6767000,0.0008075034618377685,868.5216840313548
0.0008423328399658203,0.0003593766689300537,1.233248233795166,1000,893.0,6776,6776000,0.0008476405143737793,811.2081735387756
0.00069427490234375,0.0003409459590911865,1.2050189971923828,1000,775.0,6785,6785000,0.0008386487960815429,830.3041832697321
0.0010633468627929688,0.00035568881034851073,1.2385761737823486,1000,849.0,6794,6794000,0.0008573276996612549,807.724164280805
0.0012288093566894531,0.0003262128829956055,1.1634764671325684,1000,809.0,6803,6803000,0.0008112571239471436,859.959034963802
0.001073598861694336,0.0003264336585998535,1.1444778442382812,1000,941.0,6812,6812000,0.0007942602634429932,874.2007135245138
0.0012273788452148438,0.00031604623794555665,1.1388790607452393,1000,890.0,6821,6821000,0.0007988145351409912,878.478787762006
0.0019676685333251953,0.0003766155242919922,1.3135647773742676,1000,938.0,6830,6830000,0.0009095015525817871,761.6843517535358
0.0007357597351074219,0.0003558669090270996,1.2524638175964355,1000,943.0,6839,6839000,0.000873499870300293,798.8056492834601
0.0009632110595703125,0.00035091376304626463,1.2255496978759766,1000,849.0,6848,6848000,0.0008511030673980713,816.3445479474237
0.0009224414825439453,0.0003532640933990478,1.228658676147461,1000,807.0,6857,6857000,0.0008501875400543213,814.2559397160367
0.0017387866973876953,0.00031575274467468263,1.1546738147735596,1000,847.0,6866,6866000,0.0008138422966003418,866.4384976541339
0.0012269020080566406,0.00031774353981018066,1.1315710544586182,1000,692.0,6875,6875000,0.0007904760837554931,884.2440977716724
0.0011348724365234375,0.0003671500682830811,1.2574236392974854,1000,943.0,6884,6884000,0.0008638734817504883,795.6530217826951
0.0007886886596679688,0.0003510818481445313,1.2119572162628174,1000,941.0,6893,6893000,0.0008366045951843262,825.5660494528216
0.0009701251983642578,0.0003427257537841797,1.199305772781372,1000,940.0,6902,6902000,0.0008332557678222656,834.2343034002032
0.0010013580322265625,0.00035698771476745607,1.2330474853515625,1000,1000.0,6911,6911000,0.0008521425724029541,811.4145408720933
0.0014004707336425781,0.0003295042514801025,1.1553723812103271,1000,942.0,6920,6920000,0.0007980809211730957,865.9614086688553
0.002038240432739258,0.0003426856994628906,1.20878267288208,1000,653.0,6929,6929000,0.000838228702545166,827.6987852614778
0.0014252662658691406,0.00036907172203063965,1.2436473369598389,1000,934.0,6938,6938000,0.000850154161453247,804.4448783264617
0.0006501674652099609,0.00034648823738098146,1.2457020282745361,1000,809.0,6947,6947000,0.0008763558864593506,803.1747806844529
0.0018701553344726562,0.00042462730407714846,1.4966702461242676,1000,894.0,6955,6955000,0.001043720006942749,668.4139148782233
0.0019283294677734375,0.00045029497146606445,1.5724105834960938,1000,942.0,6962,6962000,0.0010911209583282472,636.2412487142229
0.0012471675872802734,0.0003360898494720459,1.2002389430999756,1000,771.0,6970,6970000,0.0008393588066101074,833.5946491633753
0.0006933212280273438,0.0003649804592132568,1.3121671676635742,1000,734.0,6979,6979000,0.0009225802421569824,762.4363182775496
0.0012178421020507812,0.0003571655750274658,1.2507362365722656,1000,690.0,6988,6988000,0.0008664405345916748,800.1587228911985
0.001779794692993164,0.00033258748054504393,1.199491024017334,1000,725.0,6997,6997000,0.000839618444442749,834.0675804287919
0.001001596450805664,0.00036389946937561037,1.25445556640625,1000,810.0,7006,7006000,0.0008668992519378663,797.5015710250689
0.0006692409515380859,0.0003285737037658691,1.1669516563415527,1000,0.0,7015,7015000,0.0008151326179504395,857.4061521076271
0.0006022453308105469,0.0003599858283996582,1.2446050643920898,1000,690.0,7023,7023000,0.0008613634109497071,803.9848998273685
0.0011112689971923828,0.0003188328742980957,1.1422905921936035,1000,894.0,7032,7032000,0.0007979564666748047,875.8591944350011
0.001787424087524414,0.00036965274810791014,1.285637378692627,1000,893.0,7041,7041000,0.0008899941444396973,778.218006221582
0.001195669174194336,0.0003454806804656982,1.1924059391021729,1000,941.0,7050,7050000,0.0008213462829589844,839.0228992241301
0.0006043910980224609,0.0003416500091552734,1.2239394187927246,1000,645.0,7059,7059000,0.0008596274852752686,817.3754328472634
0.0013768672943115234,0.0003259086608886719,1.1443462371826172,1000,657.0,7068,7068000,0.0007956061363220215,874.3530641935845
0.0016794204711914062,0.0003295023441314697,1.174485683441162,1000,941.0,7077,7077000,0.0008184638023376465,851.8146866660046
0.0005941390991210938,0.00031784534454345706,1.1782341003417969,1000,1000.0,7086,7086000,0.000837085485458374,849.1489184663546
0.0005822181701660156,0.0003631768226623535,1.2473211288452148,1000,943.0,7095,7095000,0.0008599045276641846,802.0778314794835
0.0008654594421386719,0.0003500378131866455,1.1921167373657227,1000,933.0,7104,7104000,0.0008192000389099121,839.2534027418026
0.0019230842590332031,0.00033622145652770994,1.1938958168029785,1000,943.0,7113,7113000,0.0008320095539093018,837.949278774549
0.0020351409912109375,0.00038477540016174317,1.386315107345581,1000,850.0,7121,7121000,0.0009750480651855469,721.673321099844
0.0006852149963378906,0.00032918763160705566,1.1836483478546143,1000,770.0,7129,7129000,0.000829754114151001,845.2624799179063
0.0009241104125976562,0.0003685595989227295,1.235353946685791,1000,850.0,7138,7138000,0.0008438975811004639,809.8251665147469
0.0015304088592529297,0.000378220796585083,1.4146523475646973,1000,811.0,7147,7147000,0.0010106537342071532,707.3344967361088
0.002178192138671875,0.000343123197555542,1.1941876411437988,1000,731.0,7156,7156000,0.0008247971534729003,837.7931164523931
0.0007004737854003906,0.0003122766017913818,1.120497465133667,1000,893.0,7165,7165000,0.0007850992679595948,892.927183808746
0.0007812976837158203,0.00036181044578552244,1.2776594161987305,1000,893.0,7174,7174000,0.0008886861801147461,783.034657320218
0.0007078647613525391,0.0003498225212097168,1.2069406509399414,1000,0.0,7183,7183000,0.0008294422626495361,828.9557732565125
0.0005965232849121094,0.0003543558120727539,1.230659008026123,1000,893.0,7192,7192000,0.000853273868560791,812.9313781754405
0.0009872913360595703,0.0003908817768096924,1.397822618484497,1000,895.0,7200,7200000,0.0009817903041839599,715.7376119304164
0.0008463859558105469,0.0003653862476348877,1.3087773323059082,1000,894.0,7208,7208000,0.0009198508262634277,764.4171213379574
0.0006268024444580078,0.00034671735763549806,1.206627607345581,1000,850.0,7217,7217000,0.0008379845619201661,829.1160334358221
0.0007011890411376953,0.00035947895050048826,1.222398281097412,1000,763.0,7226,7226000,0.0008401579856872559,818.4541197416573
0.0007042884826660156,0.0003609824180603027,1.2415740489959717,1000,943.0,7235,7235000,0.000856848955154419,806.3463354465227
0.0024471282958984375,0.0003844373226165771,1.3617734909057617,1000,943.0,7243,7243000,0.0009488427639007569,734.6598757299212
0.0008361339569091797,0.0003659188747406006,1.2931723594665527,1000,662.0,7251,7251000,0.000902292251586914,773.6828193068754
0.0007119178771972656,0.00032772541046142576,1.1779851913452148,1000,730.0,7259,7259000,0.0008244085311889649,849.3389244430692
0.0006489753723144531,0.00038011384010314944,1.4128451347351074,1000,700.0,7267,7267000,0.0010083959102630616,708.1004261462916
0.0009517669677734375,0.00032599806785583497,1.162520170211792,1000,769.0,7275,7275000,0.0008136079311370849,860.6987940829913
0.0010721683502197266,0.0003259303569793701,1.1451787948608398,1000,943.0,7284,7284000,0.0007929511070251465,873.7492583877182
0.0011370182037353516,0.0003841731548309326,1.372084140777588,1000,733.0,7292,7292000,0.0009570517539978028,729.1329926323617
0.0019996166229248047,0.000384218692779541,1.390843152999878,1000,805.0,7300,7300000,0.0009806721210479737,719.2886932205695
0.0009050369262695312,0.00037472128868103026,1.3364362716674805,1000,849.0,7308,7308000,0.0009346363544464111,748.5914507557477
0.0017788410186767578,0.000373786449432373,1.3686919212341309,1000,849.0,7316,7316000,0.0009665112495422364,731.037581566918
0.0012140274047851562,0.00036768794059753416,1.2605400085449219,1000,729.0,7324,7324000,0.0008664486408233642,793.7377607847026
0.0016181468963623047,0.0003773648738861084,1.3539249897003174,1000,0.0,7332,7332000,0.0009486598968505859,738.954193093728
0.0014562606811523438,0.0003405792713165283,1.242692232131958,1000,1000.0,7340,7340000,0.0008778011798858642,805.0836754147109
0.0026845932006835938,0.0003836493492126465,1.3956935405731201,1000,893.0,7348,7348000,0.0009821298122406005,716.7813279864023
0.0006518363952636719,0.00037598705291748045,1.4039349555969238,1000,657.0,7356,7356000,0.001002253770828247,712.5927798550317
0.0011718273162841797,0.00037157607078552244,1.2999927997589111,1000,942.0,7364,7364000,0.0009017219543457031,769.5318305127162
0.0013031959533691406,0.0003967580795288086,1.3926305770874023,1000,940.0,7372,7372000,0.0009677062034606933,718.3959931687103
0.0013191699981689453,0.00034738421440124514,1.235072374343872,1000,893.0,7380,7380000,0.0008605661392211914,810.1419171505469
0.001692056655883789,0.0003979318141937256,1.3901009559631348,1000,726.0,7388,7388000,0.0009631953239440918,719.6904285708403
0.0013110637664794922,0.00037681221961975096,1.3297786712646484,1000,699.0,7396,7396000,0.0009273378849029541,752.3617675811905
0.0006833076477050781,0.00038344860076904296,1.3994076251983643,1000,729.0,7404,7404000,0.0009917056560516358,714.8991467000012
0.0006864070892333984,0.00037696003913879395,1.3822007179260254,1000,773.0,7412,7412000,0.00098063063621521,723.7851808046203
0.001390218734741211,0.00034282994270324707,1.2304036617279053,1000,699.0,7420,7420000,0.0008618202209472656,813.1327906249521
0.0006508827209472656,0.00029754638671875,1.1137440204620361,1000,850.0,7428,7428000,0.0007940542697906494,898.3185270014677
0.0012333393096923828,0.00035214543342590335,1.2695438861846924,1000,942.0,7436,7436000,0.0008903272151947021,788.0507547566144
0.0012252330780029297,0.0003296210765838623,1.188028335571289,1000,765.0,7445,7445000,0.0008325815200805664,842.1338373723313
0.0009217262268066406,0.0004311630725860596,1.521904468536377,1000,942.0,7452,7452000,0.001065023899078369,657.318707040934
0.0010788440704345703,0.0004042418003082275,1.4152886867523193,1000,942.0,7459,7459000,0.0009832985401153564,706.8667276970556
0.0012784004211425781,0.00041020727157592776,1.4436509609222412,1000,736.0,7466,7466000,0.0010047717094421387,692.9621854119398
0.0020723342895507812,0.0003956913948059082,1.402820348739624,1000,655.0,7473,7473000,0.0009815115928649902,713.1506049948889
0.0014979839324951172,0.00041218256950378417,1.4375994205474854,1000,850.0,7480,7480000,0.0009981696605682374,695.8721546217395
0.0011157989501953125,0.0003324129581451416,1.1599888801574707,1000,695.0,7488,7488000,0.000802487850189209,862.5030434239012
0.0012707710266113281,0.0003508820533752441,1.207512378692627,1000,770.0,7497,7497000,0.0008334453105926514,828.5455733212649
0.0008287429809570312,0.0003642306327819824,1.2739455699920654,1000,767.0,7506,7506000,0.000884812593460083,785.3338578498953
0.0007348060607910156,0.00034412026405334473,1.2399561405181885,1000,726.0,7514,7514000,0.0008707680702209473,807.0645549046014
0.0009188652038574219,0.00034673213958740233,1.2293200492858887,1000,943.0,7523,7523000,0.0008544642925262451,813.9225389748269
0.0005652904510498047,0.0003308675289154053,1.147423505783081,1000,690.0,7532,7532000,0.0007943341732025147,871.9147389891843
0.00090789794921875,0.00033584046363830565,1.1899125576019287,1000,767.0,7541,7541000,0.0008308985233306885,840.8124939609822
0.0014224052429199219,0.00031317996978759763,1.1173346042633057,1000,806.0,7550,7550000,0.0007788748741149903,895.4542232743154
0.0006968975067138672,0.0003089137077331543,1.101120948791504,1000,996.0,7559,7559000,0.0007704875469207764,908.6269981737792
0.0006384849548339844,0.00034986138343811034,1.2267591953277588,1000,691.0,7568,7568000,0.0008539335727691651,815.5301144848183
0.0006279945373535156,0.0003503110408782959,1.207033634185791,1000,978.0,7577,7577000,0.0008343596458435059,828.8245633622465
0.0006442070007324219,0.00035439133644104003,1.2500903606414795,1000,941.0,7585,7585000,0.0008723597526550293,800.354618793384
0.0008790493011474609,0.00040209865570068357,1.4259498119354248,1000,851.0,7593,7593000,0.0009985954761505126,701.6012209719735
0.0013897418975830078,0.0003656651973724365,1.3104510307312012,1000,732.0,7601,7601000,0.0009192771911621094,763.4606615997474
0.0008187294006347656,0.0003495821952819824,1.2369656562805176,1000,658.0,7609,7609000,0.000861020565032959,808.8185298195023
0.0007770061492919922,0.00036411380767822264,1.3130359649658203,1000,894.0,7617,7617000,0.0009249145984649658,761.9318896067234
0.0022025108337402344,0.0003435764312744141,1.2235302925109863,1000,893.0,7626,7626000,0.0008526668548583984,817.7733688027059
0.0008652210235595703,0.0003769850730895996,1.4080126285552979,1000,943.0,7634,7634000,0.0010062944889068603,710.6179878363353
0.0015003681182861328,0.0003881340026855469,1.386376142501831,1000,689.0,7642,7642000,0.0009729568958282471,721.6435212068501
0.0005512237548828125,0.00036396169662475587,1.2400503158569336,1000,1000.0,7651,7651000,0.0008520855903625488,806.8395956014463
0.001672983169555664,0.0003729245662689209,1.3385872840881348,1000,943.0,7660,7660000,0.0009369244575500489,747.4136887965748
0.0016131401062011719,0.000369013786315918,1.3685102462768555,1000,850.0,7668,7668000,0.0009710574150085449,731.0608991989939
0.0007359981536865234,0.0003212792873382568,1.1696016788482666,1000,808.0,7676,7676000,0.0008256802558898926,855.4324076882177
0.0015711784362792969,0.00034349131584167483,1.207329511642456,1000,944.0,7684,7684000,0.0008390359878540039,828.7222124528519
0.0009946823120117188,0.00033387064933776856,1.1847753524780273,1000,730.0,7693,7693000,0.0008272008895874024,844.5061547432275
0.0007665157318115234,0.00037803435325622556,1.3345375061035156,1000,893.0,7702,7702000,0.0009306888580322266,749.8183690397872
0.0015437602996826172,0.0003568863868713379,1.2485756874084473,1000,990.0,7710,7710000,0.0008679246902465821,801.3108908674183
0.0016751289367675781,0.00034470057487487793,1.2183609008789062,1000,943.0,7719,7719000,0.0008491158485412597,821.3264655522188
0.0006325244903564453,0.0003494417667388916,1.198227882385254,1000,895.0,7728,7728000,0.0008262202739715576,834.9690094469677
0.0012619495391845703,0.00046222376823425296,1.5872862339019775,1000,894.0,7736,7736000,0.0010941445827484131,630.2834822847427
0.0022668838500976562,0.00033757758140563965,1.2069401741027832,1000,936.0,7743,7743000,0.0008425602912902832,828.931854249796
0.0015778541564941406,0.0003524162769317627,1.2438364028930664,1000,936.0,7752,7752000,0.0008635647296905517,804.3128293172064
0.0006465911865234375,0.000298154354095459,1.0773277282714844,1000,1000.0,7761,7761000,0.0007572202682495118,928.7227091229432
0.0008928775787353516,0.0003724560737609863,1.2667605876922607,1000,895.0,7770,7770000,0.0008693673610687256,789.7947981640579
0.0014166831970214844,0.00036245465278625486,1.2591047286987305,1000,848.0,7779,7779000,0.0008722689151763916,794.699959036319
0.0007810592651367188,0.0003675117492675781,1.273331880569458,1000,942.0,7788,7788000,0.0008810267448425293,785.7215113233858
0.0007131099700927734,0.00033588886260986327,1.1784403324127197,1000,811.0,7797,7797000,0.0008199400901794434,849.0179412382092
0.001051187515258789,0.0003361408710479736,1.1748301982879639,1000,936.0,7806,7806000,0.0008118836879730224,851.6080093268074
0.0014259815216064453,0.0003553040027618408,1.241166114807129,1000,943.0,7815,7815000,0.0008582596778869629,806.0952837810931
0.0035164356231689453,0.0003539285659790039,1.236499309539795,1000,696.0,7824,7824000,0.0008550007343292236,809.109831495896
0.0012159347534179688,0.00037050938606262207,1.2537777423858643,1000,770.0,7833,7833000,0.0008593413829803467,797.9936309731506
0.0015773773193359375,0.0003565201759338379,1.2509253025054932,1000,735.0,7842,7842000,0.0008693239688873291,799.7591362617193
0.0005853176116943359,0.00036426615715026857,1.2577502727508545,1000,850.0,7851,7851000,0.0008667252063751221,795.4799379669241
0.0008563995361328125,0.00037282133102416995,1.3400700092315674,1000,699.0,7859,7859000,0.00094100022315979,746.5693052318006
0.0015704631805419922,0.0003772175312042236,1.3889505863189697,1000,942.0,7867,7867000,0.0009836604595184326,720.2768657622472
0.0006299018859863281,0.0003731253147125244,1.338125228881836,1000,940.0,7875,7875000,0.0009414181709289551,747.6388428159593
0.0012965202331542969,0.00039367866516113283,1.4156630039215088,1000,692.0,7883,7883000,0.0009937372207641602,706.6918905148401
0.0008649826049804688,0.00037674427032470705,1.3514645099639893,1000,894.0,7891,7891000,0.0009482457637786866,740.2701419542492
0.002206563949584961,0.0003974862098693848,1.4244050979614258,1000,942.0,7899,7899000,0.0010007095336914062,702.3278454481688
0.0007867813110351562,0.0004067566394805908,1.4285359382629395,1000,987.0,7907,7907000,0.0009963538646698,700.4404572739744
0.0006651878356933594,0.00033704090118408204,1.2310810089111328,1000,702.0,7915,7915000,0.0008710956573486328,812.7294355505184
0.001238107681274414,0.0003551015853881836,1.2762815952301025,1000,694.0,7924,7924000,0.0008918352127075196,785.0647116715351
0.0019369125366210938,0.00037000083923339843,1.3067705631256104,1000,894.0,7932,7932000,0.0009088807106018066,765.607476635514
0.0017457008361816406,0.0003465900421142578,1.217468500137329,1000,943.0,7941,7941000,0.0008437986373901368,821.7665760385611
0.0016303062438964844,0.0003520979881286621,1.2610361576080322,1000,943.0,7950,7950000,0.000884638786315918,793.4027873015573
0.0011539459228515625,0.000369755744934082,1.276623249053955,1000,771.0,7959,7959000,0.0008805611133575439,783.6915774956684
0.0016314983367919922,0.0003435807228088379,1.2453804016113281,1000,848.0,7968,7968000,0.0008754305839538574,803.3720024654875
0.0017268657684326172,0.0003550045490264893,1.2659587860107422,1000,850.0,7976,7976000,0.0008861644268035888,790.356912427113
0.0020194053649902344,0.0003511669635772705,1.2261083126068115,1000,769.0,7984,7984000,0.0008480780124664307,816.0056248556675
